projectID,projectAcronym,organisationID,name,shortName,SME,activityType,city,country,nutsCode,geolocation,organizationURL,contentUpdateDate,rcn,order,role,ecContribution,netEcContribution,totalCost,endOfParticipation,active,match_status,ror_id,ror_name,candidate_ror_id,candidate_ror_name,score,name_score,margin,best_name,best_name_kind,country_match,city_match,exact_match,candidate_count,openalex_status,openalex_id,openalex_name,openalex_type,openalex_country_code,openalex_works_count_total,openalex_cited_by_count_total,openalex_from_year,openalex_to_year,openalex_works_count_period,openalex_cited_by_count_period,openalex_counts_by_year
101069529,SSH CENTRE,869529147,ELTE KOZGAZDASAG- ES REGIONALIS TUDOMANYI KUTATOKOZPONT,ELTE KRTK,false,REC,Budapest,HU,HU110,"47.4736696,19.0744233",,2026-04-15 15:27:43,1994266,11,participant,72631,72631,"72631,25",false,,matched,https://ror.org/051ea1411,ELTE Centre for Economic and Regional Studies,https://ror.org/051ea1411,ELTE Centre for Economic and Regional Studies,1.0,1.0,0.219118,ELTE Közgazdaság- és Regionális Tudományi Kutatóközpont,label,True,True,True,5,joined,https://openalex.org/I4210155320,ELTE Centre for Economic and Regional Studies,facility,HU,2134,25362,2021,2026,1139,6078,"[{""cited_by_count"": 1918, ""works_count"": 170, ""year"": 2021}, {""cited_by_count"": 1712, ""works_count"": 219, ""year"": 2022}, {""cited_by_count"": 1284, ""works_count"": 201, ""year"": 2023}, {""cited_by_count"": 761, ""works_count"": 221, ""year"": 2024}, {""cited_by_count"": 365, ""works_count"": 217, ""year"": 2025}, {""cited_by_count"": 38, ""works_count"": 111, ""year"": 2026}]"
101069644,LiCORNE,889616392,SQM SA,,false,PRC,Santiago,CL,CL,"-33.413794949999996,-70.5865420199983",,2025-10-20 17:38:03,1974462,14,associatedPartner,,0,0,false,,abstained,,,https://ror.org/03ted7148,Korean Society for Quality Management,0.807143,0.857143,0.0,KSQM,acronym,False,False,False,2,not_matched,,,,,,,2021,2026,,,[]
101046041,CoVICIS,997899432,WITS HEALTH CONSORTIUM (PTY) LTD,WHC,false,PRC,Johannesburg,ZA,ZA,"-26.205,28.049722",https://www.witshealth.co.za,2026-06-03 12:17:44,1935497,4,participant,250000,250000,250000,false,,matched,https://ror.org/02a496f07,Witshealth Consortium (Pty) Ltd. (South Africa),https://ror.org/02a496f07,Witshealth Consortium (Pty) Ltd. (South Africa),1.0,1.0,0.545698,Wits Health Consortium,alias,True,True,True,5,joined,https://openalex.org/I4405267342,Witshealth Consortium (Pty) Ltd. (South Africa),company,ZA,0,0,2021,2026,0,0,[]
101045989,VERDI,999554640,LES CENTRES GHESKIO,GHESKIO,false,REC,Port-Au-Prince,HT,HT,"18.547327,-72.3395928",,2026-06-03 12:18:09,2072096,12,participant,190000,190000,190000,false,,abstained,,,https://ror.org/04hbame29,Gheskio Centers,0.61902,0.54902,0.239868,Gheskio Centers,ror_display,True,True,False,5,not_matched,,,,,,,2021,2026,,,[]
101056921,GreenFeedBack,998711419,THE UNIVERSITY OF MANITOBA,,false,HES,Manitoba,CA,CA,"55.001251,-97.001038",http://www.umanitoba.ca,2026-06-03 12:14:14,1906305,14,associatedPartner,,0,0,false,,matched,https://ror.org/02gfys938,University of Manitoba,https://ror.org/02gfys938,University of Manitoba,1.0,1.0,0.64459,University of Manitoba,ror_display,True,False,False,5,joined,https://openalex.org/I46247651,University of Manitoba,education,CA,116913,7569587,2021,2026,31153,276847,"[{""cited_by_count"": 103134, ""works_count"": 5682, ""year"": 2021}, {""cited_by_count"": 76562, ""works_count"": 5439, ""year"": 2022}, {""cited_by_count"": 53069, ""works_count"": 5816, ""year"": 2023}, {""cited_by_count"": 30981, ""works_count"": 5954, ""year"": 2024}, {""cited_by_count"": 12442, ""works_count"": 5222, ""year"": 2025}, {""cited_by_count"": 659, ""works_count"": 3040, ""year"": 2026}]"
101056921,GreenFeedBack,998297908,GRONLANDS NATURINSTITUT,,false,REC,Nuuk,GL,GL,"64.1905067,-51.6952546940986",,2026-06-03 12:14:14,1916692,13,participant,225125,225125,225125,false,,abstained,,,https://ror.org/0342y5q78,Grønlands Naturinstitut,0.445236,0.375236,0.445236,Grønlands Naturinstitut,ror_display,True,True,False,5,not_matched,,,,,,,2021,2026,,,[]
101057129,REACT,997899432,WITS HEALTH CONSORTIUM (PTY) LTD,WHC,false,PRC,Johannesburg,ZA,ZA,"-26.205,28.049722",https://www.witshealth.co.za,2026-06-03 12:09:28,1935497,10,participant,647625,647625,647625,false,,matched,https://ror.org/02a496f07,Witshealth Consortium (Pty) Ltd. (South Africa),https://ror.org/02a496f07,Witshealth Consortium (Pty) Ltd. (South Africa),1.0,1.0,0.545698,Wits Health Consortium,alias,True,True,True,5,joined,https://openalex.org/I4405267342,Witshealth Consortium (Pty) Ltd. (South Africa),company,ZA,0,0,2021,2026,0,0,[]
101057525,eCAP,889391546,OPERATING THEATRE PRACTITIONERS ASSOCIATION OF KENYA,,false,OTH,Nairobi,KE,KE,"-1.3031689499999999,36.826061224105075",,2026-05-08 10:00:03,1974802,6,participant,417500,417500,417500,false,,abstained,,,https://ror.org/02q2zgz40,Kenya Cultural Centre,0.366752,0.296752,0.0,Kenya National Theatre,alias,True,True,False,5,not_matched,,,,,,,2021,2026,,,[]
101057699,RadioVal,999633113,EIBIR GEMEINNUTZIGE GMBH ZUR FORDERUNG DER ERFORSCHUNG DER BIOMEDIZINISCHEN BILDGEBUNG,,false,REC,Wien,AT,AT130,"48.2132767,16.3693347",https://www.eibir.org,2026-06-03 16:43:52,1909591,16,participant,271875,271875,271875,false,,abstained,,,https://ror.org/05aeq8963,Winicker Norimed GmbH (Germany),0.256438,0.306438,0.044775,Winicker-Norimed GmbH Medizinische Forschung,alias,False,False,False,5,not_matched,,,,,,,2021,2026,,,[]
101059986,Net4SocietyHE,999536016,INDEPENDENT EXPERTS CONSULTING BOARD TO PROMOTE SCIENTIFIC RESEARCH ACTIVITY IN KAZAKHSTAN,InExCB-Kz,false,REC,ALMATY,KZ,KZ,"43.2363924,76.9457275",http://www.nip-kz.org,2026-06-15 15:11:04,1966909,18,participant,36062.5,36062.5,"36062,5",false,,matched,https://ror.org/04q4xms21,Independent Expert Consulting Board to Promote Scientific Research Activity in Kazakhstan,https://ror.org/04q4xms21,Independent Expert Consulting Board to Promote Scientific Research Activity in Kazakhstan,1.0,0.994413,0.792128,Independent Expert Consulting Board to Promote Scientific Research Activity in Kazakhstan,ror_display,True,True,False,5,joined,https://openalex.org/I4210151124,Independent Expert Consulting Board to Promote Scientific Research Activity in Kazakhstan,other,KZ,291,680,2021,2026,111,177,"[{""cited_by_count"": 32, ""works_count"": 16, ""year"": 2021}, {""cited_by_count"": 9, ""works_count"": 6, ""year"": 2022}, {""cited_by_count"": 29, ""works_count"": 5, ""year"": 2023}, {""cited_by_count"": 22, ""works_count"": 19, ""year"": 2024}, {""cited_by_count"": 83, ""works_count"": 40, ""year"": 2025}, {""cited_by_count"": 2, ""works_count"": 25, ""year"": 2026}]"
101059986,Net4SocietyHE,892673638,PRESIDENCIA DE LA REPUBLICA,,false,PUB,MONTEVIDEO,UY,UY,"-34.9071401,-56.2004326",,2026-06-15 15:11:04,1974858,21,associatedPartner,,0,0,false,,abstained,,,https://ror.org/02kwxh770,Presidência da República Portuguesa,0.709235,0.759235,0.0,Presidência da República Portuguesa,ror_display,False,False,False,5,not_matched,,,,,,,2021,2026,,,[]
101060393,BOLERO,922563412,FUNDACION NICAFRANCE,,false,REC,MANAGUA,NI,NI,"12.33160145,-86.40347843389236",,2026-06-03 12:20:32,3005980,8,participant,730176.25,730176.25,"730176,25",false,,abstained,,,https://ror.org/00c5kmy11,Fundación IE,0.378571,0.428571,0.0,Fundación IE,ror_display,False,False,False,5,not_matched,,,,,,,2021,2026,,,[]
101057665,PvSTATEM,986872084,Institut Pasteur de Madagascar,IPM,false,REC,Antananarivo,MG,MG,"-18.7920779,47.7823214",,2026-06-29 17:04:40,1947090,3,participant,2050509.91,2050509.91,"2050509,91",false,,matched,https://ror.org/03fkjvy27,Institut Pasteur de Madagascar,https://ror.org/03fkjvy27,Institut Pasteur de Madagascar,1.0,1.0,0.383333,Institut Pasteur de Madagascar,ror_display,True,True,True,5,joined,https://openalex.org/I4210133373,Institut Pasteur de Madagascar,nonprofit,MG,2497,141091,2021,2026,987,5925,"[{""cited_by_count"": 2160, ""works_count"": 125, ""year"": 2021}, {""cited_by_count"": 1888, ""works_count"": 166, ""year"": 2022}, {""cited_by_count"": 954, ""works_count"": 197, ""year"": 2023}, {""cited_by_count"": 606, ""works_count"": 197, ""year"": 2024}, {""cited_by_count"": 306, ""works_count"": 199, ""year"": 2025}, {""cited_by_count"": 11, ""works_count"": 103, ""year"": 2026}]"
101059483,BCOMING,974456472,INSTITUT PASTEUR DU CAMBODGE,IPC,false,REC,Phnom Penh,KH,KH,"11.5817572,104.9169853",http://www.pasteur-kh.org,2026-05-06 07:31:29,2013176,4,participant,545750,545750,545750,false,,matched,https://ror.org/03ht2dx40,Institut Pasteur du Cambodge,https://ror.org/03ht2dx40,Institut Pasteur du Cambodge,1.0,1.0,0.383333,Institut Pasteur du Cambodge,ror_display,True,True,True,5,joined,https://openalex.org/I4210135788,Institut Pasteur du Cambodge,facility,KH,1849,192928,2021,2026,906,4909,"[{""cited_by_count"": 2042, ""works_count"": 116, ""year"": 2021}, {""cited_by_count"": 1408, ""works_count"": 129, ""year"": 2022}, {""cited_by_count"": 715, ""works_count"": 108, ""year"": 2023}, {""cited_by_count"": 477, ""works_count"": 168, ""year"": 2024}, {""cited_by_count"": 258, ""works_count"": 310, ""year"": 2025}, {""cited_by_count"": 9, ""works_count"": 75, ""year"": 2026}]"
101059786,VALUABLE,890066569,GLOBAL SUSTAINABLE TRANSFORMATION GST GmbH,GST,true,PRC,Dachau,DE;HU,DE217;HU312,"48.266346850000005,11.458483149999996",,2026-06-19 15:46:04,1975080,2,participant,1112859,1112859,"1589798,75",false,,abstained,,,https://ror.org/02fkxw270,African Centre for Global Health and Social Transformation,0.241034,0.291034,0.0,African Centre for Global Health and Social Transformation,ror_display,False,False,False,5,not_matched,,,,,,,2021,2026,,,[]
101060703,BBC,906225605,ISLENSKI SJAVARKLASINN EHF,Iceland Ocean Cluster,true,PRC,Reykjavik,IS,IS001,"64.15451885,-21.94412785",,2026-03-10 10:12:39,1970713,7,participant,222500,222500,222500,false,,abstained,,,https://ror.org/01e5mc968,Tæknisetur IceTec,0.293606,0.223606,0.010273,Taeknisetur ehf.,alias,True,True,False,5,not_matched,,,,,,,2021,2026,,,[]
101062359,PPLMEC,998808710,NATIONAL TAIWAN UNIVERSITY,NTU,false,HES,Taipei,TW,TW,"25.0182673,121.535927",http://www.ntu.edu.tw,2022-08-03 19:19:08,1912550,3,associatedPartner,,0,0,false,,matched,https://ror.org/05bqach95,National Taiwan University,https://ror.org/05bqach95,National Taiwan University,1.0,1.0,0.025786,National Taiwan University,ror_display,True,True,True,5,joined,https://openalex.org/I16733864,National Taiwan University,education,TW,171713,12779358,2021,2026,46501,409813,"[{""cited_by_count"": 158658, ""works_count"": 7882, ""year"": 2021}, {""cited_by_count"": 109893, ""works_count"": 8146, ""year"": 2022}, {""cited_by_count"": 75395, ""works_count"": 8319, ""year"": 2023}, {""cited_by_count"": 44031, ""works_count"": 8684, ""year"": 2024}, {""cited_by_count"": 20843, ""works_count"": 8831, ""year"": 2025}, {""cited_by_count"": 993, ""works_count"": 4639, ""year"": 2026}]"
101060534,TRUSTyFOOD,998147558,NORTH-SOUTH CONSULTANTS EXCHANGE LLC,North South Consultants Exchange,false,PRC,CAIRO,EG,EG,"30.048819,31.243666",http://www.nsce-inter.com/,2026-05-11 08:16:30,1933857,9,participant,182500,182500,182500,false,,matched,https://ror.org/020az2v11,North South Consultants Exchange (Egypt),https://ror.org/020az2v11,North South Consultants Exchange (Egypt),1.0,1.0,0.67906,North South Consultants Exchange (Egypt),ror_display,True,True,True,5,joined,https://openalex.org/I4210110058,North South Consultants Exchange (Egypt),company,EG,2,0,2021,2026,2,0,"[{""cited_by_count"": 0, ""works_count"": 2, ""year"": 2025}]"
101066209,POSTURE,890009339,PONTIFICIO ISTITUTO BIBLICO,,false,HES,ROMA,VA,VA,"41.8990116997941,12.483457194016673",,2025-12-15 21:41:39,1975857,2,associatedPartner,,0,0,false,,abstained,,,https://ror.org/00j0emq76,Pontifical Biblical Institute,0.95,1.0,0.522138,Pontificio Istituto Biblico,label,False,False,True,5,not_matched,,,,,,,2021,2026,,,[]
101071300,Sustainable Horizons,923324474,ROYAL THIMPHU COLLEGE,ROYAL THIMPHU COLLEGE,false,HES,Thimphu,BT,BT,"27.6,89.666667",,2025-01-03 10:47:16,1984015,20,associatedPartner,,0,0,false,,abstained,,,https://ror.org/05rykfp30,Royal College of Physicians and Surgeons of Canada,0.616667,0.666667,0.172079,Royal College,alias,False,False,False,5,not_matched,,,,,,,2021,2026,,,[]
101071300,Sustainable Horizons,887482392,UNIVERSIDADE DO NAMIBE,,false,HES,Mocamedes,AO,AO,"-15.195064,12.1458085",,2025-01-03 10:47:16,1984017,22,associatedPartner,,0,0,false,,abstained,,,https://ror.org/02jjdwm75,IE University,0.346964,0.396964,0.01678,IE Universidad,label,False,False,False,5,not_matched,,,,,,,2021,2026,,,[]
101071300,Sustainable Horizons,932844539,UNIVERSITE DE GHARDAIA,,false,HES,Ghardaia,DZ,DZ,"28.0000272,2.9999825",,2025-01-03 10:47:16,1984012,17,associatedPartner,,0,0,false,,matched,https://ror.org/02ck5yd04,University of Ghardaia,https://ror.org/02ck5yd04,University of Ghardaia,0.933636,0.863636,0.599803,University of Ghardaia,ror_display,True,True,False,5,joined,https://openalex.org/I4210115782,University of Ghardaia,education,DZ,1746,10516,2021,2026,1269,4162,"[{""cited_by_count"": 1005, ""works_count"": 170, ""year"": 2021}, {""cited_by_count"": 993, ""works_count"": 157, ""year"": 2022}, {""cited_by_count"": 944, ""works_count"": 142, ""year"": 2023}, {""cited_by_count"": 902, ""works_count"": 366, ""year"": 2024}, {""cited_by_count"": 305, ""works_count"": 320, ""year"": 2025}, {""cited_by_count"": 13, ""works_count"": 114, ""year"": 2026}]"
101071300,Sustainable Horizons,909454541,UNIVERSIDAD NACIONAL DE GUINEA ECUATORIAL,UNGE,false,HES,MALABO,GQ,GQ,"3.7397935,8.7201414",,2025-01-03 10:47:16,1984016,21,associatedPartner,,0,0,false,,matched,https://ror.org/045m93336,National University of Equatorial Guinea,https://ror.org/045m93336,National University of Equatorial Guinea,1.0,1.0,0.55,Universidad Nacional de Guinea Ecuatorial,label,True,True,True,5,joined,https://openalex.org/I4210152282,National University of Equatorial Guinea,education,GQ,513,15156,2021,2026,183,1613,"[{""cited_by_count"": 297, ""works_count"": 51, ""year"": 2021}, {""cited_by_count"": 332, ""works_count"": 32, ""year"": 2022}, {""cited_by_count"": 837, ""works_count"": 26, ""year"": 2023}, {""cited_by_count"": 92, ""works_count"": 30, ""year"": 2024}, {""cited_by_count"": 53, ""works_count"": 26, ""year"": 2025}, {""cited_by_count"": 2, ""works_count"": 18, ""year"": 2026}]"
101071300,Sustainable Horizons,969073360,UNIVERSIDAD ANDRES BELLO,UNAB,false,HES,Santiago,CL,CL,"-33.4377968,-70.6504451",,2025-01-03 10:47:16,1947408,10,associatedPartner,,0,0,false,,matched,https://ror.org/01qq57711,Universidad Andrés Bello,https://ror.org/01qq57711,Universidad Andrés Bello,1.0,1.0,0.05,Universidad Andrés Bello,ror_display,True,True,True,5,joined,https://openalex.org/I13897259,Universidad Andrés Bello,education,CL,17460,552327,2021,2026,9053,71509,"[{""cited_by_count"": 26952, ""works_count"": 1654, ""year"": 2021}, {""cited_by_count"": 18457, ""works_count"": 1494, ""year"": 2022}, {""cited_by_count"": 15511, ""works_count"": 1775, ""year"": 2023}, {""cited_by_count"": 7829, ""works_count"": 1832, ""year"": 2024}, {""cited_by_count"": 2631, ""works_count"": 1604, ""year"": 2025}, {""cited_by_count"": 129, ""works_count"": 694, ""year"": 2026}]"
101071507,Avodes-Biotech,891900548,UAB AVODES,,true,PRC,Kaunas,LT,LT022,"54.89867524750409,23.908336064104496",,2022-09-04 03:39:17,1975322,1,coordinator,75000,75000,0,false,,abstained,,,https://ror.org/008s83205,University of Alabama at Birmingham,0.45,0.5,0.0,UAB,acronym,False,False,False,5,not_matched,,,,,,,2021,2026,,,[]
101065205,HI-LANDeS,878399215,CENTRO DE APOYO A LA GESTI0N SUSTENTABLE DEL AGUA Y MEDIO AMBIENTE,AGUA SUSTENTABLE,false,REC,LA PAZ,BO,BO,"-15.0,-68.333333",,2026-06-03 12:31:19,1987739,3,associatedPartner,,0,0,false,,abstained,,,https://ror.org/03xw95w54,Centro Tecnológico del Agua,0.239914,0.289914,0.061837,Centro Tecnológico del Agua,ror_display,False,False,False,5,not_matched,,,,,,,2021,2026,,,[]
101057882,ADVANCE-VAC4PM,919115256,COUNCIL OF MALAWI UNIVERSITY OF SCIENCE AND TECHNOLOGY,MALAWI UNIVERSITY OF SCIENCE AND TECHNOLOGY,false,HES,Blantyre,MW,MW,"-15.80529335,35.03830456112543",,2026-06-03 12:30:02,1975724,7,participant,395203.11,395203.11,"395203,11",false,,matched,https://ror.org/027vmhf17,Malawi University of Science and Technology,https://ror.org/027vmhf17,Malawi University of Science and Technology,0.87,0.8,0.32,Malawi University of Science and Technology,ror_display,True,True,False,5,joined,https://openalex.org/I2800088668,Malawi University of Science and Technology,education,MW,1650,18200,2021,2026,1066,4908,"[{""cited_by_count"": 1968, ""works_count"": 167, ""year"": 2021}, {""cited_by_count"": 689, ""works_count"": 124, ""year"": 2022}, {""cited_by_count"": 1181, ""works_count"": 128, ""year"": 2023}, {""cited_by_count"": 723, ""works_count"": 177, ""year"": 2024}, {""cited_by_count"": 318, ""works_count"": 226, ""year"": 2025}, {""cited_by_count"": 29, ""works_count"": 244, ""year"": 2026}]"
101062810,MedCorP,962018453,Centre Scientifique de Monaco,CSM,false,REC,Monaco,MC,MC,"43.7356772,7.4154553",,2022-08-23 21:35:13,1976010,2,associatedPartner,,0,0,false,,matched,https://ror.org/04kptf457,Scientific Centre of Monaco,https://ror.org/04kptf457,Scientific Centre of Monaco,1.0,1.0,0.550932,Centre Scientifique de Monaco,label,True,True,True,5,joined,https://openalex.org/I4210144557,Scientific Centre of Monaco,facility,MC,2318,249529,2021,2026,1018,17705,"[{""cited_by_count"": 9655, ""works_count"": 212, ""year"": 2021}, {""cited_by_count"": 2843, ""works_count"": 156, ""year"": 2022}, {""cited_by_count"": 2739, ""works_count"": 153, ""year"": 2023}, {""cited_by_count"": 1853, ""works_count"": 219, ""year"": 2024}, {""cited_by_count"": 574, ""works_count"": 176, ""year"": 2025}, {""cited_by_count"": 41, ""works_count"": 102, ""year"": 2026}]"
101059523,REACT,889862966,MINISTRY OF AGRO INDUSTRY AND FOOD SECUTITY,,false,REC,Port Louis,MU,MU,"-20.1690044,57.515770381231235",,2026-06-03 16:44:17,1976161,2,participant,146625,146625,146625,false,,matched,https://ror.org/02exbb429,Ministry of Agro Industry and Food Security,https://ror.org/02exbb429,Ministry of Agro Industry and Food Security,1.0,0.976744,0.639952,Ministry of Agro Industry and Food Security,ror_display,True,True,False,5,joined,https://openalex.org/I4210119784,Ministry of Agro Industry and Food Security,government,MU,133,3185,2021,2026,66,437,"[{""cited_by_count"": 60, ""works_count"": 6, ""year"": 2021}, {""cited_by_count"": 79, ""works_count"": 29, ""year"": 2022}, {""cited_by_count"": 171, ""works_count"": 10, ""year"": 2023}, {""cited_by_count"": 110, ""works_count"": 11, ""year"": 2024}, {""cited_by_count"": 17, ""works_count"": 3, ""year"": 2025}, {""cited_by_count"": 0, ""works_count"": 7, ""year"": 2026}]"
101060806,R3PACK,889521526,ARWIN,ARWIN,true,PRC,Paris,FR,FR101,"48.8749524,2.3473852",,2026-05-25 13:36:54,1976156,1,coordinator,864591.88,864591.88,"1235131,25",false,,abstained,,,https://ror.org/00fzhcx31,The Darwin Trust of Edinburgh,0.656126,0.706126,0.0,Darwin Trust,alias,False,False,False,5,not_matched,,,,,,,2021,2026,,,[]
101061051,RUSTIK,900981203,MULTICRITERI-MCRIT AIE,,true,PRC,Barcelona,ES,ES511,"41.370449300000004,2.1500219563810696",,2022-08-24 15:22:14,1968677,5,participant,580132.21,451882.7,"580132,21",false,,abstained,,,https://ror.org/05b6m5m63,Mcrit (Spain),0.403333,0.333333,0.05,Mcrit (Spain),ror_display,True,True,False,5,not_matched,,,,,,,2021,2026,,,[]
101058032,Plastics2Olefins,892302710,SCG CHEMICALS COMPANY LIMITED,,false,PRC,Bangkok,TH,TH,"13.8003912,100.6542417",,2026-06-03 12:30:08,1972527,11,participant,67500,67500,112500,false,,abstained,,,https://ror.org/02x5pe091,SCG Chemicals (Thailand),0.57,0.5,0.212957,SCG Chemicals (Thailand),ror_display,True,True,False,5,not_matched,,,,,,,2021,2026,,,[]
101061123,RETHINK-GSC,869529147,ELTE KOZGAZDASAG- ES REGIONALIS TUDOMANYI KUTATOKOZPONT,ELTE KRTK,false,REC,Budapest,HU,HU110,"47.4736696,19.0744233",,2026-03-10 16:03:30,1994266,3,participant,424400,424400,424400,false,,matched,https://ror.org/051ea1411,ELTE Centre for Economic and Regional Studies,https://ror.org/051ea1411,ELTE Centre for Economic and Regional Studies,1.0,1.0,0.219118,ELTE Közgazdaság- és Regionális Tudományi Kutatóközpont,label,True,True,True,5,joined,https://openalex.org/I4210155320,ELTE Centre for Economic and Regional Studies,facility,HU,2134,25362,2021,2026,1139,6078,"[{""cited_by_count"": 1918, ""works_count"": 170, ""year"": 2021}, {""cited_by_count"": 1712, ""works_count"": 219, ""year"": 2022}, {""cited_by_count"": 1284, ""works_count"": 201, ""year"": 2023}, {""cited_by_count"": 761, ""works_count"": 221, ""year"": 2024}, {""cited_by_count"": 365, ""works_count"": 217, ""year"": 2025}, {""cited_by_count"": 38, ""works_count"": 111, ""year"": 2026}]"
101061123,RETHINK-GSC,999588784,POLITECHNIKA GDANSKA,GDANSK UNIVERSITY OF TECHNOLOGY,false,HES,GDANSK,PL,PL633,"54.3482259,18.6542888",http://www.pg.gda.pl,2026-03-10 16:03:30,1909285,7,participant,95312.5,95312.5,"95312,5",false,,matched,https://ror.org/006x4sc24,Gdańsk University of Technology,https://ror.org/006x4sc24,Gdańsk University of Technology,1.0,1.0,0.638002,Politechnika Gdańska,label,True,True,True,5,joined,https://openalex.org/I169333911,Gdańsk University of Technology,education,PL,31846,1041108,2021,2026,10472,117826,"[{""cited_by_count"": 35013, ""works_count"": 1754, ""year"": 2021}, {""cited_by_count"": 30890, ""works_count"": 1854, ""year"": 2022}, {""cited_by_count"": 29050, ""works_count"": 1977, ""year"": 2023}, {""cited_by_count"": 17617, ""works_count"": 1991, ""year"": 2024}, {""cited_by_count"": 5045, ""works_count"": 1909, ""year"": 2025}, {""cited_by_count"": 211, ""works_count"": 987, ""year"": 2026}]"
101071040,HyperProbe,999633113,EIBIR GEMEINNUTZIGE GMBH ZUR FORDERUNG DER ERFORSCHUNG DER BIOMEDIZINISCHEN BILDGEBUNG,,false,REC,Wien,AT,AT130,"48.2132767,16.3693347",https://www.eibir.org,2022-08-26 15:35:07,1909591,6,participant,321250,321250,321250,false,,abstained,,,https://ror.org/05aeq8963,Winicker Norimed GmbH (Germany),0.256438,0.306438,0.044775,Winicker-Norimed GmbH Medizinische Forschung,alias,False,False,False,5,not_matched,,,,,,,2021,2026,,,[]
101079398,NEPTUN,999588784,POLITECHNIKA GDANSKA,GDANSK UNIVERSITY OF TECHNOLOGY,false,HES,GDANSK,PL,PL633,"54.3482259,18.6542888",http://www.pg.gda.pl,2022-08-26 15:47:54,1909285,1,coordinator,831208,831208,831208,false,,matched,https://ror.org/006x4sc24,Gdańsk University of Technology,https://ror.org/006x4sc24,Gdańsk University of Technology,1.0,1.0,0.638002,Politechnika Gdańska,label,True,True,True,5,joined,https://openalex.org/I169333911,Gdańsk University of Technology,education,PL,31846,1041108,2021,2026,10472,117826,"[{""cited_by_count"": 35013, ""works_count"": 1754, ""year"": 2021}, {""cited_by_count"": 30890, ""works_count"": 1854, ""year"": 2022}, {""cited_by_count"": 29050, ""works_count"": 1977, ""year"": 2023}, {""cited_by_count"": 17617, ""works_count"": 1991, ""year"": 2024}, {""cited_by_count"": 5045, ""works_count"": 1909, ""year"": 2025}, {""cited_by_count"": 211, ""works_count"": 987, ""year"": 2026}]"
101057843,HIGH Horizons,997899432,WITS HEALTH CONSORTIUM (PTY) LTD,WHC,false,PRC,Johannesburg,ZA,ZA,"-26.205,28.049722",https://www.witshealth.co.za,2026-06-03 12:23:04,1935497,2,participant,2500000,2500000,2500000,false,,matched,https://ror.org/02a496f07,Witshealth Consortium (Pty) Ltd. (South Africa),https://ror.org/02a496f07,Witshealth Consortium (Pty) Ltd. (South Africa),1.0,1.0,0.545698,Wits Health Consortium,alias,True,True,True,5,joined,https://openalex.org/I4405267342,Witshealth Consortium (Pty) Ltd. (South Africa),company,ZA,0,0,2021,2026,0,0,[]
101069500,AfroSAFE,999513027,TRANSPORTOKONOMISK INSTITUTT,TOI,false,REC,Oslo,NO,NO081,"59.942353499999996,10.716316407483461",http://www.toi.no,2025-09-01 22:57:02,1913433,2,participant,576221.25,576221.25,"576221,25",false,,abstained,,,https://ror.org/04p2pa451,Institute of Transport Economics,0.398234,0.328234,0.042824,Transportøkonomisk institutt,alias,True,True,False,5,not_matched,,,,,,,2021,2026,,,[]
101077026,SafeNav,929987501,LADAR LIMITED,,true,PRC,The Valley,AI,AI,"18.2145861,-63.0517758",,2025-12-17 10:00:59,2594021,11,associatedPartner,,0,0,false,,abstained,,,https://ror.org/040y1mk88,EnteroBiotix Limited (United Kingdom),0.28541,0.33541,0.0085,EnteroBiotix Limited,label,False,False,False,5,not_matched,,,,,,,2021,2026,,,[]
101075596,Every1,999696745,EWORX YPIRESIES ILEKTRONIKOU EPICHEIREIN ANONYMOS ETAIREIA,EWORX SA,true,PRC,CHALANDRI,EL,EL301,"38.9953683,21.9877132",,2026-02-09 17:12:57,2949155,2,participant,365937.5,365937.5,"365937,5",false,,abstained,,,https://ror.org/0155df715,Sygklisi Astiki mi Kerdoskopiki Etaireia,0.072345,0.052345,0.052345,Sygklisi Astiki mi Kerdoskopiki Etaireia,ror_display,True,False,False,5,not_matched,,,,,,,2021,2026,,,[]
101074048,TENACITy,999810623,Cyprus police,,false,PUB,Nicosia,CY,CY000,"35.1554534,33.3475976726927",http://www.police.gov.cy,2026-04-28 10:12:29,1906017,18,participant,127500,127500,127500,false,,matched,https://ror.org/008y40y60,Cyprus Police,https://ror.org/008y40y60,Cyprus Police,1.0,1.0,0.59459,Cyprus Police,ror_display,True,True,True,5,joined,https://openalex.org/I2802184509,Cyprus Police,government,CY,10,26,2021,2026,2,0,"[{""cited_by_count"": 0, ""works_count"": 2, ""year"": 2026}]"
101073982,MOBILISE,888587610,MDSC SYSTEMS OU,,false,PRC,Tallinn,EE,EE001,"59.41929145,24.769518441921107",,2026-04-16 10:06:29,1976568,8,participant,482195,482195,688850,false,,abstained,,,https://ror.org/01xxqvh17,Mood Disorders Society of Canada,0.45,0.5,0.0625,MDSC,acronym,False,False,False,5,not_matched,,,,,,,2021,2026,,,[]
101073506,HOMeAGE,999513027,TRANSPORTOKONOMISK INSTITUTT,TOI,false,REC,Oslo,NO,NO081,"59.942353499999996,10.716316407483461",http://www.toi.no,2025-10-07 15:52:03,1913433,18,associatedPartner,,0,0,false,,abstained,,,https://ror.org/04p2pa451,Institute of Transport Economics,0.398234,0.328234,0.042824,Transportøkonomisk institutt,alias,True,True,False,5,not_matched,,,,,,,2021,2026,,,[]
101073025,Melomanes,999534658,MALSCH NEELINA,MALSCH TECHNOVALUATION,,PRC,,NL,,"52.0783642,5.1246027",,2026-04-15 16:08:30,1919673,16,associatedPartner,,0,0,false,,abstained,,,https://ror.org/00eyn9595,Malsch TechnoValuation,0.37541,0.33541,0.140613,Malsch TechnoValuation,ror_display,True,,False,5,not_matched,,,,,,,2021,2026,,,[]
101072686,BiocatCodeExpander,998711419,THE UNIVERSITY OF MANITOBA,,false,HES,Manitoba,CA,CA,"55.001251,-97.001038",http://www.umanitoba.ca,2026-05-11 08:16:30,1906305,11,associatedPartner,,0,0,false,,matched,https://ror.org/02gfys938,University of Manitoba,https://ror.org/02gfys938,University of Manitoba,1.0,1.0,0.64459,University of Manitoba,ror_display,True,False,False,5,joined,https://openalex.org/I46247651,University of Manitoba,education,CA,116913,7569587,2021,2026,31153,276847,"[{""cited_by_count"": 103134, ""works_count"": 5682, ""year"": 2021}, {""cited_by_count"": 76562, ""works_count"": 5439, ""year"": 2022}, {""cited_by_count"": 53069, ""works_count"": 5816, ""year"": 2023}, {""cited_by_count"": 30981, ""works_count"": 5954, ""year"": 2024}, {""cited_by_count"": 12442, ""works_count"": 5222, ""year"": 2025}, {""cited_by_count"": 659, ""works_count"": 3040, ""year"": 2026}]"
101072637,QSI,940379596,University of Toyama,UT,false,OTH,Toyama,JP,JP,"36.6957569,137.2136215",,2026-06-03 12:28:06,3144772,10,associatedPartner,,0,0,false,,matched,https://ror.org/0445phv87,University of Toyama,https://ror.org/0445phv87,University of Toyama,1.0,1.0,0.108205,University of Toyama,ror_display,True,True,True,5,joined,https://openalex.org/I42766147,University of Toyama,education,JP,31570,1595889,2021,2026,8756,62025,"[{""cited_by_count"": 23745, ""works_count"": 1568, ""year"": 2021}, {""cited_by_count"": 15537, ""works_count"": 1508, ""year"": 2022}, {""cited_by_count"": 11119, ""works_count"": 1515, ""year"": 2023}, {""cited_by_count"": 6735, ""works_count"": 1531, ""year"": 2024}, {""cited_by_count"": 4685, ""works_count"": 1674, ""year"": 2025}, {""cited_by_count"": 204, ""works_count"": 960, ""year"": 2026}]"
101046314,END-VOC,954910390,FUNDACAO MANHICA,FM,false,REC,VILA DA MANHICA MAPUTO,MZ,MZ,"-25.9458524,32.569211",,2026-01-06 13:17:46,1970787,18,participant,101063,101063,101063,false,,abstained,,,https://ror.org/047rnn627,Fundação Otorrinolaringologia,0.28541,0.33541,0.002253,Fundação Otorrinolaringologia,ror_display,False,False,False,5,not_matched,,,,,,,2021,2026,,,[]
101061330,RECLAIM,940679035,LIECHTENSTEIN-INSTITUT,,true,REC,GAMPRIN-BENDERN,LI,LI000,"47.2202121,9.511885573528684",,2026-06-03 12:28:05,1954833,12,associatedPartner,,0,0,false,,matched,https://ror.org/02v7y7w12,Liechtenstein Institute,https://ror.org/02v7y7w12,Liechtenstein Institute,1.0,1.0,0.626471,Liechtenstein-Institut,label,True,False,True,5,joined,https://openalex.org/I1281641059,Liechtenstein Institute,facility,LI,280,4723,2021,2026,86,292,"[{""cited_by_count"": 159, ""works_count"": 9, ""year"": 2021}, {""cited_by_count"": 47, ""works_count"": 16, ""year"": 2022}, {""cited_by_count"": 61, ""works_count"": 18, ""year"": 2023}, {""cited_by_count"": 12, ""works_count"": 13, ""year"": 2024}, {""cited_by_count"": 12, ""works_count"": 16, ""year"": 2025}, {""cited_by_count"": 1, ""works_count"": 14, ""year"": 2026}]"
101060693,GUARDEN,901548653,ENVECO ANONYMI ETAIRIA PROSTASIAS KAI DIAHIRISIS PERIVALLONTOS A.E.,ENVECO S.A. ENVIRONMENTAL PROTECTION  AND MANAGEMENT,true,PRC,MAROUSI,EL,EL301,"37.9810866,23.6375666",,2026-04-20 14:58:09,1977758,13,participant,164442.5,164442.5,"164442,5",false,,abstained,,,https://ror.org/0071fq917,KurrawongAI (Australia),0.092857,0.142857,0.0,KAI,acronym,False,False,False,5,not_matched,,,,,,,2021,2026,,,[]
101052342,Biodiversa-plus,891842445,AGJENCIA KOMBETARE E ZONAVE TE MBROJTURA,NATIONAL AGENCY OF PROTECTED AREAS IN ALBANIA,false,REC,Tirana,AL,AL022,"41.3307123,19.819171",,2025-04-28 14:59:01,1977498,71,associatedPartner,,0,0,false,,abstained,,,https://ror.org/02xfypx32,Sustainable Economic Development Agency,0.15529,0.08529,0.08424,Agjencia Zhvillimit Ekonomik te Qendrueshem,alias,True,True,False,5,not_matched,,,,,,,2021,2026,,,[]
101060415,SELINA,918059508,COOPERATIE WOLFS COMPANY UA,,true,PRC,Kralendijk,BQ,BQ,,,2025-05-27 10:57:11,1977049,45,participant,0,0,0,true,,abstained,,,https://ror.org/03fa61n31,PR & Company (United States),0.235,0.285,0.061394,PR & Company (United States),ror_display,False,False,False,5,not_matched,,,,,,,2021,2026,,,[]
101059863,ORCaSa,998296065,"FORUM FOR AGRICULTURAL RESEARCH IN AFRICA, GHANA",FARA,false,OTH,ACCRA,GH,GH,"5.6052829,-0.2023283",http://www.fara-africa.org,2026-05-06 07:31:29,2130273,7,participant,73000,73000,73000,false,,matched,https://ror.org/03prz6j20,Forum for Agricultural Research in Africa,https://ror.org/03prz6j20,Forum for Agricultural Research in Africa,0.87,0.8,0.52,Forum for Agricultural Research in Africa,ror_display,True,True,False,5,joined,https://openalex.org/I4405260402,Forum for Agricultural Research in Africa,nonprofit,GH,0,0,2021,2026,0,0,[]
101058585,Circular TwAIn,950828727,GFT ITALIA SRL,GFT,false,PRC,MILANO,IT,ITC4C,"45.4667971,9.1904984",,2025-10-20 17:38:03,2385054,12,participant,282625,282625,403750,false,,abstained,,,https://ror.org/015hz7767,Fraunhofer Italia Research,0.35541,0.33541,0.0,Fraunhofer Italia,alias,True,False,False,5,not_matched,,,,,,,2021,2026,,,[]
101058580,RECONMATIC,889264670,China Association of Circular Economy,,false,REC,Beijing,CN,CN,"40.190632,116.412144",,2026-06-03 12:25:49,1977059,18,associatedPartner,,0,0,false,,abstained,,,https://ror.org/04b6jkz71,China Ocean Mineral Resource R&D Association,0.44094,0.37094,0.027897,China Ocean Association,alias,True,True,False,5,not_matched,,,,,,,2021,2026,,,[]
101057114,EChiLiBRiST,954910390,FUNDACAO MANHICA,FM,false,REC,VILA DA MANHICA MAPUTO,MZ,MZ,"-25.9458524,32.569211",,2025-05-12 15:59:49,1970787,4,participant,1778025,1778025,1778025,false,,abstained,,,https://ror.org/047rnn627,Fundação Otorrinolaringologia,0.28541,0.33541,0.002253,Fundação Otorrinolaringologia,ror_display,False,False,False,5,not_matched,,,,,,,2021,2026,,,[]
101070279,MobiSpaces,950828727,GFT ITALIA SRL,GFT,false,PRC,MILANO,IT,ITC4C,"45.4667971,9.1904984",,2026-06-19 15:56:07,2385054,1,coordinator,601750,601750,601750,false,,abstained,,,https://ror.org/015hz7767,Fraunhofer Italia Research,0.35541,0.33541,0.0,Fraunhofer Italia,alias,True,False,False,5,not_matched,,,,,,,2021,2026,,,[]
101076810,MODI,999513027,TRANSPORTOKONOMISK INSTITUTT,TOI,false,REC,Oslo,NO,NO081,"59.942353499999996,10.716316407483461",http://www.toi.no,2022-09-13 17:47:50,1913433,14,participant,1041865,1041865,1041865,false,,abstained,,,https://ror.org/04p2pa451,Institute of Transport Economics,0.398234,0.328234,0.042824,Transportøkonomisk institutt,alias,True,True,False,5,not_matched,,,,,,,2021,2026,,,[]
101073878,EU-CIP,950828727,GFT ITALIA SRL,GFT,false,PRC,MILANO,IT,ITC4C,"45.4667971,9.1904984",,2026-04-15 15:24:49,2385054,3,participant,38250,38250,38250,false,,abstained,,,https://ror.org/015hz7767,Fraunhofer Italia Research,0.35541,0.33541,0.0,Fraunhofer Italia,alias,True,False,False,5,not_matched,,,,,,,2021,2026,,,[]
101073486,EUSpecLab,940379596,University of Toyama,UT,false,OTH,Toyama,JP,JP,"36.6957569,137.2136215",,2026-04-10 16:45:09,3144772,17,associatedPartner,,0,0,false,,matched,https://ror.org/0445phv87,University of Toyama,https://ror.org/0445phv87,University of Toyama,1.0,1.0,0.108205,University of Toyama,ror_display,True,True,True,5,joined,https://openalex.org/I42766147,University of Toyama,education,JP,31570,1595889,2021,2026,8756,62025,"[{""cited_by_count"": 23745, ""works_count"": 1568, ""year"": 2021}, {""cited_by_count"": 15537, ""works_count"": 1508, ""year"": 2022}, {""cited_by_count"": 11119, ""works_count"": 1515, ""year"": 2023}, {""cited_by_count"": 6735, ""works_count"": 1531, ""year"": 2024}, {""cited_by_count"": 4685, ""works_count"": 1674, ""year"": 2025}, {""cited_by_count"": 204, ""works_count"": 960, ""year"": 2026}]"
101073440,VORTEX,946002977,Mindanao State University -Iligan Institute of Tecnhology,MSU-IIT,false,PRC,Iiligan City,PH,PH,"14.6373926,120.9935049",,2026-06-22 12:34:03,1977898,12,associatedPartner,,0,0,false,,matched,https://ror.org/00qemyc07,Mindanao State University – Iligan Institute of Technology,https://ror.org/00qemyc07,Mindanao State University – Iligan Institute of Technology,1.0,0.982143,0.48,Mindanao State University – Iligan Institute of Technology,ror_display,True,False,False,5,joined,https://openalex.org/I24245652,Mindanao State University – Iligan Institute of Technology,education,PH,5870,36646,2021,2026,4686,8394,"[{""cited_by_count"": 1952, ""works_count"": 228, ""year"": 2021}, {""cited_by_count"": 2440, ""works_count"": 320, ""year"": 2022}, {""cited_by_count"": 2099, ""works_count"": 527, ""year"": 2023}, {""cited_by_count"": 1150, ""works_count"": 614, ""year"": 2024}, {""cited_by_count"": 729, ""works_count"": 720, ""year"": 2025}, {""cited_by_count"": 24, ""works_count"": 2277, ""year"": 2026}]"
101073394,PRESILIENT,918467587,Facultad Latinoamericana de Ciencias Sociales,,false,OTH,Quito,EC,EC,"-0.1692388,-78.50431437255514",,2026-06-29 17:15:36,1977733,28,associatedPartner,,0,0,false,,matched,https://ror.org/02rz0r794,Facultad Latinoamericana de Ciencias Ecuador,https://ror.org/02rz0r794,Facultad Latinoamericana de Ciencias Ecuador,1.0,1.0,0.05,Facultad Latinoamericana de Ciencias Sociales,alias,True,True,True,5,joined,https://openalex.org/I4210121451,Facultad Latinoamericana de Ciencias Ecuador,other,EC,2959,21341,2021,2026,1232,2544,"[{""cited_by_count"": 1255, ""works_count"": 213, ""year"": 2021}, {""cited_by_count"": 446, ""works_count"": 193, ""year"": 2022}, {""cited_by_count"": 482, ""works_count"": 238, ""year"": 2023}, {""cited_by_count"": 242, ""works_count"": 217, ""year"": 2024}, {""cited_by_count"": 101, ""works_count"": 232, ""year"": 2025}, {""cited_by_count"": 18, ""works_count"": 139, ""year"": 2026}]"
101060876,RURALITIES,922659442,UNIVERSITE DE NOUAKCHOTT,,false,HES,NOUAKCHOTT OUEST,MR,MR,"18.105328,-15.979365",,2026-06-03 16:44:50,1977519,23,participant,36968.75,36968.75,"36968,75",false,,matched,https://ror.org/00pt67k84,Université de Nouakchott,https://ror.org/00pt67k84,Université de Nouakchott,1.0,1.0,0.64459,Université de Nouakchott,ror_display,True,False,True,5,joined,https://openalex.org/I90527594,Université de Nouakchott,education,MR,1615,30781,2021,2026,810,4367,"[{""cited_by_count"": 1075, ""works_count"": 105, ""year"": 2021}, {""cited_by_count"": 1207, ""works_count"": 114, ""year"": 2022}, {""cited_by_count"": 770, ""works_count"": 156, ""year"": 2023}, {""cited_by_count"": 326, ""works_count"": 153, ""year"": 2024}, {""cited_by_count"": 972, ""works_count"": 149, ""year"": 2025}, {""cited_by_count"": 17, ""works_count"": 133, ""year"": 2026}]"
101060876,RURALITIES,903761708,CONFEDERATION PAYSANNE DU FASO,CONFEDERATION PAYSANNE DU FASO,false,PRC,Ouagadougou,BF,BF,"12.368148,-1.527085",,2026-06-03 16:44:50,1964182,44,participant,35187.5,35187.5,"35187,5",false,,abstained,,,https://ror.org/01c8knz80,Université du Faso,0.293606,0.223606,0.010273,University of Faso,label,True,True,False,5,not_matched,,,,,,,2021,2026,,,[]
101060876,RURALITIES,909827215,ALMANAR VOLUNTARY ORGANIZATION,ASSOCIATION OF ALMANAR NON-GOVERNMENTALORGANIZATION AMVO,false,OTH,Khartoum,SD,SD,"13.3817634,24.9420733",,2026-06-03 16:44:50,1977521,27,participant,36375,36375,36375,false,,abstained,,,https://ror.org/04vpza371,Cooperative Office for Voluntary Organizations,0.397213,0.447213,0.033598,Cooperative Office for Voluntary Organizations,ror_display,False,False,False,5,not_matched,,,,,,,2021,2026,,,[]
101060876,RURALITIES,892961728,ALTERNATIVE COMMUNAUTAIRE POUR LE DEVELOPPEMENT DURABLE (ACDD),,false,OTH,BOUAKE,CI,CI,"7.6906058,-5.0298408",,2026-06-03 16:44:50,1977520,25,participant,35187.5,35187.5,"35187,5",false,,abstained,,,https://ror.org/04yjjyw09,Institut pour Un Developpement Durable,0.390805,0.440805,0.067694,Institut pour Un Developpement Durable,ror_display,False,False,False,5,not_matched,,,,,,,2021,2026,,,[]
101073088,MAWI,888545027,Technology Innovation Institute - Sole Proprietorship LLC,Technology Innovation Institute - Sole Proprietorship LLC,false,PRC,Abu Dhabi,AE,AE,"24.4538352,54.3774014",,2026-06-03 12:19:16,1977648,12,associatedPartner,,0,0,false,,abstained,,,https://ror.org/001kv2y39,Technology Innovation Institute,0.67,0.6,0.246243,Technology Innovation Institute,ror_display,True,True,False,5,not_matched,,,,,,,2021,2026,,,[]
101060887,FoSTA-Health,919115256,COUNCIL OF MALAWI UNIVERSITY OF SCIENCE AND TECHNOLOGY,MALAWI UNIVERSITY OF SCIENCE AND TECHNOLOGY,false,HES,Blantyre,MW,MW,"-15.80529335,35.03830456112543",,2026-06-03 12:18:54,1975724,4,participant,181852.5,181852.5,"181852,5",false,,matched,https://ror.org/027vmhf17,Malawi University of Science and Technology,https://ror.org/027vmhf17,Malawi University of Science and Technology,0.87,0.8,0.32,Malawi University of Science and Technology,ror_display,True,True,False,5,joined,https://openalex.org/I2800088668,Malawi University of Science and Technology,education,MW,1650,18200,2021,2026,1066,4908,"[{""cited_by_count"": 1968, ""works_count"": 167, ""year"": 2021}, {""cited_by_count"": 689, ""works_count"": 124, ""year"": 2022}, {""cited_by_count"": 1181, ""works_count"": 128, ""year"": 2023}, {""cited_by_count"": 723, ""works_count"": 177, ""year"": 2024}, {""cited_by_count"": 318, ""works_count"": 226, ""year"": 2025}, {""cited_by_count"": 29, ""works_count"": 244, ""year"": 2026}]"
101057832,AfricaMaVal,915949564,NAMIBIA UNIVERSITY OF SCIENCE AND TECHNOLOGY,NAMIBIA UNIVERSITY OF SCIENCE AND TECHNOLOGY,false,HES,Windhoek,NA,NA,"-22.5651357,17.077726594457637",,2026-06-03 12:19:28,1949237,10,participant,112270,112270,112270,false,,matched,https://ror.org/03gg1ey66,Namibia University of Science and Technology,https://ror.org/03gg1ey66,Namibia University of Science and Technology,1.0,1.0,0.3,Namibia University of Science and Technology,ror_display,True,True,True,5,joined,https://openalex.org/I101993903,Namibia University of Science and Technology,education,NA,3766,45097,2021,2026,2049,11689,"[{""cited_by_count"": 4718, ""works_count"": 354, ""year"": 2021}, {""cited_by_count"": 2896, ""works_count"": 329, ""year"": 2022}, {""cited_by_count"": 2111, ""works_count"": 368, ""year"": 2023}, {""cited_by_count"": 1090, ""works_count"": 358, ""year"": 2024}, {""cited_by_count"": 852, ""works_count"": 425, ""year"": 2025}, {""cited_by_count"": 22, ""works_count"": 215, ""year"": 2026}]"
101082131,InvestCEC,905336988,ENSPIRE SCIENCE LTD,,true,PRC,REHOVOT,IL,IL,"32.0523573,34.7626219",,2025-11-03 16:51:50,1977393,1,coordinator,250076.2,250076.2,"250076,2",false,,abstained,,,https://ror.org/003rgm223,AB Science (France),0.3775,0.4275,0.0,AB Science (France),ror_display,False,False,False,5,not_matched,,,,,,,2021,2026,,,[]
101073089,GreenDigiPharma,951793489,King Faisal University,,,PRC,,SA,,"25.6242618,42.3528328",,2026-05-21 18:36:27,1977643,15,associatedPartner,,0,0,false,,matched,https://ror.org/00dn43547,King Faisal University,https://ror.org/00dn43547,King Faisal University,1.0,1.0,0.125786,King Faisal University,ror_display,True,,True,5,joined,https://openalex.org/I4626487,King Faisal University,education,SA,26252,674664,2021,2026,18359,173571,"[{""cited_by_count"": 38689, ""works_count"": 1861, ""year"": 2021}, {""cited_by_count"": 49711, ""works_count"": 2572, ""year"": 2022}, {""cited_by_count"": 42484, ""works_count"": 2998, ""year"": 2023}, {""cited_by_count"": 27369, ""works_count"": 3615, ""year"": 2024}, {""cited_by_count"": 14357, ""works_count"": 4201, ""year"": 2025}, {""cited_by_count"": 961, ""works_count"": 3112, ""year"": 2026}]"
101046133,ISIDORe,954303946,UNIVERSITE DES SCIENCES DES TECHNIQUES ET DES TECHNOLOGIES DE BAMAKO,USTTB,false,HES,Bamako,ML,ML,"12.649319,-8.000337",,2025-05-27 17:56:10,1956528,146,participant,988,988,988,false,,matched,https://ror.org/023rbaw78,"Université des Sciences, des Techniques et des Technologies de Bamako",https://ror.org/023rbaw78,"Université des Sciences, des Techniques et des Technologies de Bamako",1.0,1.0,0.521781,"Université des Sciences, des Techniques et des Technologies de Bamako",ror_display,True,True,True,5,joined,https://openalex.org/I4210112095,"Université des Sciences, des Techniques et des Technologies de Bamako",education,ML,3939,104906,2021,2026,2743,8600,"[{""cited_by_count"": 3049, ""works_count"": 371, ""year"": 2021}, {""cited_by_count"": 2458, ""works_count"": 460, ""year"": 2022}, {""cited_by_count"": 1501, ""works_count"": 580, ""year"": 2023}, {""cited_by_count"": 1069, ""works_count"": 556, ""year"": 2024}, {""cited_by_count"": 480, ""works_count"": 439, ""year"": 2025}, {""cited_by_count"": 43, ""works_count"": 337, ""year"": 2026}]"
101046133,ISIDORe,937358919,INSTITUT PASTEUR DE NOUVELLE-CALEDONIE,IPNC,false,REC,Noumea,NC,NC,"-22.2679189,166.4422997",,2025-05-27 17:56:10,2720230,137,participant,2518,2518,2518,false,,matched,https://ror.org/04sqtjj61,Institut Pasteur de Nouvelle Calédonie,https://ror.org/04sqtjj61,Institut Pasteur de Nouvelle Calédonie,1.0,1.0,0.55,Institut Pasteur de Nouvelle Calédonie,ror_display,True,True,True,5,joined,https://openalex.org/I4210151973,Institut Pasteur de Nouvelle Calédonie,facility,NC,509,46818,2021,2026,140,789,"[{""cited_by_count"": 275, ""works_count"": 24, ""year"": 2021}, {""cited_by_count"": 200, ""works_count"": 22, ""year"": 2022}, {""cited_by_count"": 211, ""works_count"": 41, ""year"": 2023}, {""cited_by_count"": 79, ""works_count"": 18, ""year"": 2024}, {""cited_by_count"": 21, ""works_count"": 16, ""year"": 2025}, {""cited_by_count"": 3, ""works_count"": 19, ""year"": 2026}]"
101046133,ISIDORe,955450486,BRAC UNIVERSITY,BRACU,false,HES,Dhaka,BD,BD,"23.781222550000003,90.4000643508787",,2025-05-27 17:56:10,1915535,64,participant,52903.75,52903.75,"52903,75",false,,matched,https://ror.org/00sge8677,BRAC University,https://ror.org/00sge8677,BRAC University,1.0,1.0,0.43,BRAC University,ror_display,True,True,True,5,joined,https://openalex.org/I5518804,BRAC University,education,BD,8913,177891,2021,2026,6155,41040,"[{""cited_by_count"": 9785, ""works_count"": 843, ""year"": 2021}, {""cited_by_count"": 11428, ""works_count"": 1029, ""year"": 2022}, {""cited_by_count"": 8279, ""works_count"": 1105, ""year"": 2023}, {""cited_by_count"": 7625, ""works_count"": 1275, ""year"": 2024}, {""cited_by_count"": 3701, ""works_count"": 1168, ""year"": 2025}, {""cited_by_count"": 222, ""works_count"": 735, ""year"": 2026}]"
101086293,CRISPit,969073360,UNIVERSIDAD ANDRES BELLO,UNAB,false,HES,Santiago,CL,CL,"-33.4377968,-70.6504451",,2026-06-03 16:46:12,1947408,13,associatedPartner,,0,0,false,,matched,https://ror.org/01qq57711,Universidad Andrés Bello,https://ror.org/01qq57711,Universidad Andrés Bello,1.0,1.0,0.05,Universidad Andrés Bello,ror_display,True,True,True,5,joined,https://openalex.org/I13897259,Universidad Andrés Bello,education,CL,17460,552327,2021,2026,9053,71509,"[{""cited_by_count"": 26952, ""works_count"": 1654, ""year"": 2021}, {""cited_by_count"": 18457, ""works_count"": 1494, ""year"": 2022}, {""cited_by_count"": 15511, ""works_count"": 1775, ""year"": 2023}, {""cited_by_count"": 7829, ""works_count"": 1832, ""year"": 2024}, {""cited_by_count"": 2631, ""works_count"": 1604, ""year"": 2025}, {""cited_by_count"": 129, ""works_count"": 694, ""year"": 2026}]"
101081347,CarrerasLeaders,891819165,UNIVERSITY OF SHARJAH,,false,HES,Sharjah,AE,AE,"25.26519105,55.91143243267334",,2026-06-03 16:46:10,1984920,45,associatedPartner,,0,0,false,,matched,https://ror.org/00engpz63,University of Sharjah,https://ror.org/00engpz63,University of Sharjah,1.0,1.0,0.062303,University of Sharjah,ror_display,True,True,True,5,joined,https://openalex.org/I29891158,University of Sharjah,education,AE,28822,1016813,2021,2026,20597,256516,"[{""cited_by_count"": 76284, ""works_count"": 2865, ""year"": 2021}, {""cited_by_count"": 75570, ""works_count"": 3570, ""year"": 2022}, {""cited_by_count"": 57351, ""works_count"": 3852, ""year"": 2023}, {""cited_by_count"": 33590, ""works_count"": 4107, ""year"": 2024}, {""cited_by_count"": 13091, ""works_count"": 4110, ""year"": 2025}, {""cited_by_count"": 630, ""works_count"": 2093, ""year"": 2026}]"
101058873,POLICY ANSWERS,995591705,UNIVERZITET U BANJOJ LUCI,UNIVERSITY OF BANJA LUKA,false,HES,BANJA LUKA,BA,BA,"44.7719893,17.1898768",https://www.unibl.org,2025-05-13 16:36:50,2149128,8,participant,141562.5,141562.5,"141562,5",false,,abstained,,,https://ror.org/0282m7c06,University of Banja Luka,0.613048,0.543048,0.319442,Univerzitet u Banja Luci,label,True,True,False,5,not_matched,,,,,,,2021,2026,,,[]
101054477,MSCA-NET,892673638,PRESIDENCIA DE LA REPUBLICA,,false,PUB,MONTEVIDEO,UY,UY,"-34.9071401,-56.2004326",,2025-12-04 10:19:03,1974858,32,associatedPartner,,0,0,false,,abstained,,,https://ror.org/02kwxh770,Presidência da República Portuguesa,0.709235,0.759235,0.0,Presidência da República Portuguesa,ror_display,False,False,False,5,not_matched,,,,,,,2021,2026,,,[]
101086381,ODDEA,975344216,UNIVERSITI TEKNOLOGI MARA (UiTM),UiTM,false,HES,SHAH ALAM SELANGOR,MY,MY,"3.0739429,101.5185278",https://www.utm.my,2026-06-03 16:46:10,1914284,7,associatedPartner,,0,0,false,,matched,https://ror.org/05n8tts92,Universiti Teknologi MARA,https://ror.org/05n8tts92,Universiti Teknologi MARA,1.0,1.0,0.456108,Universiti Teknologi MARA,ror_display,True,False,True,5,joined,https://openalex.org/I82724352,Universiti Teknologi MARA,education,MY,78120,1376715,2021,2026,42208,157957,"[{""cited_by_count"": 49404, ""works_count"": 5925, ""year"": 2021}, {""cited_by_count"": 48216, ""works_count"": 7444, ""year"": 2022}, {""cited_by_count"": 33361, ""works_count"": 9059, ""year"": 2023}, {""cited_by_count"": 19964, ""works_count"": 8499, ""year"": 2024}, {""cited_by_count"": 6715, ""works_count"": 7902, ""year"": 2025}, {""cited_by_count"": 297, ""works_count"": 3379, ""year"": 2026}]"
190176001,DMUT,893758001,HEALIUM MEDICAL LTD,,true,PRC,YOKNEAM,IL,IL,"32.65096719254719,35.09576268530257",,2022-09-30 15:48:49,1978149,1,coordinator,2500000,2500000,"11369502,5",false,,abstained,,,https://ror.org/01s98j802,J|medical (Italy),0.3875,0.4375,0.0,J Medical,alias,False,False,False,5,not_matched,,,,,,,2021,2026,,,[]
101086354,VALZEO,887268992,Instituto de Investigaciones de Granos,IIGranos,false,REC,Artemisa,CU,CU,"23.0355412,-82.4753974",,2026-06-03 16:46:12,1978336,9,associatedPartner,,0,0,false,,abstained,,,https://ror.org/05ab85w40,Instituto de Investigaciones Avícolas,0.534191,0.514191,0.049252,Instituto de Investigaciones Avícolas,ror_display,True,False,False,5,not_matched,,,,,,,2021,2026,,,[]
101086366,CropPrime,876764086,Centro de Estudios Fotosintéticos y Bioquímicos,CEFOBI (CONICET-UNR),false,REC,Rosario,AR,AR,"-32.938696765306126,-60.66332544285714",,2026-06-17 15:02:31,1991303,11,associatedPartner,,0,0,false,,matched,https://ror.org/040me2j46,Centro de Estudios Fotosintéticos y Bioquímicos,https://ror.org/040me2j46,Centro de Estudios Fotosintéticos y Bioquímicos,1.0,1.0,0.67906,Centro de Estudios Fotosintéticos y Bioquímicos,ror_display,True,True,True,5,joined,https://openalex.org/I4210142727,Centro de Estudios Fotosintéticos y Bioquímicos,facility,AR,895,64056,2021,2026,232,1225,"[{""cited_by_count"": 613, ""works_count"": 42, ""year"": 2021}, {""cited_by_count"": 196, ""works_count"": 41, ""year"": 2022}, {""cited_by_count"": 221, ""works_count"": 41, ""year"": 2023}, {""cited_by_count"": 133, ""works_count"": 38, ""year"": 2024}, {""cited_by_count"": 61, ""works_count"": 55, ""year"": 2025}, {""cited_by_count"": 1, ""works_count"": 15, ""year"": 2026}]"
101081883,P2GreeN,869529147,ELTE KOZGAZDASAG- ES REGIONALIS TUDOMANYI KUTATOKOZPONT,ELTE KRTK,false,REC,Budapest,HU,HU110,"47.4736696,19.0744233",,2026-03-31 08:47:55,1994266,20,participant,103625,103625,103625,false,,matched,https://ror.org/051ea1411,ELTE Centre for Economic and Regional Studies,https://ror.org/051ea1411,ELTE Centre for Economic and Regional Studies,1.0,1.0,0.219118,ELTE Közgazdaság- és Regionális Tudományi Kutatóközpont,label,True,True,True,5,joined,https://openalex.org/I4210155320,ELTE Centre for Economic and Regional Studies,facility,HU,2134,25362,2021,2026,1139,6078,"[{""cited_by_count"": 1918, ""works_count"": 170, ""year"": 2021}, {""cited_by_count"": 1712, ""works_count"": 219, ""year"": 2022}, {""cited_by_count"": 1284, ""works_count"": 201, ""year"": 2023}, {""cited_by_count"": 761, ""works_count"": 221, ""year"": 2024}, {""cited_by_count"": 365, ""works_count"": 217, ""year"": 2025}, {""cited_by_count"": 38, ""works_count"": 111, ""year"": 2026}]"
101081609,DIGI PLUS,921152741,LEITRIM COUNTY COUNCIL,LCC,false,PUB,Carrick On Shannon Leitrim,IE,IE041,"53.9934219,-8.064739506589225",,2026-01-23 07:56:15,1978330,15,associatedPartner,,0,0,false,,abstained,,,https://ror.org/04724nx69,Mayo County Council,0.510818,0.490818,0.0,Mayo County Council,ror_display,True,False,False,5,not_matched,,,,,,,2021,2026,,,[]
101086224,HESPRI,885547727,The Public Authority for Applied Education and Training,The Public Authority for Applied Education and Training,false,HES,Kuwait,KW,KW,"29.2733964,47.4979476",,2026-06-29 17:13:00,1978363,13,associatedPartner,,0,0,false,,matched,https://ror.org/024242h31,Public Authority for Applied Education and Training,https://ror.org/024242h31,Public Authority for Applied Education and Training,1.0,1.0,0.65,Public Authority for Applied Education and Training,ror_display,True,False,False,5,joined,https://openalex.org/I143601524,Public Authority for Applied Education and Training,education,KW,4840,132553,2021,2026,1916,13176,"[{""cited_by_count"": 5507, ""works_count"": 399, ""year"": 2021}, {""cited_by_count"": 3292, ""works_count"": 301, ""year"": 2022}, {""cited_by_count"": 1612, ""works_count"": 317, ""year"": 2023}, {""cited_by_count"": 2142, ""works_count"": 363, ""year"": 2024}, {""cited_by_count"": 592, ""works_count"": 309, ""year"": 2025}, {""cited_by_count"": 31, ""works_count"": 227, ""year"": 2026}]"
101086224,HESPRI,969073360,UNIVERSIDAD ANDRES BELLO,UNAB,false,HES,Santiago,CL,CL,"-33.4377968,-70.6504451",,2026-06-29 17:13:00,1947408,14,associatedPartner,,0,0,false,,matched,https://ror.org/01qq57711,Universidad Andrés Bello,https://ror.org/01qq57711,Universidad Andrés Bello,1.0,1.0,0.05,Universidad Andrés Bello,ror_display,True,True,True,5,joined,https://openalex.org/I13897259,Universidad Andrés Bello,education,CL,17460,552327,2021,2026,9053,71509,"[{""cited_by_count"": 26952, ""works_count"": 1654, ""year"": 2021}, {""cited_by_count"": 18457, ""works_count"": 1494, ""year"": 2022}, {""cited_by_count"": 15511, ""works_count"": 1775, ""year"": 2023}, {""cited_by_count"": 7829, ""works_count"": 1832, ""year"": 2024}, {""cited_by_count"": 2631, ""works_count"": 1604, ""year"": 2025}, {""cited_by_count"": 129, ""works_count"": 694, ""year"": 2026}]"
101086206,PLACES,999873673,UNIVERSITY OF CANTERBURY,,false,HES,CHRISTCHURCH,NZ,NZ,"-43.530955,172.6366455",https://www.canterbury.ac.nz,2025-05-14 11:13:59,2125705,10,associatedPartner,,0,0,false,,matched,https://ror.org/03y7q9t39,University of Canterbury,https://ror.org/03y7q9t39,University of Canterbury,1.0,1.0,0.182303,University of Canterbury,ror_display,True,True,True,5,joined,https://openalex.org/I185492890,University of Canterbury,education,NZ,52961,2572887,2021,2026,13703,115263,"[{""cited_by_count"": 43840, ""works_count"": 2350, ""year"": 2021}, {""cited_by_count"": 29904, ""works_count"": 2318, ""year"": 2022}, {""cited_by_count"": 22917, ""works_count"": 2498, ""year"": 2023}, {""cited_by_count"": 12783, ""works_count"": 2504, ""year"": 2024}, {""cited_by_count"": 5303, ""works_count"": 2632, ""year"": 2025}, {""cited_by_count"": 516, ""works_count"": 1401, ""year"": 2026}]"
101086184,MX-MAP,998711419,THE UNIVERSITY OF MANITOBA,,false,HES,Manitoba,CA,CA,"55.001251,-97.001038",http://www.umanitoba.ca,2026-06-03 16:46:28,1906305,13,associatedPartner,,0,0,false,,matched,https://ror.org/02gfys938,University of Manitoba,https://ror.org/02gfys938,University of Manitoba,1.0,1.0,0.64459,University of Manitoba,ror_display,True,False,False,5,joined,https://openalex.org/I46247651,University of Manitoba,education,CA,116913,7569587,2021,2026,31153,276847,"[{""cited_by_count"": 103134, ""works_count"": 5682, ""year"": 2021}, {""cited_by_count"": 76562, ""works_count"": 5439, ""year"": 2022}, {""cited_by_count"": 53069, ""works_count"": 5816, ""year"": 2023}, {""cited_by_count"": 30981, ""works_count"": 5954, ""year"": 2024}, {""cited_by_count"": 12442, ""works_count"": 5222, ""year"": 2025}, {""cited_by_count"": 659, ""works_count"": 3040, ""year"": 2026}]"
101085855,MOCCA,951924924,OSCE ACADEMY IN BISHKEK,,false,REC,BISHKEK,KG,KG,"42.8767446,74.6069949",,2026-06-03 16:46:28,1958510,14,associatedPartner,,0,0,false,,abstained,,,https://ror.org/00zazm316,OSCE Academy,0.736667,0.666667,0.219454,OSCE Academy,ror_display,True,True,False,5,not_matched,,,,,,,2021,2026,,,[]
101085855,MOCCA,936722502,TAJIK STATE UNIVERSITY OF COMMERCE,TSUC,false,HES,Dushanbe,TJ,TJ,"38.5762709,68.7863573",,2026-06-03 16:46:28,1978495,9,associatedPartner,,0,0,false,,matched,https://ror.org/00v76vw28,Tajik State University of Commerce,https://ror.org/00v76vw28,Tajik State University of Commerce,1.0,1.0,0.356172,Tajik State University of Commerce,ror_display,True,True,True,5,joined,https://openalex.org/I3131746957,Tajik State University of Commerce,education,TJ,172,441,2021,2026,128,47,"[{""cited_by_count"": 19, ""works_count"": 32, ""year"": 2021}, {""cited_by_count"": 9, ""works_count"": 35, ""year"": 2022}, {""cited_by_count"": 2, ""works_count"": 21, ""year"": 2023}, {""cited_by_count"": 16, ""works_count"": 22, ""year"": 2024}, {""cited_by_count"": 1, ""works_count"": 17, ""year"": 2025}, {""cited_by_count"": 0, ""works_count"": 1, ""year"": 2026}]"
101085855,MOCCA,897498612,ANTICORRUPTION BUSINESS COUNCIL OF THE KYRGYZ REPUBLIC,,false,PUB,BISHKEK,KG,KG,"42.8765615,74.6070079",,2026-06-03 16:46:28,1978498,15,associatedPartner,,0,0,false,,abstained,,,https://ror.org/01eeqkr30,The Ministry of Education and Science of the Kyrgyz Republic,0.276163,0.206163,0.00713,The Ministry of Education and Science of the Kyrgyz Republic,ror_display,True,True,False,5,not_matched,,,,,,,2021,2026,,,[]
101081465,AUFRANDE,996467906,MACQUARIE UNIVERSITY,,false,HES,Sydney,AU,AU,"-33.8548157,151.2164539",,2025-12-22 15:23:57,2945459,4,associatedPartner,,0,0,false,,matched,https://ror.org/01sf06y89,Macquarie University,https://ror.org/01sf06y89,Macquarie University,1.0,1.0,0.20436,Macquarie University,ror_display,True,True,True,5,joined,https://openalex.org/I99043593,Macquarie University,education,AU,101804,5440249,2021,2026,36674,372381,"[{""cited_by_count"": 144070, ""works_count"": 6924, ""year"": 2021}, {""cited_by_count"": 102497, ""works_count"": 6855, ""year"": 2022}, {""cited_by_count"": 68001, ""works_count"": 6367, ""year"": 2023}, {""cited_by_count"": 41854, ""works_count"": 6824, ""year"": 2024}, {""cited_by_count"": 15088, ""works_count"": 6324, ""year"": 2025}, {""cited_by_count"": 871, ""works_count"": 3380, ""year"": 2026}]"
101083653,CANALLS,885468187,INSTITUT DES SCIENCES AGRONOMIQUES DU BURUNDI,ISABU,false,PUB,BUJUMBURA,BI,BI,"-3.3750602,29.3798772",,2026-06-03 16:46:47,1978640,11,participant,248750,248750,248750,false,,matched,https://ror.org/00s2jha28,Institut des Sciences Agronomiques du Burundi,https://ror.org/00s2jha28,Institut des Sciences Agronomiques du Burundi,1.0,1.0,0.510122,Institut des Sciences Agronomiques du Burundi,ror_display,True,True,True,5,joined,https://openalex.org/I4210096097,Institut des Sciences Agronomiques du Burundi,facility,BI,809,3278,2021,2026,132,252,"[{""cited_by_count"": 39, ""works_count"": 21, ""year"": 2021}, {""cited_by_count"": 98, ""works_count"": 17, ""year"": 2022}, {""cited_by_count"": 34, ""works_count"": 16, ""year"": 2023}, {""cited_by_count"": 67, ""works_count"": 35, ""year"": 2024}, {""cited_by_count"": 12, ""works_count"": 29, ""year"": 2025}, {""cited_by_count"": 2, ""works_count"": 14, ""year"": 2026}]"
101083653,CANALLS,887804723,SOCIETE COOPERATIVE AVEC CONSEIL D ADMINISTRATION POUR LE MANIOC,SCOOPMAN COOP CA,false,PRC,Mbalmayo,CM,CM,"3.515197,11.503114",,2026-06-03 16:46:47,1978639,10,participant,102878,102878,102878,false,,abstained,,,https://ror.org/052hr7524,UK Society for Co-operative Studies,0.161966,0.211966,0.020303,UK Society for Cooperative Studies,alias,False,False,False,5,not_matched,,,,,,,2021,2026,,,[]
101083653,CANALLS,889396590,CAMEROON FORUM FOR AGRICULTURAL ADVISORY SERVICES (CAMFAAS),CAMFAAS,false,OTH,Yaounde,CM,CM,"3.8770787,11.5447358",,2026-06-03 16:46:47,1985709,21,participant,162187.5,162187.5,"162187,5",false,,abstained,,,https://ror.org/014ty7t94,African Forum for Agricultural Advisory Services,0.622634,0.672634,0.232746,African Forum for Agricultural Advisory Services,ror_display,False,False,False,5,not_matched,,,,,,,2021,2026,,,[]
101083653,CANALLS,888242484,ASSOCIATION PAYSANNE POUR LE DEVELOPPEMENT INTEGRE AU SUD-KIVU,,true,OTH,CYANGUNGU RWANDA,CD,CD,"-1.953634,30.072687137005857",,2026-06-03 16:46:47,1978638,8,participant,155625,155625,155625,false,,abstained,,,https://ror.org/01q9g5r39,Réseau Africain pour le Développement Intégré,0.230913,0.280913,0.009849,Réseau Africain pour le Développement Intégré,ror_display,False,False,False,5,not_matched,,,,,,,2021,2026,,,[]
101083653,CANALLS,887923257,ACTION GLOBALE POUR LE DEVELOPPEMENT DURABLE SERVICES,AGDD SERVICES,false,PRC,BUKAVU,CD,CD,"-2.5126548657975447,28.84747822891722",,2026-06-03 16:46:47,1985708,20,participant,123875,123875,123875,false,,abstained,,,https://ror.org/00t46nv75,Actions pour l’Environnement et le Développement Durable,0.41385,0.46385,0.096513,Actions pour l’Environnement et le Développement Durable,ror_display,False,False,False,5,not_matched,,,,,,,2021,2026,,,[]
101084647,NATAE,917175741,SEBHA UNIVERSITY,SEBHA UNIVERSITY,false,HES,SEBHA,LY,LY,"27.035081952536608,14.434368532760084",,2026-06-03 16:46:55,1978734,18,participant,4890,4890,4890,true,,matched,https://ror.org/04m1ha467,Sebha University,https://ror.org/04m1ha467,Sebha University,1.0,1.0,0.595455,Sebha University,ror_display,True,False,True,5,joined,https://openalex.org/I153265617,Sebha University,education,LY,2066,28828,2021,2026,1325,8242,"[{""cited_by_count"": 3531, ""works_count"": 242, ""year"": 2021}, {""cited_by_count"": 1677, ""works_count"": 191, ""year"": 2022}, {""cited_by_count"": 765, ""works_count"": 235, ""year"": 2023}, {""cited_by_count"": 818, ""works_count"": 203, ""year"": 2024}, {""cited_by_count"": 1420, ""works_count"": 267, ""year"": 2025}, {""cited_by_count"": 31, ""works_count"": 187, ""year"": 2026}]"
101084647,NATAE,918380772,ASSOCIATION TENMIYA,CENTRE DES INNOVATIONS POUR LE DEVELLOPPEMENT,false,OTH,Nouakchott,MR,MR,"20.2540382,-9.2399263",,2026-06-03 16:46:55,1978735,20,participant,100250,100250,100250,false,,abstained,,,https://ror.org/0285bze92,ME Association,0.39,0.44,0.09386,ME Association,ror_display,False,False,False,5,not_matched,,,,,,,2021,2026,,,[]
101082630,SPACE4GREEN,915203828,STRATEGIC OMNIA RESEARCH AND TECHNOLOGY DEVELOPMENT LTD,Omnia,true,PRC,LIMASSOL,CY,CY000,"34.6875917,33.06549395148737",,2024-07-28 13:46:00,1978666,7,participant,90125,90125,128750,false,,abstained,,,https://ror.org/01md5nh91,Centre for Research and Technology Development,0.418852,0.468852,0.001674,Centre for Research and Technology Development,ror_display,False,False,False,5,not_matched,,,,,,,2021,2026,,,[]
101043986,UNI PROB,999873673,UNIVERSITY OF CANTERBURY,,false,HES,CHRISTCHURCH,NZ,NZ,"-43.530955,172.6366455",https://www.canterbury.ac.nz,2023-04-05 13:25:47,2125705,2,participant,281542.61,281542.61,"351928,26",false,,matched,https://ror.org/03y7q9t39,University of Canterbury,https://ror.org/03y7q9t39,University of Canterbury,1.0,1.0,0.182303,University of Canterbury,ror_display,True,True,True,5,joined,https://openalex.org/I185492890,University of Canterbury,education,NZ,52961,2572887,2021,2026,13703,115263,"[{""cited_by_count"": 43840, ""works_count"": 2350, ""year"": 2021}, {""cited_by_count"": 29904, ""works_count"": 2318, ""year"": 2022}, {""cited_by_count"": 22917, ""works_count"": 2498, ""year"": 2023}, {""cited_by_count"": 12783, ""works_count"": 2504, ""year"": 2024}, {""cited_by_count"": 5303, ""works_count"": 2632, ""year"": 2025}, {""cited_by_count"": 516, ""works_count"": 1401, ""year"": 2026}]"
101081964,BioMonitor4CAP,888064683,UNIVERSIDAD CIENTIFICA DEL SUR SAC,UNIVERSIDAD CIENTIFICA DEL SUR SAC,false,HES,LIMA,PE,PE,"-12.23351125,-76.95931861296538",,2026-06-03 16:46:57,1978689,18,participant,154200,154200,154200,false,,matched,https://ror.org/04xr5we72,Universidad Científica del Sur,https://ror.org/04xr5we72,Universidad Científica del Sur,0.87,0.8,0.451398,Universidad Científica del Sur,ror_display,True,True,False,5,joined,https://openalex.org/I263512288,Universidad Científica del Sur,education,PE,8897,86508,2021,2026,6733,28818,"[{""cited_by_count"": 8809, ""works_count"": 960, ""year"": 2021}, {""cited_by_count"": 7715, ""works_count"": 1076, ""year"": 2022}, {""cited_by_count"": 6134, ""works_count"": 1447, ""year"": 2023}, {""cited_by_count"": 3345, ""works_count"": 1164, ""year"": 2024}, {""cited_by_count"": 2649, ""works_count"": 1252, ""year"": 2025}, {""cited_by_count"": 166, ""works_count"": 834, ""year"": 2026}]"
101083481,WE-ACT,999427570,INTERNATIONAL WATER MANAGEMENT INSTITUTE IWMI,INTERNATIONAL WATER MANAGEMENT INSTITUTE IWMI,false,REC,Colombo,LK,LK,"6.9349969,79.853845",http://www.iwmi.org,2026-06-22 12:34:05,1910853,4,participant,665067.5,665067.5,"665067,5",false,,matched,https://ror.org/04vpcaw67,International Water Management Institute,https://ror.org/04vpcaw67,International Water Management Institute,0.87,0.8,0.12,International Water Management Institute,ror_display,True,True,False,5,joined,https://openalex.org/I60325297,International Water Management Institute,facility,LK,2455,167211,2021,2026,823,9095,"[{""cited_by_count"": 1454, ""works_count"": 87, ""year"": 2021}, {""cited_by_count"": 4273, ""works_count"": 125, ""year"": 2022}, {""cited_by_count"": 1549, ""works_count"": 160, ""year"": 2023}, {""cited_by_count"": 1382, ""works_count"": 166, ""year"": 2024}, {""cited_by_count"": 424, ""works_count"": 165, ""year"": 2025}, {""cited_by_count"": 13, ""works_count"": 120, ""year"": 2026}]"
101086359,UBIGIoT,999650282,UNIVERSITI PUTRA MALAYSIA,UPM,false,HES,Selangor Darul Ehsan,MY,MY,"2.3923759,112.8471939",,2026-06-03 16:47:02,2146163,8,associatedPartner,,0,0,false,,matched,https://ror.org/02e91jd64,Universiti Putra Malaysia,https://ror.org/02e91jd64,Universiti Putra Malaysia,1.0,1.0,0.424674,Universiti Putra Malaysia,ror_display,True,False,True,5,joined,https://openalex.org/I130343225,Universiti Putra Malaysia,education,MY,85146,4431849,2021,2026,34229,273548,"[{""cited_by_count"": 109151, ""works_count"": 6715, ""year"": 2021}, {""cited_by_count"": 76641, ""works_count"": 6472, ""year"": 2022}, {""cited_by_count"": 45871, ""works_count"": 6589, ""year"": 2023}, {""cited_by_count"": 28943, ""works_count"": 6144, ""year"": 2024}, {""cited_by_count"": 12420, ""works_count"": 5542, ""year"": 2025}, {""cited_by_count"": 522, ""works_count"": 2767, ""year"": 2026}]"
101083790,INCiTiS-FOOD,919053758,UNIVERSITE DES SCIENCES ET TECHNIQUE DE MASUKU,,false,HES,FRANCEVILLE,GA,GA,"-1.634363,13.589513",,2025-05-28 12:18:11,1978797,7,participant,150858,150858,156655,false,,matched,https://ror.org/03f0njg03,Université des Sciences et Techniques de Masuku,https://ror.org/03f0njg03,Université des Sciences et Techniques de Masuku,1.0,0.989247,0.54113,Université des Sciences et Techniques de Masuku,ror_display,True,True,False,5,joined,https://openalex.org/I4210131477,Université des Sciences et Techniques de Masuku,education,GA,1564,25844,2021,2026,699,2428,"[{""cited_by_count"": 759, ""works_count"": 129, ""year"": 2021}, {""cited_by_count"": 605, ""works_count"": 122, ""year"": 2022}, {""cited_by_count"": 688, ""works_count"": 138, ""year"": 2023}, {""cited_by_count"": 289, ""works_count"": 119, ""year"": 2024}, {""cited_by_count"": 77, ""works_count"": 121, ""year"": 2025}, {""cited_by_count"": 10, ""works_count"": 70, ""year"": 2026}]"
101082057,TC4BE,913866683,UNIVERSITY OF KABIANGA,University of Kabianga,false,HES,KERICHO,KE,KE,"-0.4185946,35.2225327",,2026-06-03 16:47:07,1978830,6,participant,175371,175371,"175371,25",false,,matched,https://ror.org/03rk9qf06,University of Kabianga,https://ror.org/03rk9qf06,University of Kabianga,1.0,1.0,0.666166,University of Kabianga,ror_display,True,True,True,5,joined,https://openalex.org/I299595467,University of Kabianga,education,KE,972,7697,2021,2026,520,1257,"[{""cited_by_count"": 439, ""works_count"": 92, ""year"": 2021}, {""cited_by_count"": 232, ""works_count"": 90, ""year"": 2022}, {""cited_by_count"": 451, ""works_count"": 67, ""year"": 2023}, {""cited_by_count"": 82, ""works_count"": 84, ""year"": 2024}, {""cited_by_count"": 51, ""works_count"": 120, ""year"": 2025}, {""cited_by_count"": 2, ""works_count"": 67, ""year"": 2026}]"
101081273,NECCTON,998704241,BOLDING & BRUGGEMAN APS,BB,true,PRC,Asperup,DK,DK031,"55.502638,9.889181",http://www.bolding-burchard.com,2025-12-29 11:31:21,2115742,2,participant,428093,428093,"428093,75",false,,matched,https://ror.org/05hc3k973,Bolding & Bruggeman,https://ror.org/05hc3k973,Bolding & Bruggeman,1.0,1.0,0.716667,Bolding & Bruggeman ApS,alias,True,True,True,5,joined,https://openalex.org/I4387156033,Bolding & Bruggeman,company,,105,631,2021,2026,96,208,"[{""cited_by_count"": 33, ""works_count"": 9, ""year"": 2021}, {""cited_by_count"": 140, ""works_count"": 16, ""year"": 2022}, {""cited_by_count"": 26, ""works_count"": 17, ""year"": 2023}, {""cited_by_count"": 8, ""works_count"": 27, ""year"": 2024}, {""cited_by_count"": 1, ""works_count"": 21, ""year"": 2025}, {""cited_by_count"": 0, ""works_count"": 6, ""year"": 2026}]"
101083922,OceanICU,998704241,BOLDING & BRUGGEMAN APS,BB,true,PRC,Asperup,DK,DK031,"55.502638,9.889181",http://www.bolding-burchard.com,2026-05-04 10:11:46,2115742,3,participant,770750,770750,770750,false,,matched,https://ror.org/05hc3k973,Bolding & Bruggeman,https://ror.org/05hc3k973,Bolding & Bruggeman,1.0,1.0,0.716667,Bolding & Bruggeman ApS,alias,True,True,True,5,joined,https://openalex.org/I4387156033,Bolding & Bruggeman,company,,105,631,2021,2026,96,208,"[{""cited_by_count"": 33, ""works_count"": 9, ""year"": 2021}, {""cited_by_count"": 140, ""works_count"": 16, ""year"": 2022}, {""cited_by_count"": 26, ""works_count"": 17, ""year"": 2023}, {""cited_by_count"": 8, ""works_count"": 27, ""year"": 2024}, {""cited_by_count"": 1, ""works_count"": 21, ""year"": 2025}, {""cited_by_count"": 0, ""works_count"": 6, ""year"": 2026}]"
101086227,L4DNANO,998808710,NATIONAL TAIWAN UNIVERSITY,NTU,false,HES,Taipei,TW,TW,"25.0182673,121.535927",http://www.ntu.edu.tw,2026-04-28 10:12:29,1912550,16,associatedPartner,,0,0,false,,matched,https://ror.org/05bqach95,National Taiwan University,https://ror.org/05bqach95,National Taiwan University,1.0,1.0,0.025786,National Taiwan University,ror_display,True,True,True,5,joined,https://openalex.org/I16733864,National Taiwan University,education,TW,171713,12779358,2021,2026,46501,409813,"[{""cited_by_count"": 158658, ""works_count"": 7882, ""year"": 2021}, {""cited_by_count"": 109893, ""works_count"": 8146, ""year"": 2022}, {""cited_by_count"": 75395, ""works_count"": 8319, ""year"": 2023}, {""cited_by_count"": 44031, ""works_count"": 8684, ""year"": 2024}, {""cited_by_count"": 20843, ""works_count"": 8831, ""year"": 2025}, {""cited_by_count"": 993, ""works_count"": 4639, ""year"": 2026}]"
101084322,AfriFOOD-Links,975336456,FONDAZIONE ACRA ETS,ACRA,false,OTH,MILANO,IT,ITC4C,"45.4365712,9.1991368",,2025-05-28 13:26:12,1964187,14,participant,477875,453262.5,477875,false,,abstained,,,https://ror.org/03qva5w43,Fondazione Ivo de Carneri ETS,0.467213,0.447213,0.033598,Fondazione Ivo de Carneri ETS,ror_display,True,False,False,5,not_matched,,,,,,,2021,2026,,,[]
101084322,AfriFOOD-Links,887710148,AGENCE DU DEVELOPPEMENT ECONOMIQUE URBAIN,,false,PUB,Ouagadougou,BF,BF,"12.3704741,-1.5334099725592838",,2025-05-28 13:26:12,1978868,17,participant,180087.5,180087.5,"180087,5",false,,abstained,,,https://ror.org/0273ga571,Développement Economique Longueuil,0.309047,0.359047,0.031614,Développement Economique Longueuil,ror_display,False,False,False,5,not_matched,,,,,,,2021,2026,,,[]
101086416,FIRE-ADAPT,914349549,Fundacion Amigos de la Naturaleza,FUNDACION AMIGOS DE LA NATURALEZA,false,OTH,Montero,BO,BO,"-17.333333,-61.5",,2026-06-03 16:47:22,1979020,16,associatedPartner,,0,0,false,,abstained,,,https://ror.org/04aywmt72,Fundación Naturaleza y Hombre,0.422216,0.472216,0.027243,Fundación Naturaleza y Hombre,ror_display,False,False,False,5,not_matched,,,,,,,2021,2026,,,[]
101086415,CARSI,907328495,ADA UNIVERSITETI,,false,HES,Baku,AZ,AZ,"40.3968833,49.8505354",,2026-06-03 16:47:22,1979015,15,associatedPartner,,0,0,false,,abstained,,,https://ror.org/04xtznh26,Bishkek Academy of Finance and Economics,0.8875,0.9375,0.3175,Universitet Adam,alias,False,False,False,5,not_matched,,,,,,,2021,2026,,,[]
101086257,INOVEC,986872084,Institut Pasteur de Madagascar,IPM,false,REC,Antananarivo,MG,MG,"-18.7920779,47.7823214",,2026-06-03 16:47:29,1947090,27,associatedPartner,,0,0,false,,matched,https://ror.org/03fkjvy27,Institut Pasteur de Madagascar,https://ror.org/03fkjvy27,Institut Pasteur de Madagascar,1.0,1.0,0.383333,Institut Pasteur de Madagascar,ror_display,True,True,True,5,joined,https://openalex.org/I4210133373,Institut Pasteur de Madagascar,nonprofit,MG,2497,141091,2021,2026,987,5925,"[{""cited_by_count"": 2160, ""works_count"": 125, ""year"": 2021}, {""cited_by_count"": 1888, ""works_count"": 166, ""year"": 2022}, {""cited_by_count"": 954, ""works_count"": 197, ""year"": 2023}, {""cited_by_count"": 606, ""works_count"": 197, ""year"": 2024}, {""cited_by_count"": 306, ""works_count"": 199, ""year"": 2025}, {""cited_by_count"": 11, ""works_count"": 103, ""year"": 2026}]"
101086085,ASYMMETRY,929067553,INSTITUTE FOR RESEARCH IN FUNDAMENTAL SCIENCES (IPM),IPM,false,REC,TEHRAN,IR,IR,"35.7350208,51.5296458",,2026-06-29 17:13:03,1951862,14,associatedPartner,,0,0,false,,matched,https://ror.org/04xreqs31,Institute for Research in Fundamental Sciences,https://ror.org/04xreqs31,Institute for Research in Fundamental Sciences,1.0,1.0,0.255589,Institute for Research in Fundamental Sciences,ror_display,True,True,True,5,joined,https://openalex.org/I4210146419,Institute for Research in Fundamental Sciences,facility,IR,12560,1088275,2021,2026,3710,30911,"[{""cited_by_count"": 11334, ""works_count"": 684, ""year"": 2021}, {""cited_by_count"": 8196, ""works_count"": 620, ""year"": 2022}, {""cited_by_count"": 6109, ""works_count"": 690, ""year"": 2023}, {""cited_by_count"": 3878, ""works_count"": 739, ""year"": 2024}, {""cited_by_count"": 1312, ""works_count"": 641, ""year"": 2025}, {""cited_by_count"": 82, ""works_count"": 336, ""year"": 2026}]"
101087403,NAR-SAR-IPH,958780496,L.A .ORBELI INSTITUTE OF PHYSIOLOGYOF THE NATIONAL ACADEMY OF SCIENCESOF THE REPUBLIC OF ARMENIA STATE NON COMMERCIAL ORGANIZATION,IPH,false,HES,Yerevan,AM,AM,"40.1776121,44.5125849",,2022-11-12 14:29:19,1979047,1,coordinator,2415000,2415000,2415000,false,,abstained,,,https://ror.org/03r6rhw30,Institute of Geological Sciences,0.467641,0.397641,0.038826,Institute of Geological Sciences of the National Academy of Sciences of the Republic of Armenia,alias,True,True,False,5,not_matched,,,,,,,2021,2026,,,[]
101100680,GN5-1,999636217,RESEARCH AND EDUCATIONAL NETWORKING ASSOCIATION OF MOLDOVA,RENAM,true,OTH,CHISINAU,MD,MD,"47.0122737,28.8605936",http://www.renam.md,2025-05-27 17:56:31,2130878,27,participant,170575,170575,"213218,75",false,,matched,https://ror.org/01whxzd80,Research and Educational Networking Association of Moldova,https://ror.org/01whxzd80,Research and Educational Networking Association of Moldova,1.0,1.0,0.374754,Research and Educational Networking Association of Moldova,ror_display,True,True,True,5,joined,https://openalex.org/I2802918892,Research and Educational Networking Association of Moldova,other,MD,19,69,2021,2026,4,1,"[{""cited_by_count"": 1, ""works_count"": 3, ""year"": 2021}, {""cited_by_count"": 0, ""works_count"": 1, ""year"": 2024}]"
101100680,GN5-1,931545612,QENDREN NDERINSTITUCIONALE TE RRJETI AKADEMIK SHQIPTAR,RASH - ACADEMIC NETWORK OF ALBANIA,false,REC,TIRANA,AL,AL,"41.3214034,19.8138257",,2025-05-27 17:56:31,1947559,38,associatedPartner,,0,0,true,,abstained,,,https://ror.org/016sx0y50,Academy of Sciences of Albania,0.143524,0.073524,0.032583,Akademia e Shkencave e Shqiperise,alias,True,True,False,5,not_matched,,,,,,,2021,2026,,,[]
101059461,MONTEVITIS,892332392,ZAVOD ZA HIDROMETEOROLOGIJU I SEIZMOLOGIJU PODGORICA,INSTITUTE OF HYDROMETEOROLOGY AND SEISMOLOGY IHMS,false,REC,Podgorica,ME,ME000,"42.441129000000004,19.270099564920812",,2026-01-06 13:18:01,1979076,7,participant,39673.75,39673.75,"39673,75",false,,abstained,,,https://ror.org/05hhqnk82,Institute of Hydrometeorology and Seismology of Montenegro,0.40541,0.33541,0.084469,Hidrometeorološki zavod Crne Gore,label,True,True,False,5,not_matched,,,,,,,2021,2026,,,[]
101086638,Urban ReLeaf,970538448,RIGAS PLANOSANAS REGIONS,,false,PUB,Riga,LV,LV00A,"56.9493977,24.1051846",https://www.rpr.gov.lv,2025-08-11 10:04:47,1918109,12,participant,151625,151625,151625,false,,abstained,,,https://ror.org/00qaje814,Stockholm School of Economics in Riga,0.242005,0.172005,0.009747,SSE Riga,acronym,True,True,False,5,not_matched,,,,,,,2021,2026,,,[]
101086178,INNMEDSCAN,900483496,"NATIONAL NUCLEAR RESEARCH CENTER CJSC UNDER MINISTRY OF TRANSPORT, COMMUNICATIONS AND HIGH TECHNOLOGIES OF THE REPUBLIC OF AZERBAIJAN",NNRC,false,PRC,Baku,AZ,AZ,"40.3754434,49.8326748",,2026-06-03 16:47:51,1961154,8,associatedPartner,,0,0,false,,abstained,,,https://ror.org/03g11f026,National Nuclear Research Center,0.377692,0.307692,0.112938,National Nuclear Research Center,ror_display,True,True,False,5,not_matched,,,,,,,2021,2026,,,[]
101084398,CIRAWA,888071667,NJAWARA AGRICULTURAL TRAINING CENTRE,NJAWARA AGRICULTURAL TRAINING CENTRE,false,OTH,SEREKUNDA KMC,GM,GM,"13.438762,-16.674807",,2026-06-03 16:48:06,1989591,15,participant,136875,136875,136875,false,,matched,https://ror.org/053c1ry09,"Njawara Agricultural Training Centre, Gambia",https://ror.org/053c1ry09,"Njawara Agricultural Training Centre, Gambia",1.0,1.0,0.44719,Njawara Agricultural Training Centre,alias,True,False,True,5,joined,https://openalex.org/I4405262773,"Njawara Agricultural Training Centre, Gambia",facility,GM,0,0,2021,2026,0,0,[]
101084398,CIRAWA,885727468,THE NATIONAL SEED SECRETARIAT,National Seed Secretariat,false,REC,BANJUL,GM,GM,"13.45535,-16.575646",,2026-06-03 16:48:06,1979348,10,participant,182125,182125,182125,false,,abstained,,,https://ror.org/01a402j88,National HIV/AIDS Secretariat,0.382874,0.432874,0.005889,National HIV/AIDS Secretariat,ror_display,False,False,False,5,not_matched,,,,,,,2021,2026,,,[]
101057091,ODELIA,999633113,EIBIR GEMEINNUTZIGE GMBH ZUR FORDERUNG DER ERFORSCHUNG DER BIOMEDIZINISCHEN BILDGEBUNG,,false,REC,Wien,AT,AT130,"48.2132767,16.3693347",https://www.eibir.org,2026-06-17 15:02:31,1909591,1,coordinator,719624.5,719624.5,"719624,5",false,,abstained,,,https://ror.org/05aeq8963,Winicker Norimed GmbH (Germany),0.256438,0.306438,0.044775,Winicker-Norimed GmbH Medizinische Forschung,alias,False,False,False,5,not_matched,,,,,,,2021,2026,,,[]
101093202,Graph-Massivizer,937904447,PERACTON LIMITED,PERACTON,true,PRC,Galway,IE,IE042,"53.2744122,-9.0490631",,2026-04-30 14:50:04,2428613,3,participant,411250,411250,411250,false,,abstained,,,https://ror.org/0274hp184,EnteraSense Limited (Ireland),0.339,0.269,0.067572,EnteraSense Limited,label,True,True,False,5,not_matched,,,,,,,2021,2026,,,[]
101094529,SUPPORTER,995591705,UNIVERZITET U BANJOJ LUCI,UNIVERSITY OF BANJA LUKA,false,HES,BANJA LUKA,BA,BA,"44.7719893,17.1898768",https://www.unibl.org,2026-06-03 16:48:43,2149128,4,participant,47972.5,47972.5,"47972,5",false,,abstained,,,https://ror.org/0282m7c06,University of Banja Luka,0.613048,0.543048,0.319442,Univerzitet u Banja Luci,label,True,True,False,5,not_matched,,,,,,,2021,2026,,,[]
101092639,FAME,950828727,GFT ITALIA SRL,GFT,false,PRC,MILANO,IT,ITC4C,"45.4667971,9.1904984",,2025-10-07 14:43:31,2385054,1,coordinator,733368.32,733368.32,"1047669,03",false,,abstained,,,https://ror.org/015hz7767,Fraunhofer Italia Research,0.35541,0.33541,0.0,Fraunhofer Italia,alias,True,False,False,5,not_matched,,,,,,,2021,2026,,,[]
101091885,Mine.io,950828727,GFT ITALIA SRL,GFT,false,PRC,MILANO,IT,ITC4C,"45.4667971,9.1904984",,2026-06-22 12:36:43,2385054,1,coordinator,422766.17,422766.17,"603967,15",false,,abstained,,,https://ror.org/015hz7767,Fraunhofer Italia Research,0.35541,0.33541,0.0,Fraunhofer Italia,alias,True,False,False,5,not_matched,,,,,,,2021,2026,,,[]
101091826,MIMOSA,888134814,F3NICE AS,,true,PRC,Bergen,NO,NO0A2,"60.3904772,5.2675269",,2025-11-03 17:00:07,1979246,5,participant,895250,824250,895250,false,,abstained,,,https://ror.org/01pnt7129,Nano Center Indonesia,0.0,0.0,0.0,NCI,acronym,False,False,False,5,not_matched,,,,,,,2021,2026,,,[]
101091911,MADE-3D,910931657,Thermo Calc Solutions AB,TCSol,true,PRC,Solna,SE,SE110,"59.3636152,18.0193567",,2026-06-22 12:36:03,1966691,7,participant,623051,623051,"623051,25",false,,abstained,,,https://ror.org/03fxhzm84,"Thermo Co., Ltd. (Japan)",0.283333,0.333333,0.0,Thermo,alias,False,False,False,5,not_matched,,,,,,,2021,2026,,,[]
101095643,EUthyroid2,928526875,BANGLADESH UNIVERSITY OF HEALTH SCIENCES TRUST,BUHS TRUST,false,HES,DHAKA,BD,BD,"23.730468000000002,90.4107185",,2026-06-03 16:54:55,1979507,7,participant,36581.25,36581.25,"36581,25",false,,matched,https://ror.org/01wajxa36,Bangladesh University of Health Sciences,https://ror.org/01wajxa36,Bangladesh University of Health Sciences,0.87,0.8,0.32,Bangladesh University of Health Sciences,ror_display,True,True,False,5,joined,https://openalex.org/I4210112396,Bangladesh University of Health Sciences,education,BD,1343,210736,2021,2026,806,4920,"[{""cited_by_count"": 1747, ""works_count"": 129, ""year"": 2021}, {""cited_by_count"": 1012, ""works_count"": 132, ""year"": 2022}, {""cited_by_count"": 620, ""works_count"": 136, ""year"": 2023}, {""cited_by_count"": 363, ""works_count"": 116, ""year"": 2024}, {""cited_by_count"": 1162, ""works_count"": 169, ""year"": 2025}, {""cited_by_count"": 16, ""works_count"": 124, ""year"": 2026}]"
101082575,BUILDSPACE,970538448,RIGAS PLANOSANAS REGIONS,,false,PUB,Riga,LV,LV00A,"56.9493977,24.1051846",https://www.rpr.gov.lv,2026-01-26 15:49:11,1918109,13,participant,143750,143750,143750,false,,abstained,,,https://ror.org/00qaje814,Stockholm School of Economics in Riga,0.242005,0.172005,0.009747,SSE Riga,acronym,True,True,False,5,not_matched,,,,,,,2021,2026,,,[]
101095835,AGRARSENSE,999588784,POLITECHNIKA GDANSKA,GDANSK UNIVERSITY OF TECHNOLOGY,false,HES,GDANSK,PL,PL633,"54.3482259,18.6542888",http://www.pg.gda.pl,2026-04-24 14:07:11,1909285,17,participant,386249.5,386249.5,1103570,false,,matched,https://ror.org/006x4sc24,Gdańsk University of Technology,https://ror.org/006x4sc24,Gdańsk University of Technology,1.0,1.0,0.638002,Politechnika Gdańska,label,True,True,True,5,joined,https://openalex.org/I169333911,Gdańsk University of Technology,education,PL,31846,1041108,2021,2026,10472,117826,"[{""cited_by_count"": 35013, ""works_count"": 1754, ""year"": 2021}, {""cited_by_count"": 30890, ""works_count"": 1854, ""year"": 2022}, {""cited_by_count"": 29050, ""works_count"": 1977, ""year"": 2023}, {""cited_by_count"": 17617, ""works_count"": 1991, ""year"": 2024}, {""cited_by_count"": 5045, ""works_count"": 1909, ""year"": 2025}, {""cited_by_count"": 211, ""works_count"": 987, ""year"": 2026}]"
101094021,CLIMAS,916436601,UZDAROJI AKCINE BENDROVE ID VILNIUS,ID Vilnius,false,PRC,VILNIUS,LT,LT011,"54.7225416,25.3899088",,2025-10-07 14:43:38,1980381,7,participant,156125,156125,156125,false,,abstained,,,https://ror.org/004gnah66,Vilnius University of Applied Sciences,0.237705,0.167705,0.0,Vilnius College,alias,True,True,False,5,not_matched,,,,,,,2021,2026,,,[]
101094341,GAPs,887157636,BILIM ORGANIZATION FOR RESEARCH AND SOCIAL STUDIES,Bilim Organization for Research and Social Studies,false,REC,KABUL,AF,AF,"34.316449,70.6278498",,2026-06-03 16:54:57,1979823,12,participant,120250,120250,120250,false,,abstained,,,https://ror.org/00fwme054,Centro de Estudos Organizacionais e Sociais,0.377097,0.427097,0.033552,Centre for Organizational and Social Studies,label,False,False,False,5,not_matched,,,,,,,2021,2026,,,[]
101094341,GAPs,991910070,HASHEMITE UNIVERSITY,HU,false,REC,ZARQA,JO,JO,"32.10306482938104,36.181121504349456",,2026-06-03 16:54:57,2063136,7,participant,87250,87250,87250,false,,matched,https://ror.org/04a1r5z94,Hashemite University,https://ror.org/04a1r5z94,Hashemite University,1.0,1.0,0.68313,Hashemite University,ror_display,True,True,True,5,joined,https://openalex.org/I157392197,Hashemite University,education,JO,13518,304867,2021,2026,7804,59800,"[{""cited_by_count"": 15375, ""works_count"": 903, ""year"": 2021}, {""cited_by_count"": 17452, ""works_count"": 1366, ""year"": 2022}, {""cited_by_count"": 13386, ""works_count"": 1628, ""year"": 2023}, {""cited_by_count"": 9600, ""works_count"": 1651, ""year"": 2024}, {""cited_by_count"": 3840, ""works_count"": 1477, ""year"": 2025}, {""cited_by_count"": 147, ""works_count"": 779, ""year"": 2026}]"
101092947,Med-IPUT,999633113,EIBIR GEMEINNUTZIGE GMBH ZUR FORDERUNG DER ERFORSCHUNG DER BIOMEDIZINISCHEN BILDGEBUNG,,false,REC,Wien,AT,AT130,"48.2132767,16.3693347",https://www.eibir.org,2025-11-03 16:09:05,1909591,4,participant,433125,433125,433125,false,,abstained,,,https://ror.org/05aeq8963,Winicker Norimed GmbH (Germany),0.256438,0.306438,0.044775,Winicker-Norimed GmbH Medizinische Forschung,alias,False,False,False,5,not_matched,,,,,,,2021,2026,,,[]
101074008,PANTHEON,870889184,Educational Complex of the Ministry of Internal Affairs of the Republic of Armenia,MIA Educational Complex,false,HES,Yerevan,AM,AM,"40.1561936,44.4536144",,2026-06-03 16:55:06,1996789,17,participant,62500,62500,62500,false,,abstained,,,https://ror.org/03xnyzd31,Ministry of Internal Affairs of the Kyrgyz Republic,0.436931,0.486931,0.020943,Ministry of Internal Affairs of the Kyrgyz Republic,ror_display,False,False,False,5,not_matched,,,,,,,2021,2026,,,[]
101095290,SMIDGE,927578603,KOSOVAR CENTRE FOR SECURITY STUDIES,KCSS,false,REC,PRISHTINA,XK,XK001,"42.6286184,21.1129879",,2026-06-03 16:55:08,2382497,5,participant,206181.25,206181.25,"206181,25",false,,matched,https://ror.org/037wrv551,Kosovar Centre for Security Studies,https://ror.org/037wrv551,Kosovar Centre for Security Studies,1.0,1.0,0.672132,Kosovar Centre for Security Studies,ror_display,True,False,True,5,joined,https://openalex.org/I4210135118,Kosovar Centre for Security Studies,facility,XK,9,96,2021,2026,4,25,"[{""cited_by_count"": 1, ""works_count"": 1, ""year"": 2021}, {""cited_by_count"": 0, ""works_count"": 1, ""year"": 2022}, {""cited_by_count"": 24, ""works_count"": 2, ""year"": 2023}]"
101095423,YoPAAPE,997899432,WITS HEALTH CONSORTIUM (PTY) LTD,WHC,false,PRC,Johannesburg,ZA,ZA,"-26.205,28.049722",https://www.witshealth.co.za,2025-05-09 13:08:29,1935497,5,thirdParty,0,261125,0,false,,matched,https://ror.org/02a496f07,Witshealth Consortium (Pty) Ltd. (South Africa),https://ror.org/02a496f07,Witshealth Consortium (Pty) Ltd. (South Africa),1.0,1.0,0.545698,Wits Health Consortium,alias,True,True,True,5,joined,https://openalex.org/I4405267342,Witshealth Consortium (Pty) Ltd. (South Africa),company,ZA,0,0,2021,2026,0,0,[]
101094991,Fairville,998147558,NORTH-SOUTH CONSULTANTS EXCHANGE LLC,North South Consultants Exchange,false,PRC,CAIRO,EG,EG,"30.048819,31.243666",http://www.nsce-inter.com/,2026-06-29 16:31:57,1933857,10,participant,168915,168915,168915,false,,matched,https://ror.org/020az2v11,North South Consultants Exchange (Egypt),https://ror.org/020az2v11,North South Consultants Exchange (Egypt),1.0,1.0,0.67906,North South Consultants Exchange (Egypt),ror_display,True,True,True,5,joined,https://openalex.org/I4210110058,North South Consultants Exchange (Egypt),company,EG,2,0,2021,2026,2,0,"[{""cited_by_count"": 0, ""works_count"": 2, ""year"": 2025}]"
101096672,2LIPP,999588784,POLITECHNIKA GDANSKA,GDANSK UNIVERSITY OF TECHNOLOGY,false,HES,GDANSK,PL,PL633,"54.3482259,18.6542888",http://www.pg.gda.pl,2026-03-10 16:14:12,1909285,10,participant,443625,443625,443625,false,,matched,https://ror.org/006x4sc24,Gdańsk University of Technology,https://ror.org/006x4sc24,Gdańsk University of Technology,1.0,1.0,0.638002,Politechnika Gdańska,label,True,True,True,5,joined,https://openalex.org/I169333911,Gdańsk University of Technology,education,PL,31846,1041108,2021,2026,10472,117826,"[{""cited_by_count"": 35013, ""works_count"": 1754, ""year"": 2021}, {""cited_by_count"": 30890, ""works_count"": 1854, ""year"": 2022}, {""cited_by_count"": 29050, ""works_count"": 1977, ""year"": 2023}, {""cited_by_count"": 17617, ""works_count"": 1991, ""year"": 2024}, {""cited_by_count"": 5045, ""works_count"": 1909, ""year"": 2025}, {""cited_by_count"": 211, ""works_count"": 987, ""year"": 2026}]"
101091050,HuMUS,913380131,REGIONAL RURAL DEVELOPMENT STANDINGWORKING GROUP IN SEE,SWG RRD SECRETARIAT OF THE REGIONAL RURAL DEVELOPMENT STANDING WORKING GROUP,false,PUB,Skopje,MK,MK008,"41.6171214,21.7168387",,2026-05-21 18:36:27,1980120,14,participant,64688,64688,64688,false,,abstained,,,https://ror.org/013t7g336,Bioregional,0.3775,0.4275,0.175349,Bioregional Development Group,alias,False,False,False,5,not_matched,,,,,,,2021,2026,,,[]
101095170,OppAttune,927578603,KOSOVAR CENTRE FOR SECURITY STUDIES,KCSS,false,REC,PRISHTINA,XK,XK001,"42.6286184,21.1129879",,2026-06-03 16:55:39,2382497,13,participant,80018.75,80018.75,"80018,75",false,,matched,https://ror.org/037wrv551,Kosovar Centre for Security Studies,https://ror.org/037wrv551,Kosovar Centre for Security Studies,1.0,1.0,0.672132,Kosovar Centre for Security Studies,ror_display,True,False,True,5,joined,https://openalex.org/I4210135118,Kosovar Centre for Security Studies,facility,XK,9,96,2021,2026,4,25,"[{""cited_by_count"": 1, ""works_count"": 1, ""year"": 2021}, {""cited_by_count"": 0, ""works_count"": 1, ""year"": 2022}, {""cited_by_count"": 24, ""works_count"": 2, ""year"": 2023}]"
101100509,SYNBEE,949666473,HAMEEN AMMATTIKORKEAKOULU OY,HAME UNIVERSITY OF APPLIED SCIENCE LTD,false,HES,HAMEENLINNA,FI,FI1C2,"60.9770589,24.478227950678242",https://www.hamk.fi,2025-07-08 11:41:50,2537489,2,participant,162087,162087,0,false,,matched,https://ror.org/01eg9n443,Häme University of Applied Sciences,https://ror.org/01eg9n443,Häme University of Applied Sciences,1.0,1.0,0.624717,Hämeen ammattikorkeakoulu,label,True,True,True,5,joined,https://openalex.org/I4210105644,Häme University of Applied Sciences,education,FI,1963,28742,2021,2026,974,3591,"[{""cited_by_count"": 1175, ""works_count"": 126, ""year"": 2021}, {""cited_by_count"": 1034, ""works_count"": 137, ""year"": 2022}, {""cited_by_count"": 557, ""works_count"": 130, ""year"": 2023}, {""cited_by_count"": 593, ""works_count"": 203, ""year"": 2024}, {""cited_by_count"": 215, ""works_count"": 244, ""year"": 2025}, {""cited_by_count"": 17, ""works_count"": 134, ""year"": 2026}]"
101100509,SYNBEE,889985186,BIOCATALYST NODIBINAJUMS,BIOCATALYST FOUNDATION,false,OTH,Riga,LV,LV00A,"56.9571451,24.1089473",,2025-07-08 11:41:50,1980519,5,participant,149350,149350,0,false,,abstained,,,https://ror.org/00qvjvf51,Catalyst,0.4,0.45,0.0,Catalyst,ror_display,False,False,False,5,not_matched,,,,,,,2021,2026,,,[]
101072180,Green2Ice,998711419,THE UNIVERSITY OF MANITOBA,,false,HES,Manitoba,CA,CA,"55.001251,-97.001038",http://www.umanitoba.ca,2026-02-15 21:38:58,1906305,6,participant,50000,50000,50000,false,,matched,https://ror.org/02gfys938,University of Manitoba,https://ror.org/02gfys938,University of Manitoba,1.0,1.0,0.64459,University of Manitoba,ror_display,True,False,False,5,joined,https://openalex.org/I46247651,University of Manitoba,education,CA,116913,7569587,2021,2026,31153,276847,"[{""cited_by_count"": 103134, ""works_count"": 5682, ""year"": 2021}, {""cited_by_count"": 76562, ""works_count"": 5439, ""year"": 2022}, {""cited_by_count"": 53069, ""works_count"": 5816, ""year"": 2023}, {""cited_by_count"": 30981, ""works_count"": 5954, ""year"": 2024}, {""cited_by_count"": 12442, ""works_count"": 5222, ""year"": 2025}, {""cited_by_count"": 659, ""works_count"": 3040, ""year"": 2026}]"
101080238,Bootstrap,926738874,UNIVERSITY OF GIBRALTAR,,true,HES,Gibraltar,GI,GI,"36.111245196003395,-5.347929136917555",,2026-05-11 08:16:30,1981723,18,associatedPartner,,0,0,false,,matched,https://ror.org/057a6gk14,University of Gibraltar,https://ror.org/057a6gk14,University of Gibraltar,1.0,1.0,0.64755,University of Gibraltar,ror_display,True,True,True,5,joined,https://openalex.org/I4401200390,University of Gibraltar,education,,494,8977,2021,2026,428,5060,"[{""cited_by_count"": 1081, ""works_count"": 51, ""year"": 2021}, {""cited_by_count"": 1671, ""works_count"": 87, ""year"": 2022}, {""cited_by_count"": 1182, ""works_count"": 84, ""year"": 2023}, {""cited_by_count"": 842, ""works_count"": 86, ""year"": 2024}, {""cited_by_count"": 246, ""works_count"": 75, ""year"": 2025}, {""cited_by_count"": 38, ""works_count"": 45, ""year"": 2026}]"
101080238,Bootstrap,920828761,UNIVERSIDADE DE MACAU,UNIVERSITY OF MACAU,false,HES,Taipa,MO,MO,"22.160224718957764,113.56382524893262",,2026-05-11 08:16:30,1989056,25,associatedPartner,,0,0,false,,matched,https://ror.org/01r4q9n85,University of Macau,https://ror.org/01r4q9n85,University of Macau,1.0,1.0,0.112303,Universidade de Macau,label,True,False,True,5,joined,https://openalex.org/I204512498,University of Macau,education,MO,47180,2402873,2021,2026,26951,344474,"[{""cited_by_count"": 113738, ""works_count"": 3516, ""year"": 2021}, {""cited_by_count"": 91828, ""works_count"": 4357, ""year"": 2022}, {""cited_by_count"": 67113, ""works_count"": 4408, ""year"": 2023}, {""cited_by_count"": 49467, ""works_count"": 4945, ""year"": 2024}, {""cited_by_count"": 21241, ""works_count"": 6208, ""year"": 2025}, {""cited_by_count"": 1087, ""works_count"": 3517, ""year"": 2026}]"
101080302,AI-POD,999633113,EIBIR GEMEINNUTZIGE GMBH ZUR FORDERUNG DER ERFORSCHUNG DER BIOMEDIZINISCHEN BILDGEBUNG,,false,REC,Wien,AT,AT130,"48.2132767,16.3693347",https://www.eibir.org,2026-06-03 16:56:35,1909591,2,participant,491875,491875,491875,false,,abstained,,,https://ror.org/05aeq8963,Winicker Norimed GmbH (Germany),0.256438,0.306438,0.044775,Winicker-Norimed GmbH Medizinische Forschung,alias,False,False,False,5,not_matched,,,,,,,2021,2026,,,[]
101105000,WomenAndOceans,908150764,University of Guam,University of Guam,false,PUB,Mangilao,GU,GU,"13.42857055,144.79882945948668",,2026-06-19 16:11:24,1981780,2,associatedPartner,,0,0,false,,matched,https://ror.org/00376bg92,University of Guam,https://ror.org/00376bg92,University of Guam,1.0,1.0,0.595455,University of Guam,ror_display,True,False,True,5,joined,https://openalex.org/I80276326,University of Guam,education,GU,4068,106963,2021,2026,1354,4665,"[{""cited_by_count"": 1498, ""works_count"": 188, ""year"": 2021}, {""cited_by_count"": 1340, ""works_count"": 188, ""year"": 2022}, {""cited_by_count"": 1020, ""works_count"": 219, ""year"": 2023}, {""cited_by_count"": 560, ""works_count"": 467, ""year"": 2024}, {""cited_by_count"": 219, ""works_count"": 196, ""year"": 2025}, {""cited_by_count"": 28, ""works_count"": 96, ""year"": 2026}]"
101106301,MetaMagic,901812881,University of Hong Kong,,false,PRC,Hong Kong,HK,HK,,,2025-05-20 16:23:13,1981781,2,associatedPartner,,0,0,true,,matched,https://ror.org/02zhqgq86,University of Hong Kong,https://ror.org/02zhqgq86,University of Hong Kong,1.0,1.0,0.025786,University of Hong Kong,ror_display,True,False,True,5,joined,https://openalex.org/I889458895,University of Hong Kong,education,HK,230404,22019278,2021,2026,92910,1126497,"[{""cited_by_count"": 361148, ""works_count"": 12297, ""year"": 2021}, {""cited_by_count"": 303690, ""works_count"": 15335, ""year"": 2022}, {""cited_by_count"": 229957, ""works_count"": 16161, ""year"": 2023}, {""cited_by_count"": 161426, ""works_count"": 18188, ""year"": 2024}, {""cited_by_count"": 66504, ""works_count"": 19384, ""year"": 2025}, {""cited_by_count"": 3772, ""works_count"": 11545, ""year"": 2026}]"
101113993,GreenH2Wave,887741964,FRENESIM DAS ONDAS LDA,,true,PRC,Amadora,PT,PT,"38.7927529,-9.2310089",,2023-07-11 15:44:11,1982153,1,coordinator,75000,75000,0,false,,abstained,,,https://ror.org/00p9xg744,Livraria de José Alves (Portugal),0.353333,0.333333,0.07,LDA,acronym,True,False,False,5,not_matched,,,,,,,2021,2026,,,[]
101112988,KEEPER,999588784,POLITECHNIKA GDANSKA,GDANSK UNIVERSITY OF TECHNOLOGY,false,HES,GDANSK,PL,PL633,"54.3482259,18.6542888",http://www.pg.gda.pl,2025-11-05 11:03:36,1909285,3,participant,0,0,0,true,,matched,https://ror.org/006x4sc24,Gdańsk University of Technology,https://ror.org/006x4sc24,Gdańsk University of Technology,1.0,1.0,0.638002,Politechnika Gdańska,label,True,True,True,5,joined,https://openalex.org/I169333911,Gdańsk University of Technology,education,PL,31846,1041108,2021,2026,10472,117826,"[{""cited_by_count"": 35013, ""works_count"": 1754, ""year"": 2021}, {""cited_by_count"": 30890, ""works_count"": 1854, ""year"": 2022}, {""cited_by_count"": 29050, ""works_count"": 1977, ""year"": 2023}, {""cited_by_count"": 17617, ""works_count"": 1991, ""year"": 2024}, {""cited_by_count"": 5045, ""works_count"": 1909, ""year"": 2025}, {""cited_by_count"": 211, ""works_count"": 987, ""year"": 2026}]"
101103772,ELABORATOR,900981203,MULTICRITERI-MCRIT AIE,,true,PRC,Barcelona,ES,ES511,"41.370449300000004,2.1500219563810696",,2026-06-22 12:42:03,1968677,4,participant,156625,156625,223750,false,,abstained,,,https://ror.org/05b6m5m63,Mcrit (Spain),0.403333,0.333333,0.05,Mcrit (Spain),ror_display,True,True,False,5,not_matched,,,,,,,2021,2026,,,[]
101119924,BE-LIGHT,999588784,POLITECHNIKA GDANSKA,GDANSK UNIVERSITY OF TECHNOLOGY,false,HES,GDANSK,PL,PL633,"54.3482259,18.6542888",http://www.pg.gda.pl,2026-04-20 12:46:21,1909285,5,participant,226512,226512,0,false,,matched,https://ror.org/006x4sc24,Gdańsk University of Technology,https://ror.org/006x4sc24,Gdańsk University of Technology,1.0,1.0,0.638002,Politechnika Gdańska,label,True,True,True,5,joined,https://openalex.org/I169333911,Gdańsk University of Technology,education,PL,31846,1041108,2021,2026,10472,117826,"[{""cited_by_count"": 35013, ""works_count"": 1754, ""year"": 2021}, {""cited_by_count"": 30890, ""works_count"": 1854, ""year"": 2022}, {""cited_by_count"": 29050, ""works_count"": 1977, ""year"": 2023}, {""cited_by_count"": 17617, ""works_count"": 1991, ""year"": 2024}, {""cited_by_count"": 5045, ""works_count"": 1909, ""year"": 2025}, {""cited_by_count"": 211, ""works_count"": 987, ""year"": 2026}]"
101103283,Decide-TB,998713359,MINISTERIO DA SAUDE,MINISTRY OF HEALTH,false,PUB,Maputo,MZ,MZ,,,2026-06-03 16:58:43,2125970,10,participant,477687.5,477687.5,"477687,5",false,,matched,https://ror.org/059f2k568,Ministry of Health,https://ror.org/059f2k568,Ministry of Health,1.0,1.0,0.05,Ministério da Saúde,alias,True,True,True,5,joined,https://openalex.org/I4210166169,Ministry of Health,government,MZ,1293,60956,2021,2026,553,5657,"[{""cited_by_count"": 3010, ""works_count"": 83, ""year"": 2021}, {""cited_by_count"": 1098, ""works_count"": 114, ""year"": 2022}, {""cited_by_count"": 937, ""works_count"": 79, ""year"": 2023}, {""cited_by_count"": 394, ""works_count"": 123, ""year"": 2024}, {""cited_by_count"": 208, ""works_count"": 97, ""year"": 2025}, {""cited_by_count"": 10, ""works_count"": 57, ""year"": 2026}]"
101103213,IMPRIMA,883987579,INSTITUT NATIONAL DE SANTE PUBLIQUE,NATIONAL PUBLIC HEALTH INSTITUTE INSP,false,HES,Bujumbura,BI,BI,"-3.3730778777726376,29.36023312823755",,2026-06-03 16:58:44,1982382,6,participant,609267.5,609267.5,"609267,5",false,,matched,https://ror.org/042sjvf54,Institut National de sante publique,https://ror.org/042sjvf54,Institut National de sante publique,1.0,1.0,0.05,Institut National de sante publique,ror_display,True,True,True,5,joined,https://openalex.org/I4405260641,Institut National de sante publique,education,BI,0,0,2021,2026,0,0,[]
101094346,HRJust,998808710,NATIONAL TAIWAN UNIVERSITY,NTU,false,HES,Taipei,TW,TW,"25.0182673,121.535927",http://www.ntu.edu.tw,2025-05-09 11:52:03,1912550,10,participant,48120,48120,48120,false,,matched,https://ror.org/05bqach95,National Taiwan University,https://ror.org/05bqach95,National Taiwan University,1.0,1.0,0.025786,National Taiwan University,ror_display,True,True,True,5,joined,https://openalex.org/I16733864,National Taiwan University,education,TW,171713,12779358,2021,2026,46501,409813,"[{""cited_by_count"": 158658, ""works_count"": 7882, ""year"": 2021}, {""cited_by_count"": 109893, ""works_count"": 8146, ""year"": 2022}, {""cited_by_count"": 75395, ""works_count"": 8319, ""year"": 2023}, {""cited_by_count"": 44031, ""works_count"": 8684, ""year"": 2024}, {""cited_by_count"": 20843, ""works_count"": 8831, ""year"": 2025}, {""cited_by_count"": 993, ""works_count"": 4639, ""year"": 2026}]"
101103078,PDMC Saves Lives,885433752,TRAINING & RESEARCH UNIT OF EXCELLENCE LIMITED,,false,REC,Blantyre,MW,MW,"-15.68435015,34.92278380649101",,2023-07-20 12:24:44,1982591,6,participant,295082.45,295082.45,"295082,45",false,,abstained,,,https://ror.org/04d2k2606,Luto Research (United Kingdom),0.250176,0.300176,0.003424,Luto Research Limited,alias,False,False,False,5,not_matched,,,,,,,2021,2026,,,[]
101103195,SEARCH II,885354503,BOTSWANA MEDICINES REGULATORY AUTHORITY,,false,PUB,Gaborone,BW,BW,"-24.6581357,25.9088474",,2026-06-03 17:01:06,1982585,2,participant,108765,108765,108765,false,,abstained,,,https://ror.org/01jv4mt47,Botswana Qualifications Authority,0.376246,0.306246,0.133335,Botswana Qualifications Authority,ror_display,True,True,False,5,not_matched,,,,,,,2021,2026,,,[]
101103195,SEARCH II,954910390,FUNDACAO MANHICA,FM,false,REC,VILA DA MANHICA MAPUTO,MZ,MZ,"-25.9458524,32.569211",,2026-06-03 17:01:06,1970787,7,participant,132335.13,132335.13,"132335,13",false,,abstained,,,https://ror.org/047rnn627,Fundação Otorrinolaringologia,0.28541,0.33541,0.002253,Fundação Otorrinolaringologia,ror_display,False,False,False,5,not_matched,,,,,,,2021,2026,,,[]
101103195,SEARCH II,885353145,MINISTRY OF HEALTH LESOTHO,Ministry of Health,false,PUB,Maseru,LS,LS,"-29.31189015,27.479882511867103",,2026-06-03 17:01:06,1982588,4,participant,82596.25,82596.25,"82596,25",false,,abstained,,,https://ror.org/04yadxf37,Ministry of Health,0.736667,0.666667,0.12,Ministry of Health,ror_display,True,True,False,5,not_matched,,,,,,,2021,2026,,,[]
101103195,SEARCH II,975490492,MINISTRY OF HEALTH,,false,PUB,Mbabane,SZ,SZ,"-26.316323130424085,31.145112040535267",http://www.gov.sz,2026-06-03 17:01:06,2155962,3,participant,93022.5,93022.5,"93022,5",false,,matched,https://ror.org/053ykx779,Ministry of Health,https://ror.org/053ykx779,Ministry of Health,1.0,1.0,0.05,Ministry of Health,ror_display,True,True,True,5,joined,https://openalex.org/I4210163772,Ministry of Health,government,SZ,519,12616,2021,2026,302,2020,"[{""cited_by_count"": 823, ""works_count"": 47, ""year"": 2021}, {""cited_by_count"": 698, ""works_count"": 53, ""year"": 2022}, {""cited_by_count"": 273, ""works_count"": 44, ""year"": 2023}, {""cited_by_count"": 115, ""works_count"": 39, ""year"": 2024}, {""cited_by_count"": 98, ""works_count"": 75, ""year"": 2025}, {""cited_by_count"": 13, ""works_count"": 44, ""year"": 2026}]"
101106688,VIZPROP,999858347,BIRZEIT UNIVERSITY,BIRZEIT UNIVERSITY,true,HES,BIRZEIT,PS,PS,"32.461645,35.2980604",http://www.birzeit.edu,2026-06-03 12:38:30,1911433,2,associatedPartner,,0,0,false,,matched,https://ror.org/0256kw398,Birzeit University,https://ror.org/0256kw398,Birzeit University,1.0,1.0,0.595455,Birzeit University,ror_display,True,True,True,5,joined,https://openalex.org/I94800806,Birzeit University,education,PS,3618,168051,2021,2026,1579,17394,"[{""cited_by_count"": 5352, ""works_count"": 248, ""year"": 2021}, {""cited_by_count"": 4238, ""works_count"": 291, ""year"": 2022}, {""cited_by_count"": 4959, ""works_count"": 325, ""year"": 2023}, {""cited_by_count"": 1524, ""works_count"": 259, ""year"": 2024}, {""cited_by_count"": 1287, ""works_count"": 316, ""year"": 2025}, {""cited_by_count"": 34, ""works_count"": 140, ""year"": 2026}]"
101084332,PHITO,887868646,SMARTFARMING B.V.,,true,PRC,WAGENINGEN,NL,NL221,"51.9686076,5.6680434",,2026-04-15 15:21:24,1982528,2,participant,407006.25,407006.25,"581437,5",false,,abstained,,,https://ror.org/0233s3730,Pharming Group (Netherlands),0.02,0.0,0.02,Pharming Group (Netherlands),ror_display,True,False,False,5,not_matched,,,,,,,2021,2026,,,[]
101106395,SOLACE-aDNA,997324028,UNIVERSITY OF THE SOUTH PACIFIC,USP,false,HES,Suva,FJ,FJ,"-18.1493051,178.45316212915193",https://www.usp.ac.fj,2025-07-30 14:08:06,1948564,4,associatedPartner,,0,0,false,,matched,https://ror.org/008stv805,University of the South Pacific,https://ror.org/008stv805,University of the South Pacific,1.0,1.0,0.145786,University of the South Pacific,ror_display,True,True,True,5,joined,https://openalex.org/I44666525,University of the South Pacific,education,FJ,6144,203170,2021,2026,2099,21011,"[{""cited_by_count"": 8515, ""works_count"": 412, ""year"": 2021}, {""cited_by_count"": 5801, ""works_count"": 414, ""year"": 2022}, {""cited_by_count"": 3923, ""works_count"": 450, ""year"": 2023}, {""cited_by_count"": 2032, ""works_count"": 321, ""year"": 2024}, {""cited_by_count"": 700, ""works_count"": 312, ""year"": 2025}, {""cited_by_count"": 40, ""works_count"": 190, ""year"": 2026}]"
101103059,GREAT-LIFE,883987579,INSTITUT NATIONAL DE SANTE PUBLIQUE,NATIONAL PUBLIC HEALTH INSTITUTE INSP,false,HES,Bujumbura,BI,BI,"-3.3730778777726376,29.36023312823755",,2026-06-03 17:02:10,1982382,4,participant,412500,412500,412500,false,,matched,https://ror.org/042sjvf54,Institut National de sante publique,https://ror.org/042sjvf54,Institut National de sante publique,1.0,1.0,0.05,Institut National de sante publique,ror_display,True,True,True,5,joined,https://openalex.org/I4405260641,Institut National de sante publique,education,BI,0,0,2021,2026,0,0,[]
101120560,AGRI-DRY,884401963,The Botswana Society,The Botswana Society,false,REC,Gaborone,BW,BW,"-24.6581357,25.9088474",,2026-06-03 17:03:25,1982525,11,associatedPartner,,0,0,false,,matched,https://ror.org/00tet8b29,The Botswana Society,https://ror.org/00tet8b29,The Botswana Society,1.0,1.0,0.61,The Botswana Society,ror_display,True,True,True,5,joined,https://openalex.org/I4405262006,The Botswana Society,facility,BW,0,0,2021,2026,0,0,[]
101120342,DAiSI,890779713,Athletics Integrity Unit,,false,OTH,Monaco,MC,MC,"43.7327806,7.4252031",,2026-06-03 17:04:02,1982848,5,associatedPartner,,0,0,false,,abstained,,,https://ror.org/015xjsg96,Universidade Tiradentes,0.283333,0.333333,0.047619,UNIT,acronym,False,False,False,5,not_matched,,,,,,,2021,2026,,,[]
101112089,AIMS5.0,997393577,AITIA INTERNATIONAL INFORMATIKAI ZARTKORUEN MUKODO RT,AITIA INTERNATIONAL,true,PRC,Budapest,HU,HU110,"47.5793383,19.052829826241954",http://www.aitia.ai,2026-06-19 16:16:05,1918860,33,participant,258750,258750,862500,false,,abstained,,,https://ror.org/02fwr8382,AITIA International (Hungary),0.47,0.4,0.270103,AITIA International (Hungary),ror_display,True,True,False,5,not_matched,,,,,,,2021,2026,,,[]
101112089,AIMS5.0,999588784,POLITECHNIKA GDANSKA,GDANSK UNIVERSITY OF TECHNOLOGY,false,HES,GDANSK,PL,PL633,"54.3482259,18.6542888",http://www.pg.gda.pl,2026-06-19 16:16:05,1909285,46,participant,136836.26,136836.26,"390960,74",false,,matched,https://ror.org/006x4sc24,Gdańsk University of Technology,https://ror.org/006x4sc24,Gdańsk University of Technology,1.0,1.0,0.638002,Politechnika Gdańska,label,True,True,True,5,joined,https://openalex.org/I169333911,Gdańsk University of Technology,education,PL,31846,1041108,2021,2026,10472,117826,"[{""cited_by_count"": 35013, ""works_count"": 1754, ""year"": 2021}, {""cited_by_count"": 30890, ""works_count"": 1854, ""year"": 2022}, {""cited_by_count"": 29050, ""works_count"": 1977, ""year"": 2023}, {""cited_by_count"": 17617, ""works_count"": 1991, ""year"": 2024}, {""cited_by_count"": 5045, ""works_count"": 1909, ""year"": 2025}, {""cited_by_count"": 211, ""works_count"": 987, ""year"": 2026}]"
101119897,AIM-NEXT,962882432,HILTI AKTIENGESELLSCHAFT,,false,PRC,Schaan,LI,LI000,"47.1663397,9.510312",,2026-06-03 17:04:11,1947339,11,associatedPartner,,0,0,false,,matched,https://ror.org/044h7tr79,Hilti (Liechtenstein),https://ror.org/044h7tr79,Hilti (Liechtenstein),1.0,1.0,0.6,Hilti Aktiengesellschaft,alias,True,True,True,5,joined,https://openalex.org/I94297397,Hilti (Liechtenstein),company,LI,1255,19970,2021,2026,568,1498,"[{""cited_by_count"": 445, ""works_count"": 48, ""year"": 2021}, {""cited_by_count"": 666, ""works_count"": 94, ""year"": 2022}, {""cited_by_count"": 161, ""works_count"": 136, ""year"": 2023}, {""cited_by_count"": 165, ""works_count"": 87, ""year"": 2024}, {""cited_by_count"": 58, ""works_count"": 122, ""year"": 2025}, {""cited_by_count"": 3, ""works_count"": 81, ""year"": 2026}]"
101112282,Resilient Trust,999588784,POLITECHNIKA GDANSKA,GDANSK UNIVERSITY OF TECHNOLOGY,false,HES,GDANSK,PL,PL633,"54.3482259,18.6542888",http://www.pg.gda.pl,2026-04-20 15:25:15,1909285,29,associatedPartner,,0,0,true,,matched,https://ror.org/006x4sc24,Gdańsk University of Technology,https://ror.org/006x4sc24,Gdańsk University of Technology,1.0,1.0,0.638002,Politechnika Gdańska,label,True,True,True,5,joined,https://openalex.org/I169333911,Gdańsk University of Technology,education,PL,31846,1041108,2021,2026,10472,117826,"[{""cited_by_count"": 35013, ""works_count"": 1754, ""year"": 2021}, {""cited_by_count"": 30890, ""works_count"": 1854, ""year"": 2022}, {""cited_by_count"": 29050, ""works_count"": 1977, ""year"": 2023}, {""cited_by_count"": 17617, ""works_count"": 1991, ""year"": 2024}, {""cited_by_count"": 5045, ""works_count"": 1909, ""year"": 2025}, {""cited_by_count"": 211, ""works_count"": 987, ""year"": 2026}]"
101112109,SUSTRONICS,999588784,POLITECHNIKA GDANSKA,GDANSK UNIVERSITY OF TECHNOLOGY,false,HES,GDANSK,PL,PL633,"54.3482259,18.6542888",http://www.pg.gda.pl,2026-06-19 16:16:04,1909285,36,participant,374587.5,374587.5,1070250,false,,matched,https://ror.org/006x4sc24,Gdańsk University of Technology,https://ror.org/006x4sc24,Gdańsk University of Technology,1.0,1.0,0.638002,Politechnika Gdańska,label,True,True,True,5,joined,https://openalex.org/I169333911,Gdańsk University of Technology,education,PL,31846,1041108,2021,2026,10472,117826,"[{""cited_by_count"": 35013, ""works_count"": 1754, ""year"": 2021}, {""cited_by_count"": 30890, ""works_count"": 1854, ""year"": 2022}, {""cited_by_count"": 29050, ""works_count"": 1977, ""year"": 2023}, {""cited_by_count"": 17617, ""works_count"": 1991, ""year"": 2024}, {""cited_by_count"": 5045, ""works_count"": 1909, ""year"": 2025}, {""cited_by_count"": 211, ""works_count"": 987, ""year"": 2026}]"
101111977,Arrowhead FPVN,997393577,AITIA INTERNATIONAL INFORMATIKAI ZARTKORUEN MUKODO RT,AITIA INTERNATIONAL,true,PRC,Budapest,HU,HU110,"47.5793383,19.052829826241954",http://www.aitia.ai,2026-06-19 16:15:12,1918860,8,participant,260625,260625,868750,false,,abstained,,,https://ror.org/02fwr8382,AITIA International (Hungary),0.47,0.4,0.270103,AITIA International (Hungary),ror_display,True,True,False,5,not_matched,,,,,,,2021,2026,,,[]
101103476,ERA TALENT,998241163,STREDISKO SPOLECNYCH CINNOSTI AV CR v.v.i.,"SSC AV CR, v.v.i.",false,PUB,Prague 1,CZ,CZ,"50.0815432,14.4142369",https://www.ssc.cas.cz,2025-04-28 13:39:14,1941073,21,participant,52500,52500,52500,false,,matched,https://ror.org/03zkxs276,"Czech Academy of Sciences, Centre of Administration and Operations",https://ror.org/03zkxs276,"Czech Academy of Sciences, Centre of Administration and Operations",1.0,1.0,0.858069,"Středisko společných činností AV ČR, v. v. i.",label,True,False,True,5,joined,https://openalex.org/I4210133771,"Czech Academy of Sciences, Centre of Administration and Operations",nonprofit,CZ,31,322,2021,2026,29,13,"[{""cited_by_count"": 0, ""works_count"": 14, ""year"": 2022}, {""cited_by_count"": 6, ""works_count"": 5, ""year"": 2024}, {""cited_by_count"": 7, ""works_count"": 5, ""year"": 2025}, {""cited_by_count"": 0, ""works_count"": 5, ""year"": 2026}]"
101103476,ERA TALENT,995591705,UNIVERZITET U BANJOJ LUCI,UNIVERSITY OF BANJA LUKA,false,HES,BANJA LUKA,BA,BA,"44.7719893,17.1898768",https://www.unibl.org,2025-04-28 13:39:14,2149128,26,participant,22500,22500,22500,false,,abstained,,,https://ror.org/0282m7c06,University of Banja Luka,0.613048,0.543048,0.319442,Univerzitet u Banja Luci,label,True,True,False,5,not_matched,,,,,,,2021,2026,,,[]
101109743,Quivers,998808710,NATIONAL TAIWAN UNIVERSITY,NTU,false,HES,Taipei,TW,TW,"25.0182673,121.535927",http://www.ntu.edu.tw,2025-06-10 16:10:03,1912550,3,associatedPartner,,0,0,false,,matched,https://ror.org/05bqach95,National Taiwan University,https://ror.org/05bqach95,National Taiwan University,1.0,1.0,0.025786,National Taiwan University,ror_display,True,True,True,5,joined,https://openalex.org/I16733864,National Taiwan University,education,TW,171713,12779358,2021,2026,46501,409813,"[{""cited_by_count"": 158658, ""works_count"": 7882, ""year"": 2021}, {""cited_by_count"": 109893, ""works_count"": 8146, ""year"": 2022}, {""cited_by_count"": 75395, ""works_count"": 8319, ""year"": 2023}, {""cited_by_count"": 44031, ""works_count"": 8684, ""year"": 2024}, {""cited_by_count"": 20843, ""works_count"": 8831, ""year"": 2025}, {""cited_by_count"": 993, ""works_count"": 4639, ""year"": 2026}]"
101094546,WISER,882386303,UNIVERSITE OF ORAN2,,false,PUB,ORAN,DZ,DZ,"35.7067925,-0.48658348081329506",,2026-05-06 07:31:29,1983735,21,participant,17500,17500,17500,false,,abstained,,,https://ror.org/059et2b68,Université Oran 1 Ahmed Ben Bella,0.988919,0.918919,0.024182,University of Oran,alias,True,True,False,5,not_matched,,,,,,,2021,2026,,,[]
101131147,ESCULAPE,998711419,THE UNIVERSITY OF MANITOBA,,false,HES,Manitoba,CA,CA,"55.001251,-97.001038",http://www.umanitoba.ca,2026-05-04 10:20:07,1906305,12,associatedPartner,,0,0,false,,matched,https://ror.org/02gfys938,University of Manitoba,https://ror.org/02gfys938,University of Manitoba,1.0,1.0,0.64459,University of Manitoba,ror_display,True,False,False,5,joined,https://openalex.org/I46247651,University of Manitoba,education,CA,116913,7569587,2021,2026,31153,276847,"[{""cited_by_count"": 103134, ""works_count"": 5682, ""year"": 2021}, {""cited_by_count"": 76562, ""works_count"": 5439, ""year"": 2022}, {""cited_by_count"": 53069, ""works_count"": 5816, ""year"": 2023}, {""cited_by_count"": 30981, ""works_count"": 5954, ""year"": 2024}, {""cited_by_count"": 12442, ""works_count"": 5222, ""year"": 2025}, {""cited_by_count"": 659, ""works_count"": 3040, ""year"": 2026}]"
101120390,USE IPM,995591705,UNIVERZITET U BANJOJ LUCI,UNIVERSITY OF BANJA LUKA,false,HES,BANJA LUKA,BA,BA,"44.7719893,17.1898768",https://www.unibl.org,2026-06-03 17:04:31,2149128,3,participant,422275,422275,422275,false,,abstained,,,https://ror.org/0282m7c06,University of Banja Luka,0.613048,0.543048,0.319442,Univerzitet u Banja Luci,label,True,True,False,5,not_matched,,,,,,,2021,2026,,,[]
101114611,GEESE,991824031,Virgin Atlantic Airways Ltd,,false,PRC,Crawley,,,"51.132867859266646,-0.18120416288818297",,2024-05-06 04:38:58,1984151,17,associatedPartner,,0,0,false,,abstained,,,https://ror.org/0458dap48,Atlantic Technological University,0.265,0.285,0.0225,Atlantic TU,alias,,False,False,5,not_matched,,,,,,,2021,2026,,,[]
101106129,PRO-SLIDE,997262918,HONG KONG UNIVERSITY OF SCIENCE AND TECHNOLOGY,HKUST,false,HES,Hong Kong,HK,HK,"22.3154248,114.2703851",http://ami.ust.hk,2026-06-19 16:12:01,2123087,2,associatedPartner,,0,0,false,,matched,https://ror.org/00q4vv597,Hong Kong University of Science and Technology,https://ror.org/00q4vv597,Hong Kong University of Science and Technology,1.0,1.0,0.05,Hong Kong University of Science and Technology,ror_display,True,True,True,5,joined,https://openalex.org/I200769079,Hong Kong University of Science and Technology,education,HK,94717,8617391,2021,2026,36116,511588,"[{""cited_by_count"": 148906, ""works_count"": 4702, ""year"": 2021}, {""cited_by_count"": 133053, ""works_count"": 5307, ""year"": 2022}, {""cited_by_count"": 107634, ""works_count"": 6300, ""year"": 2023}, {""cited_by_count"": 89027, ""works_count"": 7365, ""year"": 2024}, {""cited_by_count"": 31370, ""works_count"": 7895, ""year"": 2025}, {""cited_by_count"": 1598, ""works_count"": 4547, ""year"": 2026}]"
101104268,AMIGOS,999513027,TRANSPORTOKONOMISK INSTITUTT,TOI,false,REC,Oslo,NO,NO081,"59.942353499999996,10.716316407483461",http://www.toi.no,2025-10-07 14:49:08,1913433,20,participant,683931.25,683931.25,"683931,25",false,,abstained,,,https://ror.org/04p2pa451,Institute of Transport Economics,0.398234,0.328234,0.042824,Transportøkonomisk institutt,alias,True,True,False,5,not_matched,,,,,,,2021,2026,,,[]
101103140,MOBILE MEN,997899432,WITS HEALTH CONSORTIUM (PTY) LTD,WHC,false,PRC,Johannesburg,ZA,ZA,"-26.205,28.049722",https://www.witshealth.co.za,2026-06-03 16:16:03,1935497,7,participant,3362.5,3362.5,"3362,5",false,,matched,https://ror.org/02a496f07,Witshealth Consortium (Pty) Ltd. (South Africa),https://ror.org/02a496f07,Witshealth Consortium (Pty) Ltd. (South Africa),1.0,1.0,0.545698,Wits Health Consortium,alias,True,True,True,5,joined,https://openalex.org/I4405267342,Witshealth Consortium (Pty) Ltd. (South Africa),company,ZA,0,0,2021,2026,0,0,[]
101130969,WE4STEM,908038729,UNIVERSITAS MUHAMMADIYAH PONTIANAK,UNIVERSITAS MUHAMMADIYAH PONTIANAK,false,HES,Pontianak,ID,ID,"-0.0486682,109.3437752",,2023-08-13 23:10:55,1970842,6,associatedPartner,,0,0,false,,matched,https://ror.org/04s11gh14,Universitas Muhammadiyah Pontianak,https://ror.org/04s11gh14,Universitas Muhammadiyah Pontianak,1.0,1.0,0.456108,Universitas Muhammadiyah Pontianak,ror_display,True,True,True,5,joined,https://openalex.org/I4210151769,Universitas Muhammadiyah Pontianak,education,ID,7847,31570,2021,2026,5356,5063,"[{""cited_by_count"": 1559, ""works_count"": 676, ""year"": 2021}, {""cited_by_count"": 1596, ""works_count"": 1249, ""year"": 2022}, {""cited_by_count"": 1193, ""works_count"": 919, ""year"": 2023}, {""cited_by_count"": 525, ""works_count"": 996, ""year"": 2024}, {""cited_by_count"": 184, ""works_count"": 1109, ""year"": 2025}, {""cited_by_count"": 6, ""works_count"": 407, ""year"": 2026}]"
101087162,SeaTecHub,887124268,SIBENSKO-KNINSKA ZUPANIJA,SIBENIK-KNIN COUNTY,false,PUB,SIBENIK,HR,HR034,"43.7337065,15.8964835",,2025-11-11 15:18:21,1983773,12,participant,232075,232075,232075,false,,abstained,,,https://ror.org/03x53pw92,Opća županijska bolnica Požega,0.124461,0.104461,0.001908,Opća županijska bolnica Požega,ror_display,True,False,False,5,not_matched,,,,,,,2021,2026,,,[]
101123326,INHERIT,970538448,RIGAS PLANOSANAS REGIONS,,false,PUB,Riga,LV,LV00A,"56.9493977,24.1051846",https://www.rpr.gov.lv,2026-01-23 07:56:15,1918109,12,participant,175825,175825,175825,false,,abstained,,,https://ror.org/00qaje814,Stockholm School of Economics in Riga,0.242005,0.172005,0.009747,SSE Riga,acronym,True,True,False,5,not_matched,,,,,,,2021,2026,,,[]
101092049,FORTIFIEDx,882399689,CENTRE NATIONAL DE FORMATION ET DE RECHERCHE EN SANTE RURALE DE MAFERINYAH,Centre National de Formation et de Recherche en Santé Rurale de Maferinyah,false,REC,FORECARIAH,GN,GN,"9.5455038,-13.2855794",,2024-09-06 17:45:03,1983869,9,participant,60425,60425,60425,false,,abstained,,,https://ror.org/03y3jby41,Centre National de Recherche et de Formation sur le Paludisme,0.360685,0.410685,0.056006,Centre National de Recherche et de Formation sur le Paludisme,ror_display,False,False,False,5,not_matched,,,,,,,2021,2026,,,[]
101120218,HumAIne,950828727,GFT ITALIA SRL,GFT,false,PRC,MILANO,IT,ITC4C,"45.4667971,9.1904984",,2025-07-22 13:48:09,2385054,1,coordinator,725000,725000,725000,false,,abstained,,,https://ror.org/015hz7767,Fraunhofer Italia Research,0.35541,0.33541,0.0,Fraunhofer Italia,alias,True,False,False,5,not_matched,,,,,,,2021,2026,,,[]
101089112,EDUCHANGE,869529147,ELTE KOZGAZDASAG- ES REGIONALIS TUDOMANYI KUTATOKOZPONT,ELTE KRTK,false,REC,Budapest,HU,HU110,"47.4736696,19.0744233",,2025-11-11 15:17:53,1994266,2,participant,70931,70931,70931,false,,matched,https://ror.org/051ea1411,ELTE Centre for Economic and Regional Studies,https://ror.org/051ea1411,ELTE Centre for Economic and Regional Studies,1.0,1.0,0.219118,ELTE Közgazdaság- és Regionális Tudományi Kutatóközpont,label,True,True,True,5,joined,https://openalex.org/I4210155320,ELTE Centre for Economic and Regional Studies,facility,HU,2134,25362,2021,2026,1139,6078,"[{""cited_by_count"": 1918, ""works_count"": 170, ""year"": 2021}, {""cited_by_count"": 1712, ""works_count"": 219, ""year"": 2022}, {""cited_by_count"": 1284, ""works_count"": 201, ""year"": 2023}, {""cited_by_count"": 761, ""works_count"": 221, ""year"": 2024}, {""cited_by_count"": 365, ""works_count"": 217, ""year"": 2025}, {""cited_by_count"": 38, ""works_count"": 111, ""year"": 2026}]"
101131263,ACROPICS,994168036,ROYAL UNIVERSITY OF AGRICULTURE,RUA,false,HES,Phnom Penh,KH,KH,"11.568271,104.9224426",http://www.rua.edu.kh,2024-09-06 18:33:16,2136649,12,associatedPartner,,0,0,false,,matched,https://ror.org/033dmae14,"Royal University of Agriculture, Cambodia",https://ror.org/033dmae14,"Royal University of Agriculture, Cambodia",0.974214,0.904214,0.124214,"Royal University of Agriculture, Cambodia",ror_display,True,True,False,5,joined,https://openalex.org/I2802342089,"Royal University of Agriculture, Cambodia",education,KH,943,11282,2021,2026,695,2062,"[{""cited_by_count"": 683, ""works_count"": 65, ""year"": 2021}, {""cited_by_count"": 609, ""works_count"": 51, ""year"": 2022}, {""cited_by_count"": 486, ""works_count"": 64, ""year"": 2023}, {""cited_by_count"": 206, ""works_count"": 87, ""year"": 2024}, {""cited_by_count"": 71, ""works_count"": 318, ""year"": 2025}, {""cited_by_count"": 7, ""works_count"": 110, ""year"": 2026}]"
101129903,SAV,996467906,MACQUARIE UNIVERSITY,,false,HES,Sydney,AU,AU,"-33.8548157,151.2164539",,2026-06-03 16:16:13,2945459,7,associatedPartner,,0,0,false,,matched,https://ror.org/01sf06y89,Macquarie University,https://ror.org/01sf06y89,Macquarie University,1.0,1.0,0.20436,Macquarie University,ror_display,True,True,True,5,joined,https://openalex.org/I99043593,Macquarie University,education,AU,101804,5440249,2021,2026,36674,372381,"[{""cited_by_count"": 144070, ""works_count"": 6924, ""year"": 2021}, {""cited_by_count"": 102497, ""works_count"": 6855, ""year"": 2022}, {""cited_by_count"": 68001, ""works_count"": 6367, ""year"": 2023}, {""cited_by_count"": 41854, ""works_count"": 6824, ""year"": 2024}, {""cited_by_count"": 15088, ""works_count"": 6324, ""year"": 2025}, {""cited_by_count"": 871, ""works_count"": 3380, ""year"": 2026}]"
101126571,CRYSTALLINE,999588784,POLITECHNIKA GDANSKA,GDANSK UNIVERSITY OF TECHNOLOGY,false,HES,GDANSK,PL,PL633,"54.3482259,18.6542888",http://www.pg.gda.pl,2026-05-25 13:19:11,1909285,14,associatedPartner,,0,0,false,,matched,https://ror.org/006x4sc24,Gdańsk University of Technology,https://ror.org/006x4sc24,Gdańsk University of Technology,1.0,1.0,0.638002,Politechnika Gdańska,label,True,True,True,5,joined,https://openalex.org/I169333911,Gdańsk University of Technology,education,PL,31846,1041108,2021,2026,10472,117826,"[{""cited_by_count"": 35013, ""works_count"": 1754, ""year"": 2021}, {""cited_by_count"": 30890, ""works_count"": 1854, ""year"": 2022}, {""cited_by_count"": 29050, ""works_count"": 1977, ""year"": 2023}, {""cited_by_count"": 17617, ""works_count"": 1991, ""year"": 2024}, {""cited_by_count"": 5045, ""works_count"": 1909, ""year"": 2025}, {""cited_by_count"": 211, ""works_count"": 987, ""year"": 2026}]"
101131090,K-Reporters,924681601,UNIVERSIDAD DE EL SALVADOR,,false,HES,SAN SALVADOR,SV,SV,"13.692948093213836,-89.21820783137152",,2026-06-03 16:16:27,1984413,10,associatedPartner,,0,0,false,,matched,https://ror.org/03sbpft28,University of El Salvador,https://ror.org/03sbpft28,University of El Salvador,1.0,1.0,0.062303,Universidad de El Salvador,label,True,True,True,5,joined,https://openalex.org/I51361536,University of El Salvador,education,SV,4655,38066,2021,2026,2021,3255,"[{""cited_by_count"": 1075, ""works_count"": 303, ""year"": 2021}, {""cited_by_count"": 622, ""works_count"": 300, ""year"": 2022}, {""cited_by_count"": 822, ""works_count"": 408, ""year"": 2023}, {""cited_by_count"": 443, ""works_count"": 429, ""year"": 2024}, {""cited_by_count"": 283, ""works_count"": 405, ""year"": 2025}, {""cited_by_count"": 10, ""works_count"": 176, ""year"": 2026}]"
101081276,PREVENT,929283572,UNIVERSITE MOHAMMED V DE RABAT,UNIVERSITE MOHAMMED V DE RABAT,true,HES,Rabat,MA,MA,"34.0014733,-6.8435247",http://www.um5.ac.ma,2026-06-03 16:16:31,2303049,8,participant,141875,141875,141875,false,,matched,https://ror.org/00r8w8f84,Mohammed V University,https://ror.org/00r8w8f84,Mohammed V University,1.0,1.0,0.456627,Université Mohammed-V de Rabat,label,True,True,True,5,joined,https://openalex.org/I126477371,Mohammed V University,education,MA,51584,1436472,2021,2026,28369,135714,"[{""cited_by_count"": 45068, ""works_count"": 4125, ""year"": 2021}, {""cited_by_count"": 33775, ""works_count"": 4445, ""year"": 2022}, {""cited_by_count"": 28117, ""works_count"": 4969, ""year"": 2023}, {""cited_by_count"": 19904, ""works_count"": 5358, ""year"": 2024}, {""cited_by_count"": 8430, ""works_count"": 5506, ""year"": 2025}, {""cited_by_count"": 420, ""works_count"": 3966, ""year"": 2026}]"
101096250,RePower,886648289,AFRICA GREENTEC NIGER SARL,AGT NIGER,true,PRC,Niamey,NE,NE,"13.5395606,2.0639749",,2026-06-03 16:16:32,1984979,2,thirdParty,0,279252.56,0,false,,abstained,,,https://ror.org/011rkt464,Greentech (France),0.15,0.2,0.007143,Greentech (France),ror_display,False,False,False,5,not_matched,,,,,,,2021,2026,,,[]
101121863,FRONTIERS,905336988,ENSPIRE SCIENCE LTD,,true,PRC,REHOVOT,IL,IL,"32.0523573,34.7626219",,2026-06-03 16:16:38,1977393,1,coordinator,844187.5,844187.5,"844187,5",false,,abstained,,,https://ror.org/003rgm223,AB Science (France),0.3775,0.4275,0.0,AB Science (France),ror_display,False,False,False,5,not_matched,,,,,,,2021,2026,,,[]
101126688,CarrerasPathfinders,891819165,UNIVERSITY OF SHARJAH,,false,HES,Sharjah,AE,AE,"25.26519105,55.91143243267334",,2026-06-03 16:16:40,1984920,19,associatedPartner,,0,0,false,,matched,https://ror.org/00engpz63,University of Sharjah,https://ror.org/00engpz63,University of Sharjah,1.0,1.0,0.062303,University of Sharjah,ror_display,True,True,True,5,joined,https://openalex.org/I29891158,University of Sharjah,education,AE,28822,1016813,2021,2026,20597,256516,"[{""cited_by_count"": 76284, ""works_count"": 2865, ""year"": 2021}, {""cited_by_count"": 75570, ""works_count"": 3570, ""year"": 2022}, {""cited_by_count"": 57351, ""works_count"": 3852, ""year"": 2023}, {""cited_by_count"": 33590, ""works_count"": 4107, ""year"": 2024}, {""cited_by_count"": 13091, ""works_count"": 4110, ""year"": 2025}, {""cited_by_count"": 630, ""works_count"": 2093, ""year"": 2026}]"
101131738,Eye of Europe,869529147,ELTE KOZGAZDASAG- ES REGIONALIS TUDOMANYI KUTATOKOZPONT,ELTE KRTK,false,REC,Budapest,HU,HU110,"47.4736696,19.0744233",,2026-05-11 11:25:09,1994266,17,participant,42128.75,42128.75,"42128,75",false,,matched,https://ror.org/051ea1411,ELTE Centre for Economic and Regional Studies,https://ror.org/051ea1411,ELTE Centre for Economic and Regional Studies,1.0,1.0,0.219118,ELTE Közgazdaság- és Regionális Tudományi Kutatóközpont,label,True,True,True,5,joined,https://openalex.org/I4210155320,ELTE Centre for Economic and Regional Studies,facility,HU,2134,25362,2021,2026,1139,6078,"[{""cited_by_count"": 1918, ""works_count"": 170, ""year"": 2021}, {""cited_by_count"": 1712, ""works_count"": 219, ""year"": 2022}, {""cited_by_count"": 1284, ""works_count"": 201, ""year"": 2023}, {""cited_by_count"": 761, ""works_count"": 221, ""year"": 2024}, {""cited_by_count"": 365, ""works_count"": 217, ""year"": 2025}, {""cited_by_count"": 38, ""works_count"": 111, ""year"": 2026}]"
101131382,CLEANWATER,918939589,TECNOLOGICO NACIONAL DE MEXICO,,false,HES,Cuauhtemoc,MX,MX,"19.4326009,-99.1333416",,2026-03-24 10:48:35,2878687,11,associatedPartner,,0,0,false,,matched,https://ror.org/00davry38,Tecnológico Nacional de México,https://ror.org/00davry38,Tecnológico Nacional de México,1.0,1.0,0.075786,Tecnológico Nacional de México,ror_display,True,False,True,5,joined,https://openalex.org/I4210090124,Tecnológico Nacional de México,government,MX,21551,339650,2021,2026,14820,57961,"[{""cited_by_count"": 17996, ""works_count"": 1885, ""year"": 2021}, {""cited_by_count"": 17443, ""works_count"": 3441, ""year"": 2022}, {""cited_by_count"": 12281, ""works_count"": 2903, ""year"": 2023}, {""cited_by_count"": 7797, ""works_count"": 2948, ""year"": 2024}, {""cited_by_count"": 2357, ""works_count"": 2507, ""year"": 2025}, {""cited_by_count"": 87, ""works_count"": 1136, ""year"": 2026}]"
101135308,PLAN-B,999588784,POLITECHNIKA GDANSKA,GDANSK UNIVERSITY OF TECHNOLOGY,false,HES,GDANSK,PL,PL633,"54.3482259,18.6542888",http://www.pg.gda.pl,2026-06-03 16:16:52,1909285,2,participant,425050,425050,425050,false,,matched,https://ror.org/006x4sc24,Gdańsk University of Technology,https://ror.org/006x4sc24,Gdańsk University of Technology,1.0,1.0,0.638002,Politechnika Gdańska,label,True,True,True,5,joined,https://openalex.org/I169333911,Gdańsk University of Technology,education,PL,31846,1041108,2021,2026,10472,117826,"[{""cited_by_count"": 35013, ""works_count"": 1754, ""year"": 2021}, {""cited_by_count"": 30890, ""works_count"": 1854, ""year"": 2022}, {""cited_by_count"": 29050, ""works_count"": 1977, ""year"": 2023}, {""cited_by_count"": 17617, ""works_count"": 1991, ""year"": 2024}, {""cited_by_count"": 5045, ""works_count"": 1909, ""year"": 2025}, {""cited_by_count"": 211, ""works_count"": 987, ""year"": 2026}]"
101130009,HYWAY,999650282,UNIVERSITI PUTRA MALAYSIA,UPM,false,HES,Selangor Darul Ehsan,MY,MY,"2.3923759,112.8471939",,2026-06-30 08:07:35,2146163,15,associatedPartner,,0,0,false,,matched,https://ror.org/02e91jd64,Universiti Putra Malaysia,https://ror.org/02e91jd64,Universiti Putra Malaysia,1.0,1.0,0.424674,Universiti Putra Malaysia,ror_display,True,False,True,5,joined,https://openalex.org/I130343225,Universiti Putra Malaysia,education,MY,85146,4431849,2021,2026,34229,273548,"[{""cited_by_count"": 109151, ""works_count"": 6715, ""year"": 2021}, {""cited_by_count"": 76641, ""works_count"": 6472, ""year"": 2022}, {""cited_by_count"": 45871, ""works_count"": 6589, ""year"": 2023}, {""cited_by_count"": 28943, ""works_count"": 6144, ""year"": 2024}, {""cited_by_count"": 12420, ""works_count"": 5542, ""year"": 2025}, {""cited_by_count"": 522, ""works_count"": 2767, ""year"": 2026}]"
101130009,HYWAY,885598458,HYDROGEN REFINERY LTD,,true,PRC,London,UK,UK,"51.4135952,-0.23271906653386465",,2026-06-30 08:07:35,1984593,6,associatedPartner,,0,0,false,,abstained,,,https://ror.org/059q1xd66,RE Hydrogen (United Kingdom),0.4475,0.4275,0.118553,RE Hydrogen (United Kingdom),ror_display,True,False,False,5,not_matched,,,,,,,2021,2026,,,[]
101130915,AQUARIUS,998297908,GRONLANDS NATURINSTITUT,,false,REC,Nuuk,GL,GL,"64.1905067,-51.6952546940986",,2026-06-03 16:17:34,1916692,6,participant,219687.5,219687.5,"219687,5",false,,abstained,,,https://ror.org/0342y5q78,Grønlands Naturinstitut,0.445236,0.375236,0.445236,Grønlands Naturinstitut,ror_display,True,True,False,5,not_matched,,,,,,,2021,2026,,,[]
101130949,POLARIN,998297908,GRONLANDS NATURINSTITUT,,false,REC,Nuuk,GL,GL,"64.1905067,-51.6952546940986",,2025-12-04 10:19:03,1916692,24,participant,85525,85525,85525,false,,abstained,,,https://ror.org/0342y5q78,Grønlands Naturinstitut,0.445236,0.375236,0.445236,Grønlands Naturinstitut,ror_display,True,True,False,5,not_matched,,,,,,,2021,2026,,,[]
101131106,LESIA,997262918,HONG KONG UNIVERSITY OF SCIENCE AND TECHNOLOGY,HKUST,false,HES,Hong Kong,HK,HK,"22.3154248,114.2703851",http://ami.ust.hk,2026-04-24 14:07:11,2123087,11,associatedPartner,,0,0,false,,matched,https://ror.org/00q4vv597,Hong Kong University of Science and Technology,https://ror.org/00q4vv597,Hong Kong University of Science and Technology,1.0,1.0,0.05,Hong Kong University of Science and Technology,ror_display,True,True,True,5,joined,https://openalex.org/I200769079,Hong Kong University of Science and Technology,education,HK,94717,8617391,2021,2026,36116,511588,"[{""cited_by_count"": 148906, ""works_count"": 4702, ""year"": 2021}, {""cited_by_count"": 133053, ""works_count"": 5307, ""year"": 2022}, {""cited_by_count"": 107634, ""works_count"": 6300, ""year"": 2023}, {""cited_by_count"": 89027, ""works_count"": 7365, ""year"": 2024}, {""cited_by_count"": 31370, ""works_count"": 7895, ""year"": 2025}, {""cited_by_count"": 1598, ""works_count"": 4547, ""year"": 2026}]"
101131342,6G-ICARUS,882980525,INNOVATIVE DRONE SOLUTIONS PTY LTD,Sixarms,true,PRC,Gold Coast,AU,AU,"-28.1107626,153.4392919",,2026-04-20 12:42:04,1984664,20,associatedPartner,,0,0,false,,abstained,,,https://ror.org/039wntw43,Remidio Innovative Solutions (India),0.31154,0.36154,0.005165,Remidio Innovative Solutions (India),ror_display,False,False,False,5,not_matched,,,,,,,2021,2026,,,[]
101131146,UPGRADE,893188029,Servicio Geologico National,,false,PUB,Santo Domingo,DO,DO,"18.5638543,-69.8531692",,2026-06-03 16:17:33,1984658,14,associatedPartner,,0,0,false,,abstained,,,https://ror.org/00tgqzw13,NOAA National Weather Service,0.448676,0.498676,0.0,Servicio Meteorológico Nacional,label,False,False,False,5,not_matched,,,,,,,2021,2026,,,[]
101131725,EULAC ENERGYTRAN,915207611,FUNDACION CENTRO DE ALTA TECNOLOGIA,HIGH TECH CENTER FOUNDATION,false,REC,San Jose,CR,CR,"9.9325427,-84.0795782",,2026-06-19 16:25:48,3145041,10,participant,74981.25,74981.25,0,false,,abstained,,,https://ror.org/02tkjx303,Centro Nacional de Alta Tecnología,0.699019,0.629019,0.125904,Centro Nacional de Alta Tecnología,ror_display,True,True,False,5,not_matched,,,,,,,2021,2026,,,[]
101131725,EULAC ENERGYTRAN,918939589,TECNOLOGICO NACIONAL DE MEXICO,,false,HES,Cuauhtemoc,MX,MX,"19.4326009,-99.1333416",,2026-06-19 16:25:48,2878687,8,participant,75000,75000,0,false,,matched,https://ror.org/00davry38,Tecnológico Nacional de México,https://ror.org/00davry38,Tecnológico Nacional de México,1.0,1.0,0.075786,Tecnológico Nacional de México,ror_display,True,False,True,5,joined,https://openalex.org/I4210090124,Tecnológico Nacional de México,government,MX,21551,339650,2021,2026,14820,57961,"[{""cited_by_count"": 17996, ""works_count"": 1885, ""year"": 2021}, {""cited_by_count"": 17443, ""works_count"": 3441, ""year"": 2022}, {""cited_by_count"": 12281, ""works_count"": 2903, ""year"": 2023}, {""cited_by_count"": 7797, ""works_count"": 2948, ""year"": 2024}, {""cited_by_count"": 2357, ""works_count"": 2507, ""year"": 2025}, {""cited_by_count"": 87, ""works_count"": 1136, ""year"": 2026}]"
101135209,XR5.0,950828727,GFT ITALIA SRL,GFT,false,PRC,MILANO,IT,ITC4C,"45.4667971,9.1904984",,2026-05-18 14:10:51,2385054,1,coordinator,524825,524825,749750,false,,abstained,,,https://ror.org/015hz7767,Fraunhofer Italia Research,0.35541,0.33541,0.0,Fraunhofer Italia,alias,True,False,False,5,not_matched,,,,,,,2021,2026,,,[]
101135671,TrustLLM,883476971,MIOEIND EHF.,,true,PRC,REYKJAVIK,IS,IS001,"64.15675625,-21.95119361489469",,2026-01-12 02:56:04,1984783,5,participant,746875,746875,746875,false,,abstained,,,https://ror.org/03szkq031,Environment and Health Fund,0.45,0.5,0.114286,EHF,acronym,False,False,False,5,not_matched,,,,,,,2021,2026,,,[]
101135861,SPIDER,915207611,FUNDACION CENTRO DE ALTA TECNOLOGIA,HIGH TECH CENTER FOUNDATION,false,REC,San Jose,CR,CR,"9.9325427,-84.0795782",,2026-04-20 12:38:50,3145041,9,participant,175025,175025,175025,false,,abstained,,,https://ror.org/02tkjx303,Centro Nacional de Alta Tecnología,0.699019,0.629019,0.125904,Centro Nacional de Alta Tecnología,ror_display,True,True,False,5,not_matched,,,,,,,2021,2026,,,[]
101097789,MACROMGR,869529147,ELTE KOZGAZDASAG- ES REGIONALIS TUDOMANYI KUTATOKOZPONT,ELTE KRTK,false,REC,Budapest,HU,HU110,"47.4736696,19.0744233",,2025-12-18 12:07:51,1994266,2,participant,345102,345102,345102,false,,matched,https://ror.org/051ea1411,ELTE Centre for Economic and Regional Studies,https://ror.org/051ea1411,ELTE Centre for Economic and Regional Studies,1.0,1.0,0.219118,ELTE Közgazdaság- és Regionális Tudományi Kutatóközpont,label,True,True,True,5,joined,https://openalex.org/I4210155320,ELTE Centre for Economic and Regional Studies,facility,HU,2134,25362,2021,2026,1139,6078,"[{""cited_by_count"": 1918, ""works_count"": 170, ""year"": 2021}, {""cited_by_count"": 1712, ""works_count"": 219, ""year"": 2022}, {""cited_by_count"": 1284, ""works_count"": 201, ""year"": 2023}, {""cited_by_count"": 761, ""works_count"": 221, ""year"": 2024}, {""cited_by_count"": 365, ""works_count"": 217, ""year"": 2025}, {""cited_by_count"": 38, ""works_count"": 111, ""year"": 2026}]"
101105930,CCU Structure,997262918,HONG KONG UNIVERSITY OF SCIENCE AND TECHNOLOGY,HKUST,false,HES,Hong Kong,HK,HK,"22.3154248,114.2703851",http://ami.ust.hk,2024-09-06 17:45:22,2123087,2,associatedPartner,,0,0,false,,matched,https://ror.org/00q4vv597,Hong Kong University of Science and Technology,https://ror.org/00q4vv597,Hong Kong University of Science and Technology,1.0,1.0,0.05,Hong Kong University of Science and Technology,ror_display,True,True,True,5,joined,https://openalex.org/I200769079,Hong Kong University of Science and Technology,education,HK,94717,8617391,2021,2026,36116,511588,"[{""cited_by_count"": 148906, ""works_count"": 4702, ""year"": 2021}, {""cited_by_count"": 133053, ""works_count"": 5307, ""year"": 2022}, {""cited_by_count"": 107634, ""works_count"": 6300, ""year"": 2023}, {""cited_by_count"": 89027, ""works_count"": 7365, ""year"": 2024}, {""cited_by_count"": 31370, ""works_count"": 7895, ""year"": 2025}, {""cited_by_count"": 1598, ""works_count"": 4547, ""year"": 2026}]"
101135144,Bio4HUMAN,905336988,ENSPIRE SCIENCE LTD,,true,PRC,REHOVOT,IL,IL,"32.0523573,34.7626219",,2026-03-30 11:32:08,1977393,1,coordinator,191457.08,191457.08,0,false,,abstained,,,https://ror.org/003rgm223,AB Science (France),0.3775,0.4275,0.0,AB Science (France),ror_display,False,False,False,5,not_matched,,,,,,,2021,2026,,,[]
101131703,EU-LAC ResInfra Plus,892673638,PRESIDENCIA DE LA REPUBLICA,,false,PUB,MONTEVIDEO,UY,UY,"-34.9071401,-56.2004326",,2026-06-03 16:17:59,1974858,2,participant,41452.68,41452.68,0,false,,abstained,,,https://ror.org/02kwxh770,Presidência da República Portuguesa,0.709235,0.759235,0.0,Presidência da República Portuguesa,ror_display,False,False,False,5,not_matched,,,,,,,2021,2026,,,[]
101131703,EU-LAC ResInfra Plus,950832122,MINISTERIO DE  CIENCIA TECNOLOGIA E  INNOVACION MINCIENCIAS,,false,PUB,Bogota,CO,CO,"4.6533326,-74.083652",http://www.colciencias.gov.co,2026-06-03 16:17:59,1919613,14,participant,20812.5,20812.5,0,false,,matched,https://ror.org/03fd5ne08,"Ministerio de Ciencia, Tecnología e Innovación",https://ror.org/03fd5ne08,"Ministerio de Ciencia, Tecnología e Innovación",0.87,0.8,0.12,"Ministerio de Ciencia, Tecnología e Innovación",ror_display,True,True,False,5,joined,https://openalex.org/I4388891808,"Ministerio de Ciencia, Tecnología e Innovación",government,,0,0,2021,2026,0,0,[]
101131703,EU-LAC ResInfra Plus,958320134,Ministerio de Ciencia y Tecnologia de Costa Rica,MICIT,false,PUB,San Jose,CR,CR,"9.9325427,-84.0795782",http://www.micit.go.cr,2026-06-03 16:17:59,1943387,13,participant,32225,32225,0,false,,abstained,,,https://ror.org/02vp8jr44,Ministerio de Ciencia y Tecnología,0.55,0.6,0.013013,Ministerio de Ciencia y Tecnología,ror_display,False,False,False,5,not_matched,,,,,,,2021,2026,,,[]
101132476,Link4Skills,883387731,INTERNATIONAL INSTITUTE OF MIGRATION AND DEVELOPMENT,,false,REC,TRIVANDRUM,IN,IN,"8.576970549999999,77.05012463730725",,2026-05-21 18:36:27,1990673,14,participant,84215,84215,84215,false,,abstained,,,https://ror.org/016dg3e07,International Drug Development Institute (Belgium),0.58295,0.63295,0.038752,International Drug Development Institute (Belgium),ror_display,False,False,False,5,not_matched,,,,,,,2021,2026,,,[]
101121100,D2XCEL,950322193,ZAZ VENTURES,,true,PRC,TOURNAI,BE,BE328,"50.6362715,3.3758997",,2025-12-18 12:08:36,1985150,7,participant,127615,127615,127615,false,,abstained,,,https://ror.org/00axz0e09,E7 Ventures (United States),0.371053,0.421053,0.021053,E7 Ventures (United States),ror_display,False,False,False,5,not_matched,,,,,,,2021,2026,,,[]
101119985,EU-GLOCTER,996467906,MACQUARIE UNIVERSITY,,false,HES,Sydney,AU,AU,"-33.8548157,151.2164539",,2025-07-15 20:12:35,2945459,12,associatedPartner,,0,0,false,,matched,https://ror.org/01sf06y89,Macquarie University,https://ror.org/01sf06y89,Macquarie University,1.0,1.0,0.20436,Macquarie University,ror_display,True,True,True,5,joined,https://openalex.org/I99043593,Macquarie University,education,AU,101804,5440249,2021,2026,36674,372381,"[{""cited_by_count"": 144070, ""works_count"": 6924, ""year"": 2021}, {""cited_by_count"": 102497, ""works_count"": 6855, ""year"": 2022}, {""cited_by_count"": 68001, ""works_count"": 6367, ""year"": 2023}, {""cited_by_count"": 41854, ""works_count"": 6824, ""year"": 2024}, {""cited_by_count"": 15088, ""works_count"": 6324, ""year"": 2025}, {""cited_by_count"": 871, ""works_count"": 3380, ""year"": 2026}]"
101130177,MARS,878858219,Hamad Bin Khalifa University,Hamad Bin Khalifa University,false,HES,Qatar,QA,QA,"25.314481800000003,51.4291666472648",,2026-06-19 16:23:55,1989035,17,associatedPartner,,0,0,true,,matched,https://ror.org/03eyq4y97,Hamad bin Khalifa University,https://ror.org/03eyq4y97,Hamad bin Khalifa University,1.0,1.0,0.55,Hamad bin Khalifa University,ror_display,True,False,True,5,joined,https://openalex.org/I4210144839,Hamad bin Khalifa University,education,QA,13171,627572,2021,2026,9323,118576,"[{""cited_by_count"": 38702, ""works_count"": 1355, ""year"": 2021}, {""cited_by_count"": 31399, ""works_count"": 1438, ""year"": 2022}, {""cited_by_count"": 24857, ""works_count"": 1628, ""year"": 2023}, {""cited_by_count"": 16901, ""works_count"": 1814, ""year"": 2024}, {""cited_by_count"": 6405, ""works_count"": 2086, ""year"": 2025}, {""cited_by_count"": 312, ""works_count"": 1002, ""year"": 2026}]"
101095661,INSAFEDARE,886558758,ETHOS LIMITED,ETHOS LIMITED,true,PRC,DOUGLAS,IM,IM,"54.149774,-4.4779021",,2026-06-03 16:18:13,1985433,9,associatedPartner,,0,0,false,,abstained,,,https://ror.org/02evk6c51,Centre d'Etude en Ethologie et Cognition,0.45,0.5,0.0,ETHoS,acronym,False,False,False,5,not_matched,,,,,,,2021,2026,,,[]
101135539,RISERS,905336988,ENSPIRE SCIENCE LTD,,true,PRC,REHOVOT,IL,IL,"32.0523573,34.7626219",,2026-04-24 14:07:11,1977393,1,coordinator,226750,226750,0,false,,abstained,,,https://ror.org/003rgm223,AB Science (France),0.3775,0.4275,0.0,AB Science (France),ror_display,False,False,False,5,not_matched,,,,,,,2021,2026,,,[]
101136566,ENDOMIX,999633113,EIBIR GEMEINNUTZIGE GMBH ZUR FORDERUNG DER ERFORSCHUNG DER BIOMEDIZINISCHEN BILDGEBUNG,,false,REC,Wien,AT,AT130,"48.2132767,16.3693347",https://www.eibir.org,2024-01-17 13:45:38,1909591,9,participant,432500,432500,432500,false,,abstained,,,https://ror.org/05aeq8963,Winicker Norimed GmbH (Germany),0.256438,0.306438,0.044775,Winicker-Norimed GmbH Medizinische Forschung,alias,False,False,False,5,not_matched,,,,,,,2021,2026,,,[]
101120693,EmpoWOMEN,887271708,National Startup Association of Georgia,Startup Georgia,false,OTH,Tbilisi,GE,GE,"41.7317747,44.7736904",,2025-12-02 18:10:28,1985223,8,associatedPartner,,0,0,false,,abstained,,,https://ror.org/05skxzn48,Georgian National Museum,0.44094,0.37094,0.079906,Georgian National Museum,ror_display,True,True,False,5,not_matched,,,,,,,2021,2026,,,[]
101135392,WORM,921755596,CONG TY TNHH DAI HOC RMIT VIET NAM,RMIT UNIVERSITY VIETNAM LLC,false,HES,HO CHI MINH CITY,VN,VN,"10.72991265,106.693208239997",,2026-06-19 16:29:32,3006344,4,participant,205875,205875,0,false,,abstained,,,https://ror.org/004axh929,RMIT Vietnam,0.595097,0.525097,0.243767,Đại học RMIT Việt Nam,label,True,True,False,5,not_matched,,,,,,,2021,2026,,,[]
101134117,WelFarmers,889428794,ASOCIATA PRODUCATORILOR DE CARNE DE PORC DIN ROMANIA,APCPR,false,OTH,BUCURESTI,RO,RO321,"44.4361414,26.1027202",,2026-02-09 15:29:31,1985506,13,participant,75000,75000,0,false,,abstained,,,https://ror.org/01r8vp990,Anelis Plus,0.300497,0.280497,0.106958,Asociatia Universitatilor Institutelor de Cercetare - Dezvoltare si Bibliotecilor Centrale Universitare din Romania,alias,True,False,False,5,not_matched,,,,,,,2021,2026,,,[]
101134908,BIOCONNECT,889985186,BIOCATALYST NODIBINAJUMS,BIOCATALYST FOUNDATION,false,OTH,Riga,LV,LV00A,"56.9571451,24.1089473",,2025-03-24 21:55:42,1980519,1,coordinator,94062.5,94062.5,0,false,,abstained,,,https://ror.org/00qvjvf51,Catalyst,0.4,0.45,0.0,Catalyst,ror_display,False,False,False,5,not_matched,,,,,,,2021,2026,,,[]
101112972,DesirMED,996539201,Splitsko-dalmatinska županija,,false,PUB,Split,HR,HR035,"43.4218536,16.7130959",,2026-06-17 15:02:31,1923610,11,participant,426250,426250,426250,false,,abstained,,,https://ror.org/024wx0b20,SPLITS: Languages de Programmation Sécures et Outils pour la Sécurité,0.25,0.3,0.125666,SPLITS,acronym,False,False,False,5,not_matched,,,,,,,2021,2026,,,[]
101082049,TOLERATE,915203828,STRATEGIC OMNIA RESEARCH AND TECHNOLOGY DEVELOPMENT LTD,Omnia,true,PRC,LIMASSOL,CY,CY000,"34.6875917,33.06549395148737",,2026-05-20 16:07:12,1978666,10,participant,149874.88,149874.88,"149874,88",false,,abstained,,,https://ror.org/01md5nh91,Centre for Research and Technology Development,0.418852,0.468852,0.001674,Centre for Research and Technology Development,ror_display,False,False,False,5,not_matched,,,,,,,2021,2026,,,[]
101116387,TrackFLU,974456472,INSTITUT PASTEUR DU CAMBODGE,IPC,false,REC,Phnom Penh,KH,KH,"11.5817572,104.9169853",http://www.pasteur-kh.org,2026-05-11 11:19:16,2013176,2,participant,408987.5,408987.5,"408987,5",false,,matched,https://ror.org/03ht2dx40,Institut Pasteur du Cambodge,https://ror.org/03ht2dx40,Institut Pasteur du Cambodge,1.0,1.0,0.383333,Institut Pasteur du Cambodge,ror_display,True,True,True,5,joined,https://openalex.org/I4210135788,Institut Pasteur du Cambodge,facility,KH,1849,192928,2021,2026,906,4909,"[{""cited_by_count"": 2042, ""works_count"": 116, ""year"": 2021}, {""cited_by_count"": 1408, ""works_count"": 129, ""year"": 2022}, {""cited_by_count"": 715, ""works_count"": 108, ""year"": 2023}, {""cited_by_count"": 477, ""works_count"": 168, ""year"": 2024}, {""cited_by_count"": 258, ""works_count"": 310, ""year"": 2025}, {""cited_by_count"": 9, ""works_count"": 75, ""year"": 2026}]"
101137814,SAFE4ALL,887984367,ZIMBABWE FARMERS UNION,,false,OTH,Harare,ZW,ZW,"-17.8567035,31.0601584",,2026-06-19 16:35:02,1985620,7,participant,238750,238750,238750,false,,abstained,,,https://ror.org/02fv6wk06,Tunisian Union of Agriculture and Fisheries,0.397213,0.447213,0.017496,National Union of Tunisian farmers,alias,False,False,False,5,not_matched,,,,,,,2021,2026,,,[]
101129940,PRELAB,984078484,NATIONAL UNIVERSITY OF LAOS,NUOL,false,HES,VIENTIANE,LA,LA,"17.9640988,102.6133707",https://www.nuol.edu.la,2026-06-03 16:19:53,1935245,17,associatedPartner,,0,0,false,,matched,https://ror.org/031xne895,National University of Laos,https://ror.org/031xne895,National University of Laos,1.0,1.0,0.383333,National University of Laos,ror_display,True,True,True,5,joined,https://openalex.org/I43895496,National University of Laos,education,LA,3022,27149,2021,2026,1699,5054,"[{""cited_by_count"": 1491, ""works_count"": 212, ""year"": 2021}, {""cited_by_count"": 1513, ""works_count"": 203, ""year"": 2022}, {""cited_by_count"": 1386, ""works_count"": 217, ""year"": 2023}, {""cited_by_count"": 351, ""works_count"": 329, ""year"": 2024}, {""cited_by_count"": 293, ""works_count"": 505, ""year"": 2025}, {""cited_by_count"": 20, ""works_count"": 233, ""year"": 2026}]"
101131346,GreenCosmIn,940867118,UNIVERSITE DE LA POLYNESIE FRANCAISE,UPF,false,HES,TAHITI,PF,PF,"-17.68734395,-149.44516811423745",,2025-10-20 17:38:03,1985804,13,participant,55200,55200,0,false,,matched,https://ror.org/03ay59x86,University of French Polynesia,https://ror.org/03ay59x86,University of French Polynesia,1.0,1.0,0.555413,Université de la polynésie française,label,True,False,True,5,joined,https://openalex.org/I86908984,University of French Polynesia,education,PF,4195,143038,2021,2026,1842,10198,"[{""cited_by_count"": 6486, ""works_count"": 258, ""year"": 2021}, {""cited_by_count"": 1191, ""works_count"": 225, ""year"": 2022}, {""cited_by_count"": 1391, ""works_count"": 408, ""year"": 2023}, {""cited_by_count"": 760, ""works_count"": 430, ""year"": 2024}, {""cited_by_count"": 353, ""works_count"": 294, ""year"": 2025}, {""cited_by_count"": 17, ""works_count"": 227, ""year"": 2026}]"
101131346,GreenCosmIn,928397380,MONGOLIAN NATIONAL UNIVERSITY OF MEDICAL SCIENCES,MNUMS,false,HES,Ulaanbaatar,MN,MN,"47.9184676,106.9177016",,2025-10-20 17:38:03,1950080,14,associatedPartner,,0,0,false,,matched,https://ror.org/00gcpds33,Mongolian National University of Medical Sciences,https://ror.org/00gcpds33,Mongolian National University of Medical Sciences,1.0,1.0,0.25,Mongolian National University of Medical Sciences,ror_display,True,True,True,5,joined,https://openalex.org/I4210093101,Mongolian National University of Medical Sciences,education,MN,4287,51599,2021,2026,2989,9787,"[{""cited_by_count"": 4776, ""works_count"": 427, ""year"": 2021}, {""cited_by_count"": 1158, ""works_count"": 651, ""year"": 2022}, {""cited_by_count"": 1844, ""works_count"": 579, ""year"": 2023}, {""cited_by_count"": 972, ""works_count"": 579, ""year"": 2024}, {""cited_by_count"": 982, ""works_count"": 449, ""year"": 2025}, {""cited_by_count"": 55, ""works_count"": 304, ""year"": 2026}]"
101136627,WIRE FilmEU,867275546,Universidade Lusófona de Cabo Verde,Cooperativa de Formação e Animação Cultural - Sucursal de Cabo Verde,false,PRC,Mindelo,CV,CV,,,2026-06-19 16:30:18,1997529,11,associatedPartner,,0,0,false,,abstained,,,https://ror.org/001fphc23,University of Cape Verde,0.77,0.75,0.215328,Universidade de Cabo Verde,label,True,False,False,5,not_matched,,,,,,,2021,2026,,,[]
101136770,StEPPFoS,998296065,"FORUM FOR AGRICULTURAL RESEARCH IN AFRICA, GHANA",FARA,false,OTH,ACCRA,GH,GH,"5.6052829,-0.2023283",http://www.fara-africa.org,2026-06-19 16:32:03,2130273,1,coordinator,552918.75,552918.75,0,false,,matched,https://ror.org/03prz6j20,Forum for Agricultural Research in Africa,https://ror.org/03prz6j20,Forum for Agricultural Research in Africa,0.87,0.8,0.52,Forum for Agricultural Research in Africa,ror_display,True,True,False,5,joined,https://openalex.org/I4405260402,Forum for Agricultural Research in Africa,nonprofit,GH,0,0,2021,2026,0,0,[]
101137209,GO GREEN NEXT,882253607,PROJECT GREEN,,false,PUB,San Gwann,MT,MT001,"35.9093052,14.4788042",,2026-06-29 16:42:12,1986203,17,participant,75625,75625,75625,false,,abstained,,,https://ror.org/01kwx4m12,Groupe de Recherche en Énergie Électrique de Nancy,0.45,0.5,0.0,GREEN,acronym,False,False,False,5,not_matched,,,,,,,2021,2026,,,[]
101137283,CONTAGIO,997680018,UNIVERSIDAD DE CARABOBO,UC,false,HES,VALENCIA,VE,VE,"10.2146035,-68.0084799",http://www.uc.edu.ve,2026-06-19 16:34:03,1912285,11,participant,62025,62025,62025,false,,matched,https://ror.org/05sj7yp62,University of Carabobo,https://ror.org/05sj7yp62,University of Carabobo,1.0,1.0,0.61,Universidad de Carabobo,label,True,True,True,5,joined,https://openalex.org/I68740497,University of Carabobo,education,VE,7000,72002,2021,2026,1747,2753,"[{""cited_by_count"": 730, ""works_count"": 352, ""year"": 2021}, {""cited_by_count"": 511, ""works_count"": 275, ""year"": 2022}, {""cited_by_count"": 898, ""works_count"": 323, ""year"": 2023}, {""cited_by_count"": 473, ""works_count"": 292, ""year"": 2024}, {""cited_by_count"": 123, ""works_count"": 277, ""year"": 2025}, {""cited_by_count"": 18, ""works_count"": 228, ""year"": 2026}]"
101137283,CONTAGIO,918939686,SOSECALI C LTDA,SOSECALI C.LTDA,false,PRC,Guayaquil,EC,EC,"-2.1898771,-79.8877153",,2026-06-19 16:34:03,2720216,7,participant,55000,55000,55000,false,,abstained,,,https://ror.org/03bzqy612,Laboratoire de Théorie du Droit,0.4,0.45,0.0,LTD,acronym,False,False,False,5,not_matched,,,,,,,2021,2026,,,[]
101138478,DYNAPORT,896736677,LATSCO MARINE MANAGEMENT INC,,false,PRC,PANAMA,PA,PA,"8.9780651,-79.5231994",,2026-06-19 16:40:00,1986320,15,associatedPartner,,0,0,false,,abstained,,,https://ror.org/00ht4dp10,Swedish Agency for Marine and Water Management,0.363615,0.413615,0.045951,Swedish Agency for Marine and Water Management,ror_display,False,False,False,5,not_matched,,,,,,,2021,2026,,,[]
101139730,GreenInCities,900981203,MULTICRITERI-MCRIT AIE,,true,PRC,Barcelona,ES,ES511,"41.370449300000004,2.1500219563810696",,2026-03-30 11:32:45,1968677,9,participant,372575,372575,532250,false,,abstained,,,https://ror.org/05b6m5m63,Mcrit (Spain),0.403333,0.333333,0.05,Mcrit (Spain),ror_display,True,True,False,5,not_matched,,,,,,,2021,2026,,,[]
101136480,SEA-Quester,998297908,GRONLANDS NATURINSTITUT,,false,REC,Nuuk,GL,GL,"64.1905067,-51.6952546940986",,2026-06-19 16:30:18,1916692,3,participant,467872.5,467872.5,0,false,,abstained,,,https://ror.org/0342y5q78,Grønlands Naturinstitut,0.445236,0.375236,0.445236,Grønlands Naturinstitut,ror_display,True,True,False,5,not_matched,,,,,,,2021,2026,,,[]
101111903,ZAHYR,885276515,TRANSPRES DELIVARI,TRANSPRESS,false,PRC,Veliko Tarnovo,BG,BG321,"43.0820584,25.6321312",,2023-12-26 16:51:18,1985911,8,participant,6000,6000,1118500,false,,abstained,,,https://ror.org/02e9hj615,Transpire (United States),0.373529,0.423529,0.176946,Transpire (United States),ror_display,False,False,False,5,not_matched,,,,,,,2021,2026,,,[]
101138373,META BUILD,970538448,RIGAS PLANOSANAS REGIONS,,false,PUB,Riga,LV,LV00A,"56.9493977,24.1051846",https://www.rpr.gov.lv,2026-06-29 16:42:58,1918109,32,participant,232350,232350,232350,false,,abstained,,,https://ror.org/00qaje814,Stockholm School of Economics in Riga,0.242005,0.172005,0.009747,SSE Riga,acronym,True,True,False,5,not_matched,,,,,,,2021,2026,,,[]
101135094,ZOE,915207611,FUNDACION CENTRO DE ALTA TECNOLOGIA,HIGH TECH CENTER FOUNDATION,false,REC,San Jose,CR,CR,"9.9325427,-84.0795782",,2026-06-17 15:02:31,3145041,16,participant,113667.54,113667.54,"113667,54",false,,abstained,,,https://ror.org/02tkjx303,Centro Nacional de Alta Tecnología,0.699019,0.629019,0.125904,Centro Nacional de Alta Tecnología,ror_display,True,True,False,5,not_matched,,,,,,,2021,2026,,,[]
101135094,ZOE,996746878,UNIVERSIDAD DEL VALLE DE GUATEMALA,UVG,false,HES,Guatemala,GT,GT,"15.6356088,-89.8988087",http://www.uvg.edu.gt,2026-06-17 15:02:31,2112031,5,participant,270000,270000,270000,false,,matched,https://ror.org/03nyjqm54,Universidad del Valle de Guatemala,https://ror.org/03nyjqm54,Universidad del Valle de Guatemala,1.0,1.0,0.3,Universidad del Valle de Guatemala,ror_display,True,False,True,5,joined,https://openalex.org/I91044043,Universidad del Valle de Guatemala,education,GT,2645,71581,2021,2026,1251,3735,"[{""cited_by_count"": 1118, ""works_count"": 192, ""year"": 2021}, {""cited_by_count"": 939, ""works_count"": 196, ""year"": 2022}, {""cited_by_count"": 836, ""works_count"": 238, ""year"": 2023}, {""cited_by_count"": 579, ""works_count"": 207, ""year"": 2024}, {""cited_by_count"": 227, ""works_count"": 256, ""year"": 2025}, {""cited_by_count"": 36, ""works_count"": 162, ""year"": 2026}]"
101136659,TULIP,962018453,Centre Scientifique de Monaco,CSM,false,REC,Monaco,MC,MC,"43.7356772,7.4154553",,2024-01-08 20:39:30,1976010,11,associatedPartner,,0,0,false,,matched,https://ror.org/04kptf457,Scientific Centre of Monaco,https://ror.org/04kptf457,Scientific Centre of Monaco,1.0,1.0,0.550932,Centre Scientifique de Monaco,label,True,True,True,5,joined,https://openalex.org/I4210144557,Scientific Centre of Monaco,facility,MC,2318,249529,2021,2026,1018,17705,"[{""cited_by_count"": 9655, ""works_count"": 212, ""year"": 2021}, {""cited_by_count"": 2843, ""works_count"": 156, ""year"": 2022}, {""cited_by_count"": 2739, ""works_count"": 153, ""year"": 2023}, {""cited_by_count"": 1853, ""works_count"": 219, ""year"": 2024}, {""cited_by_count"": 574, ""works_count"": 176, ""year"": 2025}, {""cited_by_count"": 41, ""works_count"": 102, ""year"": 2026}]"
101137131,BEAMING,995591705,UNIVERZITET U BANJOJ LUCI,UNIVERSITY OF BANJA LUKA,false,HES,BANJA LUKA,BA,BA,"44.7719893,17.1898768",https://www.unibl.org,2026-06-19 16:34:01,2149128,13,participant,168875,168875,0,false,,abstained,,,https://ror.org/0282m7c06,University of Banja Luka,0.613048,0.543048,0.319442,Univerzitet u Banja Luci,label,True,True,False,5,not_matched,,,,,,,2021,2026,,,[]
101137242,DECIPHER,882399689,CENTRE NATIONAL DE FORMATION ET DE RECHERCHE EN SANTE RURALE DE MAFERINYAH,Centre National de Formation et de Recherche en Santé Rurale de Maferinyah,false,REC,FORECARIAH,GN,GN,"9.5455038,-13.2855794",,2024-01-08 20:41:21,1983869,9,participant,207761.25,207761.25,"207761,25",false,,abstained,,,https://ror.org/03y3jby41,Centre National de Recherche et de Formation sur le Paludisme,0.360685,0.410685,0.056006,Centre National de Recherche et de Formation sur le Paludisme,ror_display,False,False,False,5,not_matched,,,,,,,2021,2026,,,[]
101138532,AutoMat,999588784,POLITECHNIKA GDANSKA,GDANSK UNIVERSITY OF TECHNOLOGY,false,HES,GDANSK,PL,PL633,"54.3482259,18.6542888",http://www.pg.gda.pl,2026-04-20 12:26:47,1909285,11,participant,447500,447500,447500,false,,matched,https://ror.org/006x4sc24,Gdańsk University of Technology,https://ror.org/006x4sc24,Gdańsk University of Technology,1.0,1.0,0.638002,Politechnika Gdańska,label,True,True,True,5,joined,https://openalex.org/I169333911,Gdańsk University of Technology,education,PL,31846,1041108,2021,2026,10472,117826,"[{""cited_by_count"": 35013, ""works_count"": 1754, ""year"": 2021}, {""cited_by_count"": 30890, ""works_count"": 1854, ""year"": 2022}, {""cited_by_count"": 29050, ""works_count"": 1977, ""year"": 2023}, {""cited_by_count"": 17617, ""works_count"": 1991, ""year"": 2024}, {""cited_by_count"": 5045, ""works_count"": 1909, ""year"": 2025}, {""cited_by_count"": 211, ""works_count"": 987, ""year"": 2026}]"
101129729,LOC3G,999588784,POLITECHNIKA GDANSKA,GDANSK UNIVERSITY OF TECHNOLOGY,false,HES,GDANSK,PL,PL633,"54.3482259,18.6542888",http://www.pg.gda.pl,2026-05-03 20:09:37,1909285,18,participant,23000,23000,0,false,,matched,https://ror.org/006x4sc24,Gdańsk University of Technology,https://ror.org/006x4sc24,Gdańsk University of Technology,1.0,1.0,0.638002,Politechnika Gdańska,label,True,True,True,5,joined,https://openalex.org/I169333911,Gdańsk University of Technology,education,PL,31846,1041108,2021,2026,10472,117826,"[{""cited_by_count"": 35013, ""works_count"": 1754, ""year"": 2021}, {""cited_by_count"": 30890, ""works_count"": 1854, ""year"": 2022}, {""cited_by_count"": 29050, ""works_count"": 1977, ""year"": 2023}, {""cited_by_count"": 17617, ""works_count"": 1991, ""year"": 2024}, {""cited_by_count"": 5045, ""works_count"": 1909, ""year"": 2025}, {""cited_by_count"": 211, ""works_count"": 987, ""year"": 2026}]"
101135809,EXTRA-BRAIN,950828727,GFT ITALIA SRL,GFT,false,PRC,MILANO,IT,ITC4C,"45.4667971,9.1904984",,2026-04-20 12:38:43,2385054,11,participant,428750,428750,428750,false,,abstained,,,https://ror.org/015hz7767,Fraunhofer Italia Research,0.35541,0.33541,0.0,Fraunhofer Italia,alias,True,False,False,5,not_matched,,,,,,,2021,2026,,,[]
101136291,Support4Resilience,996467906,MACQUARIE UNIVERSITY,,false,HES,Sydney,AU,AU,"-33.8548157,151.2164539",,2025-04-15 01:21:47,2945459,13,associatedPartner,,0,0,false,,matched,https://ror.org/01sf06y89,Macquarie University,https://ror.org/01sf06y89,Macquarie University,1.0,1.0,0.20436,Macquarie University,ror_display,True,True,True,5,joined,https://openalex.org/I99043593,Macquarie University,education,AU,101804,5440249,2021,2026,36674,372381,"[{""cited_by_count"": 144070, ""works_count"": 6924, ""year"": 2021}, {""cited_by_count"": 102497, ""works_count"": 6855, ""year"": 2022}, {""cited_by_count"": 68001, ""works_count"": 6367, ""year"": 2023}, {""cited_by_count"": 41854, ""works_count"": 6824, ""year"": 2024}, {""cited_by_count"": 15088, ""works_count"": 6324, ""year"": 2025}, {""cited_by_count"": 871, ""works_count"": 3380, ""year"": 2026}]"
101137033,CCHFVACIM,974456472,INSTITUT PASTEUR DU CAMBODGE,IPC,false,REC,Phnom Penh,KH,KH,"11.5817572,104.9169853",http://www.pasteur-kh.org,2024-01-18 12:36:31,2013176,11,participant,428750,428750,428750,false,,matched,https://ror.org/03ht2dx40,Institut Pasteur du Cambodge,https://ror.org/03ht2dx40,Institut Pasteur du Cambodge,1.0,1.0,0.383333,Institut Pasteur du Cambodge,ror_display,True,True,True,5,joined,https://openalex.org/I4210135788,Institut Pasteur du Cambodge,facility,KH,1849,192928,2021,2026,906,4909,"[{""cited_by_count"": 2042, ""works_count"": 116, ""year"": 2021}, {""cited_by_count"": 1408, ""works_count"": 129, ""year"": 2022}, {""cited_by_count"": 715, ""works_count"": 108, ""year"": 2023}, {""cited_by_count"": 477, ""works_count"": 168, ""year"": 2024}, {""cited_by_count"": 258, ""works_count"": 310, ""year"": 2025}, {""cited_by_count"": 9, ""works_count"": 75, ""year"": 2026}]"
101136771,CEA-FIRST,998296065,"FORUM FOR AGRICULTURAL RESEARCH IN AFRICA, GHANA",FARA,false,OTH,ACCRA,GH,GH,"5.6052829,-0.2023283",http://www.fara-africa.org,2026-06-03 12:48:43,2130273,1,coordinator,651121.88,651121.88,0,false,,matched,https://ror.org/03prz6j20,Forum for Agricultural Research in Africa,https://ror.org/03prz6j20,Forum for Agricultural Research in Africa,0.87,0.8,0.52,Forum for Agricultural Research in Africa,ror_display,True,True,False,5,joined,https://openalex.org/I4405260402,Forum for Agricultural Research in Africa,nonprofit,GH,0,0,2021,2026,0,0,[]
101136438,GEMINI,998808710,NATIONAL TAIWAN UNIVERSITY,NTU,false,HES,Taipei,TW,TW,"25.0182673,121.535927",http://www.ntu.edu.tw,2026-06-17 15:02:31,1912550,18,associatedPartner,,0,0,false,,matched,https://ror.org/05bqach95,National Taiwan University,https://ror.org/05bqach95,National Taiwan University,1.0,1.0,0.025786,National Taiwan University,ror_display,True,True,True,5,joined,https://openalex.org/I16733864,National Taiwan University,education,TW,171713,12779358,2021,2026,46501,409813,"[{""cited_by_count"": 158658, ""works_count"": 7882, ""year"": 2021}, {""cited_by_count"": 109893, ""works_count"": 8146, ""year"": 2022}, {""cited_by_count"": 75395, ""works_count"": 8319, ""year"": 2023}, {""cited_by_count"": 44031, ""works_count"": 8684, ""year"": 2024}, {""cited_by_count"": 20843, ""works_count"": 8831, ""year"": 2025}, {""cited_by_count"": 993, ""works_count"": 4639, ""year"": 2026}]"
101136875,POMP,998711419,THE UNIVERSITY OF MANITOBA,,false,HES,Manitoba,CA,CA,"55.001251,-97.001038",http://www.umanitoba.ca,2026-06-19 16:32:04,1906305,12,associatedPartner,,0,0,false,,matched,https://ror.org/02gfys938,University of Manitoba,https://ror.org/02gfys938,University of Manitoba,1.0,1.0,0.64459,University of Manitoba,ror_display,True,False,False,5,joined,https://openalex.org/I46247651,University of Manitoba,education,CA,116913,7569587,2021,2026,31153,276847,"[{""cited_by_count"": 103134, ""works_count"": 5682, ""year"": 2021}, {""cited_by_count"": 76562, ""works_count"": 5439, ""year"": 2022}, {""cited_by_count"": 53069, ""works_count"": 5816, ""year"": 2023}, {""cited_by_count"": 30981, ""works_count"": 5954, ""year"": 2024}, {""cited_by_count"": 12442, ""works_count"": 5222, ""year"": 2025}, {""cited_by_count"": 659, ""works_count"": 3040, ""year"": 2026}]"
101136875,POMP,998297908,GRONLANDS NATURINSTITUT,,false,REC,Nuuk,GL,GL,"64.1905067,-51.6952546940986",,2026-06-19 16:32:04,1916692,5,participant,266087.59,266087.59,0,false,,abstained,,,https://ror.org/0342y5q78,Grønlands Naturinstitut,0.445236,0.375236,0.445236,Grønlands Naturinstitut,ror_display,True,True,False,5,not_matched,,,,,,,2021,2026,,,[]
101137895,ALBATROSS,999605953,ARDHI UNIVERSITY,ARU,false,REC,DAR ES SALAAM,TZ,TZ,"-6.764311,39.2120952794753",,2026-06-19 16:36:03,1940668,8,participant,198157.5,198157.5,"198157,5",false,,matched,https://ror.org/05k903r09,Ardhi University,https://ror.org/05k903r09,Ardhi University,1.0,1.0,0.595455,Ardhi University,ror_display,True,True,True,5,joined,https://openalex.org/I140534913,Ardhi University,education,TZ,1977,17435,2021,2026,828,3202,"[{""cited_by_count"": 684, ""works_count"": 82, ""year"": 2021}, {""cited_by_count"": 1162, ""works_count"": 125, ""year"": 2022}, {""cited_by_count"": 637, ""works_count"": 163, ""year"": 2023}, {""cited_by_count"": 535, ""works_count"": 190, ""year"": 2024}, {""cited_by_count"": 173, ""works_count"": 155, ""year"": 2025}, {""cited_by_count"": 11, ""works_count"": 113, ""year"": 2026}]"
101138411,SAFeCRAFT,882327909,SEANERGY SHIPMANAGEMENT CORP,,false,PRC,MAJURO,MH,MH,"7.0909924,171.3816354",,2024-01-18 14:09:07,1987014,7,participant,4765775,4765775,6808250,false,,abstained,,,https://ror.org/0040z7z59,M Corp (United States),0.235,0.285,0.061394,M Corp (United States),ror_display,False,False,False,5,not_matched,,,,,,,2021,2026,,,[]
101138144,RESQTOOL,962882432,HILTI AKTIENGESELLSCHAFT,,false,PRC,Schaan,LI,LI000,"47.1663397,9.510312",,2026-06-19 16:37:57,1947339,12,associatedPartner,,0,0,false,,matched,https://ror.org/044h7tr79,Hilti (Liechtenstein),https://ror.org/044h7tr79,Hilti (Liechtenstein),1.0,1.0,0.6,Hilti Aktiengesellschaft,alias,True,True,True,5,joined,https://openalex.org/I94297397,Hilti (Liechtenstein),company,LI,1255,19970,2021,2026,568,1498,"[{""cited_by_count"": 445, ""works_count"": 48, ""year"": 2021}, {""cited_by_count"": 666, ""works_count"": 94, ""year"": 2022}, {""cited_by_count"": 161, ""works_count"": 136, ""year"": 2023}, {""cited_by_count"": 165, ""works_count"": 87, ""year"": 2024}, {""cited_by_count"": 58, ""works_count"": 122, ""year"": 2025}, {""cited_by_count"": 3, ""works_count"": 81, ""year"": 2026}]"
101137611,H2tALENT,882353129,AGENCIA DE ATRAÇÃO DE INVESTIMENTOS ESTRATEGICOS DO PIAUI S/A,INVESTE PIAUÍ,false,PRC,Teresina,BR,BR,"-10.3333333,-53.2",,2026-05-21 18:36:27,1987213,25,associatedPartner,,0,0,false,,abstained,,,https://ror.org/00kwnx126,Universidade Federal do Piauí,0.186414,0.116414,0.0,Federal University of Piauí,label,True,True,False,5,not_matched,,,,,,,2021,2026,,,[]
101145724,PROTECT,954910390,FUNDACAO MANHICA,FM,false,REC,VILA DA MANHICA MAPUTO,MZ,MZ,"-25.9458524,32.569211",,2026-06-19 16:44:28,1970787,5,participant,705250,705250,705250,false,,abstained,,,https://ror.org/047rnn627,Fundação Otorrinolaringologia,0.28541,0.33541,0.002253,Fundação Otorrinolaringologia,ror_display,False,False,False,5,not_matched,,,,,,,2021,2026,,,[]
101145769,ASAAP-plus,954303946,UNIVERSITE DES SCIENCES DES TECHNIQUES ET DES TECHNOLOGIES DE BAMAKO,USTTB,false,HES,Bamako,ML,ML,"12.649319,-8.000337",,2026-06-19 16:44:40,1956528,4,participant,271153.9,271153.9,"271153,9",false,,matched,https://ror.org/023rbaw78,"Université des Sciences, des Techniques et des Technologies de Bamako",https://ror.org/023rbaw78,"Université des Sciences, des Techniques et des Technologies de Bamako",1.0,1.0,0.521781,"Université des Sciences, des Techniques et des Technologies de Bamako",ror_display,True,True,True,5,joined,https://openalex.org/I4210112095,"Université des Sciences, des Techniques et des Technologies de Bamako",education,ML,3939,104906,2021,2026,2743,8600,"[{""cited_by_count"": 3049, ""works_count"": 371, ""year"": 2021}, {""cited_by_count"": 2458, ""works_count"": 460, ""year"": 2022}, {""cited_by_count"": 1501, ""works_count"": 580, ""year"": 2023}, {""cited_by_count"": 1069, ""works_count"": 556, ""year"": 2024}, {""cited_by_count"": 480, ""works_count"": 439, ""year"": 2025}, {""cited_by_count"": 43, ""works_count"": 337, ""year"": 2026}]"
101145740,SAFIRE,954303946,UNIVERSITE DES SCIENCES DES TECHNIQUES ET DES TECHNOLOGIES DE BAMAKO,USTTB,false,HES,Bamako,ML,ML,"12.649319,-8.000337",,2025-04-10 18:07:34,1956528,3,participant,1498928.53,1498928.53,"1498928,53",false,,matched,https://ror.org/023rbaw78,"Université des Sciences, des Techniques et des Technologies de Bamako",https://ror.org/023rbaw78,"Université des Sciences, des Techniques et des Technologies de Bamako",1.0,1.0,0.521781,"Université des Sciences, des Techniques et des Technologies de Bamako",ror_display,True,True,True,5,joined,https://openalex.org/I4210112095,"Université des Sciences, des Techniques et des Technologies de Bamako",education,ML,3939,104906,2021,2026,2743,8600,"[{""cited_by_count"": 3049, ""works_count"": 371, ""year"": 2021}, {""cited_by_count"": 2458, ""works_count"": 460, ""year"": 2022}, {""cited_by_count"": 1501, ""works_count"": 580, ""year"": 2023}, {""cited_by_count"": 1069, ""works_count"": 556, ""year"": 2024}, {""cited_by_count"": 480, ""works_count"": 439, ""year"": 2025}, {""cited_by_count"": 43, ""works_count"": 337, ""year"": 2026}]"
101158885,RETLAMI-SEE,995591705,UNIVERZITET U BANJOJ LUCI,UNIVERSITY OF BANJA LUKA,false,HES,BANJA LUKA,BA,BA,"44.7719893,17.1898768",https://www.unibl.org,2024-04-16 19:04:10,2149128,1,coordinator,398712.5,398712.5,0,false,,abstained,,,https://ror.org/0282m7c06,University of Banja Luka,0.613048,0.543048,0.319442,Univerzitet u Banja Luci,label,True,True,False,5,not_matched,,,,,,,2021,2026,,,[]
101146909,CodeZERO,999513027,TRANSPORTOKONOMISK INSTITUTT,TOI,false,REC,Oslo,NO,NO081,"59.942353499999996,10.716316407483461",http://www.toi.no,2024-04-16 16:44:07,1913433,3,participant,486723.75,486723.75,"486723,75",false,,abstained,,,https://ror.org/04p2pa451,Institute of Transport Economics,0.398234,0.328234,0.042824,Transportøkonomisk institutt,alias,True,True,False,5,not_matched,,,,,,,2021,2026,,,[]
101149085,GAP,992252092,SINGAPORE MANAGEMENT UNIVERSITY,SMU,false,HES,Singapore,SG,SG,"1.2964767,103.8520228",,2026-06-19 16:53:25,2943093,2,associatedPartner,,0,0,false,,matched,https://ror.org/050qmg959,Singapore Management University,https://ror.org/050qmg959,Singapore Management University,1.0,1.0,0.467228,Singapore Management University (SMU),alias,True,True,True,5,joined,https://openalex.org/I79891267,Singapore Management University,education,SG,19238,652763,2021,2026,8189,71156,"[{""cited_by_count"": 23862, ""works_count"": 1231, ""year"": 2021}, {""cited_by_count"": 17847, ""works_count"": 1192, ""year"": 2022}, {""cited_by_count"": 14281, ""works_count"": 1368, ""year"": 2023}, {""cited_by_count"": 11276, ""works_count"": 1511, ""year"": 2024}, {""cited_by_count"": 3692, ""works_count"": 1837, ""year"": 2025}, {""cited_by_count"": 198, ""works_count"": 1050, ""year"": 2026}]"
101145599,CAPACITY 2023,912093038,JOINT CLINICAL RESEARCH CENTRE,JOINT CLINICAL RESEARCH CENTRE,false,REC,KAMPALA,UG,UG,"0.3177137,32.5813539",,2026-06-19 16:44:12,1987461,3,participant,170065.51,170065.51,"170065,51",false,,matched,https://ror.org/05gm41t98,Joint Clinical Research Centre,https://ror.org/05gm41t98,Joint Clinical Research Centre,1.0,1.0,0.3,Joint Clinical Research Centre,ror_display,True,True,True,5,joined,https://openalex.org/I4210164031,Joint Clinical Research Centre,nonprofit,UG,1050,58483,2021,2026,481,3008,"[{""cited_by_count"": 1311, ""works_count"": 56, ""year"": 2021}, {""cited_by_count"": 820, ""works_count"": 86, ""year"": 2022}, {""cited_by_count"": 300, ""works_count"": 85, ""year"": 2023}, {""cited_by_count"": 405, ""works_count"": 92, ""year"": 2024}, {""cited_by_count"": 159, ""works_count"": 99, ""year"": 2025}, {""cited_by_count"": 13, ""works_count"": 63, ""year"": 2026}]"
101145712,INTENSE-TBM-2,986872084,Institut Pasteur de Madagascar,IPM,false,REC,Antananarivo,MG,MG,"-18.7920779,47.7823214",,2026-06-19 16:44:19,1947090,2,participant,129343.75,129343.75,"129343,75",false,,matched,https://ror.org/03fkjvy27,Institut Pasteur de Madagascar,https://ror.org/03fkjvy27,Institut Pasteur de Madagascar,1.0,1.0,0.383333,Institut Pasteur de Madagascar,ror_display,True,True,True,5,joined,https://openalex.org/I4210133373,Institut Pasteur de Madagascar,nonprofit,MG,2497,141091,2021,2026,987,5925,"[{""cited_by_count"": 2160, ""works_count"": 125, ""year"": 2021}, {""cited_by_count"": 1888, ""works_count"": 166, ""year"": 2022}, {""cited_by_count"": 954, ""works_count"": 197, ""year"": 2023}, {""cited_by_count"": 606, ""works_count"": 197, ""year"": 2024}, {""cited_by_count"": 306, ""works_count"": 199, ""year"": 2025}, {""cited_by_count"": 11, ""works_count"": 103, ""year"": 2026}]"
101145822,IMCI-PLUS,997899432,WITS HEALTH CONSORTIUM (PTY) LTD,WHC,false,PRC,Johannesburg,ZA,ZA,"-26.205,28.049722",https://www.witshealth.co.za,2026-06-19 16:45:20,1935497,1,coordinator,1279857.5,1279857.5,"1279857,5",false,,matched,https://ror.org/02a496f07,Witshealth Consortium (Pty) Ltd. (South Africa),https://ror.org/02a496f07,Witshealth Consortium (Pty) Ltd. (South Africa),1.0,1.0,0.545698,Wits Health Consortium,alias,True,True,True,5,joined,https://openalex.org/I4405267342,Witshealth Consortium (Pty) Ltd. (South Africa),company,ZA,0,0,2021,2026,0,0,[]
101145812,STOOL4TB,954910390,FUNDACAO MANHICA,FM,false,REC,VILA DA MANHICA MAPUTO,MZ,MZ,"-25.9458524,32.569211",,2026-06-17 15:02:31,1970787,2,participant,62542.5,62542.5,"62542,5",false,,abstained,,,https://ror.org/047rnn627,Fundação Otorrinolaringologia,0.28541,0.33541,0.002253,Fundação Otorrinolaringologia,ror_display,False,False,False,5,not_matched,,,,,,,2021,2026,,,[]
101149047,HOPE,893224889,DE PAUL UNIVERSITY,,false,HES,Chicago,US,US,"41.8779269,-87.6273347",,2025-09-02 00:06:45,1969860,2,associatedPartner,,0,0,false,,abstained,,,https://ror.org/00aze9982,St. Paul's University,0.859091,0.909091,0.120276,St. Paul's University,ror_display,False,False,False,5,not_matched,,,,,,,2021,2026,,,[]
101147445,ProtAct-Us,996467906,MACQUARIE UNIVERSITY,,false,HES,Sydney,AU,AU,"-33.8548157,151.2164539",,2025-12-18 12:22:11,2945459,14,associatedPartner,,0,0,false,,matched,https://ror.org/01sf06y89,Macquarie University,https://ror.org/01sf06y89,Macquarie University,1.0,1.0,0.20436,Macquarie University,ror_display,True,True,True,5,joined,https://openalex.org/I99043593,Macquarie University,education,AU,101804,5440249,2021,2026,36674,372381,"[{""cited_by_count"": 144070, ""works_count"": 6924, ""year"": 2021}, {""cited_by_count"": 102497, ""works_count"": 6855, ""year"": 2022}, {""cited_by_count"": 68001, ""works_count"": 6367, ""year"": 2023}, {""cited_by_count"": 41854, ""works_count"": 6824, ""year"": 2024}, {""cited_by_count"": 15088, ""works_count"": 6324, ""year"": 2025}, {""cited_by_count"": 871, ""works_count"": 3380, ""year"": 2026}]"
101147432,SAFARI,906155862,OFFICE D'EXPLOITATION DU PORT DE TRIPOLI,OEPT,false,PUB,Tripoli,LB,LB,"34.435886249999996,35.84404568358576",,2026-06-22 11:56:34,1987566,15,participant,169431.25,169431.25,"169431,25",false,,abstained,,,https://ror.org/05xqpda80,NOAA Ocean Exploration,0.221965,0.271965,0.021965,Office of Ocean Exploration,alias,False,False,False,5,not_matched,,,,,,,2021,2026,,,[]
101149523,EIS-QKD,940379596,University of Toyama,UT,false,OTH,Toyama,JP,JP,"36.6957569,137.2136215",,2026-06-19 16:52:56,3144772,3,associatedPartner,,0,0,false,,matched,https://ror.org/0445phv87,University of Toyama,https://ror.org/0445phv87,University of Toyama,1.0,1.0,0.108205,University of Toyama,ror_display,True,True,True,5,joined,https://openalex.org/I42766147,University of Toyama,education,JP,31570,1595889,2021,2026,8756,62025,"[{""cited_by_count"": 23745, ""works_count"": 1568, ""year"": 2021}, {""cited_by_count"": 15537, ""works_count"": 1508, ""year"": 2022}, {""cited_by_count"": 11119, ""works_count"": 1515, ""year"": 2023}, {""cited_by_count"": 6735, ""works_count"": 1531, ""year"": 2024}, {""cited_by_count"": 4685, ""works_count"": 1674, ""year"": 2025}, {""cited_by_count"": 204, ""works_count"": 960, ""year"": 2026}]"
101117940,TB-QUEST,954910390,FUNDACAO MANHICA,FM,false,REC,VILA DA MANHICA MAPUTO,MZ,MZ,"-25.9458524,32.569211",,2024-04-22 17:56:27,1970787,2,participant,925000,925000,925000,false,,abstained,,,https://ror.org/047rnn627,Fundação Otorrinolaringologia,0.28541,0.33541,0.002253,Fundação Otorrinolaringologia,ror_display,False,False,False,5,not_matched,,,,,,,2021,2026,,,[]
101162134,NightMission,999588784,POLITECHNIKA GDANSKA,GDANSK UNIVERSITY OF TECHNOLOGY,false,HES,GDANSK,PL,PL633,"54.3482259,18.6542888",http://www.pg.gda.pl,2026-03-24 16:19:02,1909285,2,participant,28218.5,28218.5,0,false,,matched,https://ror.org/006x4sc24,Gdańsk University of Technology,https://ror.org/006x4sc24,Gdańsk University of Technology,1.0,1.0,0.638002,Politechnika Gdańska,label,True,True,True,5,joined,https://openalex.org/I169333911,Gdańsk University of Technology,education,PL,31846,1041108,2021,2026,10472,117826,"[{""cited_by_count"": 35013, ""works_count"": 1754, ""year"": 2021}, {""cited_by_count"": 30890, ""works_count"": 1854, ""year"": 2022}, {""cited_by_count"": 29050, ""works_count"": 1977, ""year"": 2023}, {""cited_by_count"": 17617, ""works_count"": 1991, ""year"": 2024}, {""cited_by_count"": 5045, ""works_count"": 1909, ""year"": 2025}, {""cited_by_count"": 211, ""works_count"": 987, ""year"": 2026}]"
101147855,DATAWiSE,970538448,RIGAS PLANOSANAS REGIONS,,false,PUB,Riga,LV,LV00A,"56.9493977,24.1051846",https://www.rpr.gov.lv,2026-02-03 05:45:15,1918109,13,participant,170893.75,170893.75,0,false,,abstained,,,https://ror.org/00qaje814,Stockholm School of Economics in Riga,0.242005,0.172005,0.009747,SSE Riga,acronym,True,True,False,5,not_matched,,,,,,,2021,2026,,,[]
101160253,ENPOWER,995591705,UNIVERZITET U BANJOJ LUCI,UNIVERSITY OF BANJA LUKA,false,HES,BANJA LUKA,BA,BA,"44.7719893,17.1898768",https://www.unibl.org,2024-12-31 09:30:22,2149128,1,coordinator,580484.98,580484.98,0,false,,abstained,,,https://ror.org/0282m7c06,University of Banja Luka,0.613048,0.543048,0.319442,Univerzitet u Banja Luci,label,True,True,False,5,not_matched,,,,,,,2021,2026,,,[]
101145638,PYRAPREG-extended,954303946,UNIVERSITE DES SCIENCES DES TECHNIQUES ET DES TECHNOLOGIES DE BAMAKO,USTTB,false,HES,Bamako,ML,ML,"12.649319,-8.000337",,2026-06-19 16:44:15,1956528,2,participant,322875,322875,322875,false,,matched,https://ror.org/023rbaw78,"Université des Sciences, des Techniques et des Technologies de Bamako",https://ror.org/023rbaw78,"Université des Sciences, des Techniques et des Technologies de Bamako",1.0,1.0,0.521781,"Université des Sciences, des Techniques et des Technologies de Bamako",ror_display,True,True,True,5,joined,https://openalex.org/I4210112095,"Université des Sciences, des Techniques et des Technologies de Bamako",education,ML,3939,104906,2021,2026,2743,8600,"[{""cited_by_count"": 3049, ""works_count"": 371, ""year"": 2021}, {""cited_by_count"": 2458, ""works_count"": 460, ""year"": 2022}, {""cited_by_count"": 1501, ""works_count"": 580, ""year"": 2023}, {""cited_by_count"": 1069, ""works_count"": 556, ""year"": 2024}, {""cited_by_count"": 480, ""works_count"": 439, ""year"": 2025}, {""cited_by_count"": 43, ""works_count"": 337, ""year"": 2026}]"
101145638,PYRAPREG-extended,954910390,FUNDACAO MANHICA,FM,false,REC,VILA DA MANHICA MAPUTO,MZ,MZ,"-25.9458524,32.569211",,2026-06-19 16:44:15,1970787,6,participant,179059.56,179059.56,"179059,56",false,,abstained,,,https://ror.org/047rnn627,Fundação Otorrinolaringologia,0.28541,0.33541,0.002253,Fundação Otorrinolaringologia,ror_display,False,False,False,5,not_matched,,,,,,,2021,2026,,,[]
101146689,DTWO,999588784,POLITECHNIKA GDANSKA,GDANSK UNIVERSITY OF TECHNOLOGY,false,HES,GDANSK,PL,PL633,"54.3482259,18.6542888",http://www.pg.gda.pl,2026-01-29 00:58:48,1909285,8,participant,222225,222225,0,false,,matched,https://ror.org/006x4sc24,Gdańsk University of Technology,https://ror.org/006x4sc24,Gdańsk University of Technology,1.0,1.0,0.638002,Politechnika Gdańska,label,True,True,True,5,joined,https://openalex.org/I169333911,Gdańsk University of Technology,education,PL,31846,1041108,2021,2026,10472,117826,"[{""cited_by_count"": 35013, ""works_count"": 1754, ""year"": 2021}, {""cited_by_count"": 30890, ""works_count"": 1854, ""year"": 2022}, {""cited_by_count"": 29050, ""works_count"": 1977, ""year"": 2023}, {""cited_by_count"": 17617, ""works_count"": 1991, ""year"": 2024}, {""cited_by_count"": 5045, ""works_count"": 1909, ""year"": 2025}, {""cited_by_count"": 211, ""works_count"": 987, ""year"": 2026}]"
101155958,MOUNTADAPT,881160029,SERVEI ANDORRÀ D'ATENCIÓ SANITÀRIA,,false,PUB,Escaldes-Engordany,AD,AD,"42.5122627,1.5348816",,2026-06-03 12:51:36,1987689,26,associatedPartner,,0,0,false,,abstained,,,https://ror.org/00w7mf142,University of Andorra,0.187705,0.167705,0.068206,Universitat d'Andorra,label,True,False,False,5,not_matched,,,,,,,2021,2026,,,[]
101147383,AfricaEnergyParks,881136555,PARTNERS IN PARTICIPATORY DEVELOPMENT,Partners in Participatory Development,false,OTH,BOLE,GH,GH,"9.0324846,-2.4895105",,2026-06-19 16:45:39,1987770,7,participant,204375,204375,204375,false,,abstained,,,https://ror.org/033h29277,Participatory Rural Development Foundation,0.371819,0.421819,0.0,Participatory Rural Development Foundation,ror_display,False,False,False,5,not_matched,,,,,,,2021,2026,,,[]
101147412,SIRCULAR,881126079,BALTI VARA EHITUS OU,,true,PRC,TARTU,EE,EE008,"58.38071385,26.733493337645314",,2025-08-05 15:56:21,1987761,14,participant,453999.88,453999.88,"648571,25",false,,abstained,,,https://ror.org/029t2mw91,Baltic Centre for Contemporary Art,0.222727,0.272727,0.005199,BALTIC,alias,False,False,False,5,not_matched,,,,,,,2021,2026,,,[]
101157200,BASE,889616392,SQM SA,,false,PRC,Santiago,CL,CL,"-33.413794949999996,-70.5865420199983",,2025-10-20 17:38:03,1974462,17,associatedPartner,,0,0,false,,abstained,,,https://ror.org/03ted7148,Korean Society for Quality Management,0.807143,0.857143,0.0,KSQM,acronym,False,False,False,2,not_matched,,,,,,,2021,2026,,,[]
101147385,Minority Report,999873673,UNIVERSITY OF CANTERBURY,,false,HES,CHRISTCHURCH,NZ,NZ,"-43.530955,172.6366455",https://www.canterbury.ac.nz,2024-09-06 18:32:06,2125705,7,participant,197500,197500,197500,false,,matched,https://ror.org/03y7q9t39,University of Canterbury,https://ror.org/03y7q9t39,University of Canterbury,1.0,1.0,0.182303,University of Canterbury,ror_display,True,True,True,5,joined,https://openalex.org/I185492890,University of Canterbury,education,NZ,52961,2572887,2021,2026,13703,115263,"[{""cited_by_count"": 43840, ""works_count"": 2350, ""year"": 2021}, {""cited_by_count"": 29904, ""works_count"": 2318, ""year"": 2022}, {""cited_by_count"": 22917, ""works_count"": 2498, ""year"": 2023}, {""cited_by_count"": 12783, ""works_count"": 2504, ""year"": 2024}, {""cited_by_count"": 5303, ""works_count"": 2632, ""year"": 2025}, {""cited_by_count"": 516, ""works_count"": 1401, ""year"": 2026}]"
101145675,EBO-PEP,881477704,AGENCE NATIONALE DE SECURITE SANITAIRE,,false,REC,CONAKRY,GN,GN,"9.515174440792869,-13.707258863512813",,2026-06-19 16:44:15,1988135,7,participant,100000,100000,100000,false,,abstained,,,https://ror.org/0471kz689,"Agence Nationale de Sécurité Sanitaire de l’Alimentation, de l’Environnement et du Travail",0.772123,0.822123,0.319008,"Agence Nationale de Sécurité Sanitaire de l’Alimentation, de l’Environnement et du Travail",ror_display,False,False,False,5,not_matched,,,,,,,2021,2026,,,[]
101133987,ForestAgriGreenNudge,907726680,ASSOCIATION D'EDUCATION ENVIRONNEMENTALE POUR LES FUTURES GENERATION,Association d'éducation Environnementale pour les Futures Générations (AEEFG),false,OTH,TUNIS,TN,TN,"37.1582975,9.806797798695769",,2025-10-20 17:38:03,1988227,9,participant,54750,54750,54750,false,,abstained,,,https://ror.org/04c8qrb95,Korea Environmental Education Association,0.28133,0.33133,0.062525,Korea Environmental Education Association,ror_display,False,False,False,5,not_matched,,,,,,,2021,2026,,,[]
101156589,SOILPROM,999588784,POLITECHNIKA GDANSKA,GDANSK UNIVERSITY OF TECHNOLOGY,false,HES,GDANSK,PL,PL633,"54.3482259,18.6542888",http://www.pg.gda.pl,2026-06-25 11:32:40,1909285,8,participant,296050,296050,296050,false,,matched,https://ror.org/006x4sc24,Gdańsk University of Technology,https://ror.org/006x4sc24,Gdańsk University of Technology,1.0,1.0,0.638002,Politechnika Gdańska,label,True,True,True,5,joined,https://openalex.org/I169333911,Gdańsk University of Technology,education,PL,31846,1041108,2021,2026,10472,117826,"[{""cited_by_count"": 35013, ""works_count"": 1754, ""year"": 2021}, {""cited_by_count"": 30890, ""works_count"": 1854, ""year"": 2022}, {""cited_by_count"": 29050, ""works_count"": 1977, ""year"": 2023}, {""cited_by_count"": 17617, ""works_count"": 1991, ""year"": 2024}, {""cited_by_count"": 5045, ""works_count"": 1909, ""year"": 2025}, {""cited_by_count"": 211, ""works_count"": 987, ""year"": 2026}]"
101169465,EuroMedMig,929283572,UNIVERSITE MOHAMMED V DE RABAT,UNIVERSITE MOHAMMED V DE RABAT,true,HES,Rabat,MA,MA,"34.0014733,-6.8435247",http://www.um5.ac.ma,2026-06-25 11:33:06,2303049,17,associatedPartner,,0,0,false,,matched,https://ror.org/00r8w8f84,Mohammed V University,https://ror.org/00r8w8f84,Mohammed V University,1.0,1.0,0.456627,Université Mohammed-V de Rabat,label,True,True,True,5,joined,https://openalex.org/I126477371,Mohammed V University,education,MA,51584,1436472,2021,2026,28369,135714,"[{""cited_by_count"": 45068, ""works_count"": 4125, ""year"": 2021}, {""cited_by_count"": 33775, ""works_count"": 4445, ""year"": 2022}, {""cited_by_count"": 28117, ""works_count"": 4969, ""year"": 2023}, {""cited_by_count"": 19904, ""works_count"": 5358, ""year"": 2024}, {""cited_by_count"": 8430, ""works_count"": 5506, ""year"": 2025}, {""cited_by_count"": 420, ""works_count"": 3966, ""year"": 2026}]"
101169465,EuroMedMig,929283572,UNIVERSITE MOHAMMED V DE RABAT,UNIVERSITE MOHAMMED V DE RABAT,true,HES,Rabat,MA,MA,"34.0014733,-6.8435247",http://www.um5.ac.ma,2026-06-25 11:33:06,2303049,5,participant,0,0,0,true,,matched,https://ror.org/00r8w8f84,Mohammed V University,https://ror.org/00r8w8f84,Mohammed V University,1.0,1.0,0.456627,Université Mohammed-V de Rabat,label,True,True,True,5,joined,https://openalex.org/I126477371,Mohammed V University,education,MA,51584,1436472,2021,2026,28369,135714,"[{""cited_by_count"": 45068, ""works_count"": 4125, ""year"": 2021}, {""cited_by_count"": 33775, ""works_count"": 4445, ""year"": 2022}, {""cited_by_count"": 28117, ""works_count"": 4969, ""year"": 2023}, {""cited_by_count"": 19904, ""works_count"": 5358, ""year"": 2024}, {""cited_by_count"": 8430, ""works_count"": 5506, ""year"": 2025}, {""cited_by_count"": 420, ""works_count"": 3966, ""year"": 2026}]"
101183033,STOP-MATING,986872084,Institut Pasteur de Madagascar,IPM,false,REC,Antananarivo,MG,MG,"-18.7920779,47.7823214",,2026-06-25 11:33:15,1947090,8,associatedPartner,,0,0,false,,matched,https://ror.org/03fkjvy27,Institut Pasteur de Madagascar,https://ror.org/03fkjvy27,Institut Pasteur de Madagascar,1.0,1.0,0.383333,Institut Pasteur de Madagascar,ror_display,True,True,True,5,joined,https://openalex.org/I4210133373,Institut Pasteur de Madagascar,nonprofit,MG,2497,141091,2021,2026,987,5925,"[{""cited_by_count"": 2160, ""works_count"": 125, ""year"": 2021}, {""cited_by_count"": 1888, ""works_count"": 166, ""year"": 2022}, {""cited_by_count"": 954, ""works_count"": 197, ""year"": 2023}, {""cited_by_count"": 606, ""works_count"": 197, ""year"": 2024}, {""cited_by_count"": 306, ""works_count"": 199, ""year"": 2025}, {""cited_by_count"": 11, ""works_count"": 103, ""year"": 2026}]"
101183033,STOP-MATING,894528375,Institut Pasteur de Bangui,,false,OTH,Bangui,CF,CF,"4.439994,18.5361266",,2026-06-25 11:33:15,1988654,7,associatedPartner,,0,0,false,,matched,https://ror.org/01ee94y34,Institut Pasteur de Bangui,https://ror.org/01ee94y34,Institut Pasteur de Bangui,1.0,1.0,0.383333,Institut Pasteur de Bangui,ror_display,True,True,True,5,joined,https://openalex.org/I4210093986,Institut Pasteur de Bangui,education,CF,707,47312,2021,2026,259,3876,"[{""cited_by_count"": 1272, ""works_count"": 37, ""year"": 2021}, {""cited_by_count"": 1764, ""works_count"": 46, ""year"": 2022}, {""cited_by_count"": 446, ""works_count"": 38, ""year"": 2023}, {""cited_by_count"": 312, ""works_count"": 67, ""year"": 2024}, {""cited_by_count"": 79, ""works_count"": 40, ""year"": 2025}, {""cited_by_count"": 3, ""works_count"": 31, ""year"": 2026}]"
101169280,EUFOG,999873673,UNIVERSITY OF CANTERBURY,,false,HES,CHRISTCHURCH,NZ,NZ,"-43.530955,172.6366455",https://www.canterbury.ac.nz,2026-06-25 11:33:22,2125705,7,associatedPartner,,0,0,false,,matched,https://ror.org/03y7q9t39,University of Canterbury,https://ror.org/03y7q9t39,University of Canterbury,1.0,1.0,0.182303,University of Canterbury,ror_display,True,True,True,5,joined,https://openalex.org/I185492890,University of Canterbury,education,NZ,52961,2572887,2021,2026,13703,115263,"[{""cited_by_count"": 43840, ""works_count"": 2350, ""year"": 2021}, {""cited_by_count"": 29904, ""works_count"": 2318, ""year"": 2022}, {""cited_by_count"": 22917, ""works_count"": 2498, ""year"": 2023}, {""cited_by_count"": 12783, ""works_count"": 2504, ""year"": 2024}, {""cited_by_count"": 5303, ""works_count"": 2632, ""year"": 2025}, {""cited_by_count"": 516, ""works_count"": 1401, ""year"": 2026}]"
101168576,HealthIntelAct,889726390,Registered Nurses Association of Ontario,Registered Nurses' Association of Ontario,true,OTH,Toronto,CA,CA,"43.663199,-79.3839865",,2026-03-04 11:43:02,1988770,23,associatedPartner,,0,0,false,,matched,https://ror.org/00w33ze35,Registered Nurses' Association of Ontario,https://ror.org/00w33ze35,Registered Nurses' Association of Ontario,1.0,1.0,0.409952,Registered Nurses' Association of Ontario,ror_display,True,True,True,5,joined,https://openalex.org/I173537496,Registered Nurses' Association of Ontario,other,CA,518,19873,2021,2026,190,1105,"[{""cited_by_count"": 480, ""works_count"": 25, ""year"": 2021}, {""cited_by_count"": 260, ""works_count"": 22, ""year"": 2022}, {""cited_by_count"": 238, ""works_count"": 28, ""year"": 2023}, {""cited_by_count"": 89, ""works_count"": 35, ""year"": 2024}, {""cited_by_count"": 35, ""works_count"": 55, ""year"": 2025}, {""cited_by_count"": 3, ""works_count"": 25, ""year"": 2026}]"
101167768,VIVACE,889721346,Human Link,,false,REC,Baabda,LB,LB,"33.8221135,35.5424616",,2026-05-11 11:27:00,1988722,15,associatedPartner,,0,0,false,,abstained,,,https://ror.org/01wmkgr68,Link (Germany),0.45,0.5,0.0,Link (Germany),ror_display,False,False,False,5,not_matched,,,,,,,2021,2026,,,[]
101182877,HEPHAESTUS,999588784,POLITECHNIKA GDANSKA,GDANSK UNIVERSITY OF TECHNOLOGY,false,HES,GDANSK,PL,PL633,"54.3482259,18.6542888",http://www.pg.gda.pl,2026-05-26 14:58:44,1909285,3,participant,96600,96600,0,false,,matched,https://ror.org/006x4sc24,Gdańsk University of Technology,https://ror.org/006x4sc24,Gdańsk University of Technology,1.0,1.0,0.638002,Politechnika Gdańska,label,True,True,True,5,joined,https://openalex.org/I169333911,Gdańsk University of Technology,education,PL,31846,1041108,2021,2026,10472,117826,"[{""cited_by_count"": 35013, ""works_count"": 1754, ""year"": 2021}, {""cited_by_count"": 30890, ""works_count"": 1854, ""year"": 2022}, {""cited_by_count"": 29050, ""works_count"": 1977, ""year"": 2023}, {""cited_by_count"": 17617, ""works_count"": 1991, ""year"": 2024}, {""cited_by_count"": 5045, ""works_count"": 1909, ""year"": 2025}, {""cited_by_count"": 211, ""works_count"": 987, ""year"": 2026}]"
101147311,LAPERITIVO,906552980,GREEN ENERGY PARK,GEP,false,REC,BENGUERIR,MA,MA,"32.22120100294158,-7.928934728574714",,2026-03-27 15:10:23,1972289,15,participant,0,0,0,false,,abstained,,,https://ror.org/04pk7g992,Dorset Green Technology Park,0.397213,0.447213,0.0,Dorset Green Technology Park,ror_display,False,False,False,5,not_matched,,,,,,,2021,2026,,,[]
101168562,SafeHorizon,999810623,Cyprus police,,false,PUB,Nicosia,CY,CY000,"35.1554534,33.3475976726927",http://www.police.gov.cy,2026-04-24 14:07:11,1906017,10,participant,170000,170000,170000,false,,matched,https://ror.org/008y40y60,Cyprus Police,https://ror.org/008y40y60,Cyprus Police,1.0,1.0,0.59459,Cyprus Police,ror_display,True,True,True,5,joined,https://openalex.org/I2802184509,Cyprus Police,government,CY,10,26,2021,2026,2,0,"[{""cited_by_count"": 0, ""works_count"": 2, ""year"": 2026}]"
101168349,eNOVATION,877542996,Ministry of Emergency Situations of the Republic of Uzbekistan,Ministry of Emergency Situations of the Republic of Uzbekistan,false,PUB,Tashkent,UZ,UZ,"41.3123363,69.2787079",,2026-06-03 12:58:03,1988907,22,participant,28750,28750,28750,false,,abstained,,,https://ror.org/011fjjx45,Ministry of Emergency Situations of the Republic of Azerbaijan,0.630228,0.680228,0.06702,Ministry of Emergency Situations of the Republic of Azerbaijan,ror_display,False,False,False,5,not_matched,,,,,,,2021,2026,,,[]
101168349,eNOVATION,870889184,Educational Complex of the Ministry of Internal Affairs of the Republic of Armenia,MIA Educational Complex,false,HES,Yerevan,AM,AM,"40.1561936,44.4536144",,2026-06-03 12:58:03,1996789,21,participant,22500,22500,22500,false,,abstained,,,https://ror.org/03xnyzd31,Ministry of Internal Affairs of the Kyrgyz Republic,0.436931,0.486931,0.020943,Ministry of Internal Affairs of the Kyrgyz Republic,ror_display,False,False,False,5,not_matched,,,,,,,2021,2026,,,[]
101145790,CT-Luso,879152905,ARFAME,ARFAME,false,REC,Bissau,GW,GW,"11.8364508,-15.5984959",,2026-06-19 16:45:01,1988948,22,associatedPartner,,0,0,false,,abstained,,,https://ror.org/05jyw4675,Marfan Foundation,0.0,0.0,0.0,NMF,acronym,False,False,False,5,not_matched,,,,,,,2021,2026,,,[]
101145790,CT-Luso,917208333,direcção nacional de medicamentos e equipamentos,autoridade reguladora dos medicamentos,false,PRC,Luanda,AO,AO,"-9.51803445,13.53567602042315",,2026-06-19 16:45:01,1988941,14,associatedPartner,,0,0,false,,abstained,,,https://ror.org/030ks9p42,National Directorate of Geology,0.32094,0.37094,0.101487,Direcção Nacional de Geologi,alias,False,False,False,5,not_matched,,,,,,,2021,2026,,,[]
101145790,CT-Luso,917086986,Comité Nacional de Ética em Pesquisa na Saúde (CNEPS),,false,PUB,Bissau,GW,GW,"11.8571691,-15.616317802758058",,2026-06-19 16:45:01,1988947,21,associatedPartner,,0,0,false,,abstained,,,https://ror.org/00946w275,Instituto Nacional de Estudos e Pesquisa,0.284145,0.214145,0.037393,Instituto Nacional de Estudos e Pesquisa,ror_display,True,True,False,5,not_matched,,,,,,,2021,2026,,,[]
101145790,CT-Luso,998713359,MINISTERIO DA SAUDE,MINISTRY OF HEALTH,false,PUB,Maputo,MZ,MZ,,,2026-06-19 16:45:01,2125970,2,participant,28973.75,28973.75,"28973,75",false,,matched,https://ror.org/059f2k568,Ministry of Health,https://ror.org/059f2k568,Ministry of Health,1.0,1.0,0.05,Ministério da Saúde,alias,True,True,True,5,joined,https://openalex.org/I4210166169,Ministry of Health,government,MZ,1293,60956,2021,2026,553,5657,"[{""cited_by_count"": 3010, ""works_count"": 83, ""year"": 2021}, {""cited_by_count"": 1098, ""works_count"": 114, ""year"": 2022}, {""cited_by_count"": 937, ""works_count"": 79, ""year"": 2023}, {""cited_by_count"": 394, ""works_count"": 123, ""year"": 2024}, {""cited_by_count"": 208, ""works_count"": 97, ""year"": 2025}, {""cited_by_count"": 10, ""works_count"": 57, ""year"": 2026}]"
101145790,CT-Luso,937196347,Ministério da Saúde e dos Assuntos Sociais,,false,PUB,São Tomé,ST,ST,"0.3384704011643938,6.731403728862704",,2026-06-19 16:45:01,1988946,20,associatedPartner,,0,0,false,,abstained,,,https://ror.org/046w98q07,Ministério da Saúde,0.47,0.4,0.12,Ministério da Saúde,ror_display,True,True,False,5,not_matched,,,,,,,2021,2026,,,[]
101195465,MBOTE-SK,998711419,THE UNIVERSITY OF MANITOBA,,false,HES,Manitoba,CA,CA,"55.001251,-97.001038",http://www.umanitoba.ca,2026-06-03 12:58:04,1906305,4,participant,50012.5,50012.5,"57012,5",false,,matched,https://ror.org/02gfys938,University of Manitoba,https://ror.org/02gfys938,University of Manitoba,1.0,1.0,0.64459,University of Manitoba,ror_display,True,False,False,5,joined,https://openalex.org/I46247651,University of Manitoba,education,CA,116913,7569587,2021,2026,31153,276847,"[{""cited_by_count"": 103134, ""works_count"": 5682, ""year"": 2021}, {""cited_by_count"": 76562, ""works_count"": 5439, ""year"": 2022}, {""cited_by_count"": 53069, ""works_count"": 5816, ""year"": 2023}, {""cited_by_count"": 30981, ""works_count"": 5954, ""year"": 2024}, {""cited_by_count"": 12442, ""works_count"": 5222, ""year"": 2025}, {""cited_by_count"": 659, ""works_count"": 3040, ""year"": 2026}]"
101182721,MONUGEO,920828761,UNIVERSIDADE DE MACAU,UNIVERSITY OF MACAU,false,HES,Taipa,MO,MO,"22.160224718957764,113.56382524893262",,2026-06-25 11:34:34,1989056,14,associatedPartner,,0,0,false,,matched,https://ror.org/01r4q9n85,University of Macau,https://ror.org/01r4q9n85,University of Macau,1.0,1.0,0.112303,Universidade de Macau,label,True,False,True,5,joined,https://openalex.org/I204512498,University of Macau,education,MO,47180,2402873,2021,2026,26951,344474,"[{""cited_by_count"": 113738, ""works_count"": 3516, ""year"": 2021}, {""cited_by_count"": 91828, ""works_count"": 4357, ""year"": 2022}, {""cited_by_count"": 67113, ""works_count"": 4408, ""year"": 2023}, {""cited_by_count"": 49467, ""works_count"": 4945, ""year"": 2024}, {""cited_by_count"": 21241, ""works_count"": 6208, ""year"": 2025}, {""cited_by_count"": 1087, ""works_count"": 3517, ""year"": 2026}]"
101182948,RETROTRAFO,999650282,UNIVERSITI PUTRA MALAYSIA,UPM,false,HES,Selangor Darul Ehsan,MY,MY,"2.3923759,112.8471939",,2026-06-25 11:34:49,2146163,12,associatedPartner,,0,0,false,,matched,https://ror.org/02e91jd64,Universiti Putra Malaysia,https://ror.org/02e91jd64,Universiti Putra Malaysia,1.0,1.0,0.424674,Universiti Putra Malaysia,ror_display,True,False,True,5,joined,https://openalex.org/I130343225,Universiti Putra Malaysia,education,MY,85146,4431849,2021,2026,34229,273548,"[{""cited_by_count"": 109151, ""works_count"": 6715, ""year"": 2021}, {""cited_by_count"": 76641, ""works_count"": 6472, ""year"": 2022}, {""cited_by_count"": 45871, ""works_count"": 6589, ""year"": 2023}, {""cited_by_count"": 28943, ""works_count"": 6144, ""year"": 2024}, {""cited_by_count"": 12420, ""works_count"": 5542, ""year"": 2025}, {""cited_by_count"": 522, ""works_count"": 2767, ""year"": 2026}]"
101183057,GALATEA,999588784,POLITECHNIKA GDANSKA,GDANSK UNIVERSITY OF TECHNOLOGY,false,HES,GDANSK,PL,PL633,"54.3482259,18.6542888",http://www.pg.gda.pl,2024-08-20 15:27:20,1909285,7,participant,110400,110400,0,false,,matched,https://ror.org/006x4sc24,Gdańsk University of Technology,https://ror.org/006x4sc24,Gdańsk University of Technology,1.0,1.0,0.638002,Politechnika Gdańska,label,True,True,True,5,joined,https://openalex.org/I169333911,Gdańsk University of Technology,education,PL,31846,1041108,2021,2026,10472,117826,"[{""cited_by_count"": 35013, ""works_count"": 1754, ""year"": 2021}, {""cited_by_count"": 30890, ""works_count"": 1854, ""year"": 2022}, {""cited_by_count"": 29050, ""works_count"": 1977, ""year"": 2023}, {""cited_by_count"": 17617, ""works_count"": 1991, ""year"": 2024}, {""cited_by_count"": 5045, ""works_count"": 1909, ""year"": 2025}, {""cited_by_count"": 211, ""works_count"": 987, ""year"": 2026}]"
101157560,SUS-SOIL,967838453,HELIOPOLIS UNIVERSITY ASSOCIATION,Heliopolis University for Sustainable Development,false,HES,Cairo,EG,EG,"30.3665687,31.5574957",http://www.hue.edu.eg,2026-06-25 11:35:41,2211865,22,participant,221750,221750,221750,false,,abstained,,,https://ror.org/02tme6r37,Heliopolis University,0.736667,0.666667,0.267229,Heliopolis University,ror_display,True,True,False,5,not_matched,,,,,,,2021,2026,,,[]
101182652,NEUTRAL4GS,908038729,UNIVERSITAS MUHAMMADIYAH PONTIANAK,UNIVERSITAS MUHAMMADIYAH PONTIANAK,false,HES,Pontianak,ID,ID,"-0.0486682,109.3437752",,2026-06-25 11:35:53,1970842,8,associatedPartner,,0,0,false,,matched,https://ror.org/04s11gh14,Universitas Muhammadiyah Pontianak,https://ror.org/04s11gh14,Universitas Muhammadiyah Pontianak,1.0,1.0,0.456108,Universitas Muhammadiyah Pontianak,ror_display,True,True,True,5,joined,https://openalex.org/I4210151769,Universitas Muhammadiyah Pontianak,education,ID,7847,31570,2021,2026,5356,5063,"[{""cited_by_count"": 1559, ""works_count"": 676, ""year"": 2021}, {""cited_by_count"": 1596, ""works_count"": 1249, ""year"": 2022}, {""cited_by_count"": 1193, ""works_count"": 919, ""year"": 2023}, {""cited_by_count"": 525, ""works_count"": 996, ""year"": 2024}, {""cited_by_count"": 184, ""works_count"": 1109, ""year"": 2025}, {""cited_by_count"": 6, ""works_count"": 407, ""year"": 2026}]"
101182752,ORCA,878691282,"Magtymguly Institute of Language, Literature and National Manuscripts",Institute of Manuscript of the Turkmen Academy of Sciences,false,PUB,Ashgabat,TM,TM,"37.94065055,58.38730548695236",,2026-06-25 11:35:52,1989301,14,associatedPartner,,0,0,false,,abstained,,,https://ror.org/01464wm64,National Institute of Japanese Literature,0.346368,0.396368,0.009816,National Institute of Japanese Literature,ror_display,False,False,False,5,not_matched,,,,,,,2021,2026,,,[]
101182768,ADAPT4CE,996480807,JORDAN UNIVERSITY OF SCIENCE AND TECHNOLOGY,JUST,false,HES,Irbid,JO,JO,"32.5555885,35.8493104",,2026-06-25 11:36:32,2068580,12,associatedPartner,,0,0,false,,matched,https://ror.org/03y8mtb59,Jordan University of Science and Technology,https://ror.org/03y8mtb59,Jordan University of Science and Technology,1.0,1.0,0.3,Jordan University of Science and Technology,ror_display,True,True,True,5,joined,https://openalex.org/I156983542,Jordan University of Science and Technology,education,JO,27922,1003059,2021,2026,13428,89455,"[{""cited_by_count"": 33243, ""works_count"": 2167, ""year"": 2021}, {""cited_by_count"": 21759, ""works_count"": 2377, ""year"": 2022}, {""cited_by_count"": 17196, ""works_count"": 2350, ""year"": 2023}, {""cited_by_count"": 11045, ""works_count"": 2443, ""year"": 2024}, {""cited_by_count"": 5992, ""works_count"": 2866, ""year"": 2025}, {""cited_by_count"": 220, ""works_count"": 1225, ""year"": 2026}]"
101182756,INSEAI 2023,948924908,UNIVERSIDAD NACIONAL DE ASUNCION,,false,HES,ASUNCION,PY,PY,"-25.2800459,-57.6343814",,2026-06-25 11:38:03,1955666,18,associatedPartner,,0,0,false,,matched,https://ror.org/03f27y887,Universidad Nacional de Asunción,https://ror.org/03f27y887,Universidad Nacional de Asunción,1.0,1.0,0.383333,Universidad Nacional de Asunción,ror_display,True,False,True,5,joined,https://openalex.org/I8379220,Universidad Nacional de Asunción,education,PY,9511,162369,2021,2026,4656,13549,"[{""cited_by_count"": 5591, ""works_count"": 783, ""year"": 2021}, {""cited_by_count"": 3009, ""works_count"": 931, ""year"": 2022}, {""cited_by_count"": 2936, ""works_count"": 802, ""year"": 2023}, {""cited_by_count"": 1327, ""works_count"": 885, ""year"": 2024}, {""cited_by_count"": 614, ""works_count"": 876, ""year"": 2025}, {""cited_by_count"": 72, ""works_count"": 379, ""year"": 2026}]"
101182734,EuAsiaN-ROOT,919273172,MONGOLIAN UNIVERSITY OF LIFE SCIENCES,,false,HES,Ulan Bator,MN,MN,"47.924990449999996,106.95245662351748",,2026-06-25 11:38:01,1989473,8,associatedPartner,,0,0,false,,matched,https://ror.org/04ycjft64,Mongolian University of Life Sciences,https://ror.org/04ycjft64,Mongolian University of Life Sciences,1.0,1.0,0.350981,Mongolian University of Life Sciences,ror_display,True,False,True,5,joined,https://openalex.org/I190774190,Mongolian University of Life Sciences,education,MN,2225,34370,2021,2026,1350,4497,"[{""cited_by_count"": 1287, ""works_count"": 187, ""year"": 2021}, {""cited_by_count"": 1494, ""works_count"": 145, ""year"": 2022}, {""cited_by_count"": 766, ""works_count"": 148, ""year"": 2023}, {""cited_by_count"": 589, ""works_count"": 259, ""year"": 2024}, {""cited_by_count"": 339, ""works_count"": 357, ""year"": 2025}, {""cited_by_count"": 22, ""works_count"": 254, ""year"": 2026}]"
101178624,EEETHOS,896960553,OILON TECHNOLOGY OY,,false,PRC,Lahti,FI,FI1C6,"61.1443743,25.6883648",,2026-06-17 15:02:31,1966262,9,participant,897750,897750,1282500,false,,abstained,,,https://ror.org/00b2x9z76,4D Technology (United States),0.384783,0.434783,0.0,4D Technology (United States),ror_display,False,False,False,5,not_matched,,,,,,,2021,2026,,,[]
101145734,BRIDGE NETWORK,989707976,INSTITUT REGIONAL DE SANTE PUBLIQUE COMLAN ALFRED QUENUM DE OUIDAH,IRSP-CAQ,false,HES,OUIDAH,BJ,BJ,"6.3491969,2.0879392",,2026-06-19 16:44:31,1989859,6,participant,506187.5,506187.5,"506187,5",false,,matched,https://ror.org/03tbncn87,Institut Régional de Santé Publique,https://ror.org/03tbncn87,Institut Régional de Santé Publique,0.945,0.875,0.705086,Institut Régional de Santé Publique Comlan Alfred Quenum,alias,True,True,False,5,joined,https://openalex.org/I4405262524,Institut Régional de Santé Publique,government,BJ,0,0,2021,2026,0,0,[]
101177528,UNDERCOVER,879778264,ONGWE MINERALS (PTY) LTD,,false,PRC,Windhoek,NA,NA,"-22.5743922,17.0790688",,2026-06-25 11:39:01,1989529,7,participant,75000,75000,75000,false,,abstained,,,https://ror.org/057bmm383,Lb Minerals (Slovakia),0.371053,0.421053,0.085643,Lb Minerals (Slovakia),ror_display,False,False,False,5,not_matched,,,,,,,2021,2026,,,[]
101177962,BLOOM,879192287,Universidade Federal de Catalão,Universidade Federal de Catalão,false,PUB,Catalão,BR,BR,"-10.3333333,-53.2",,2026-06-29 16:56:03,1989533,14,associatedPartner,,0,0,false,,matched,https://ror.org/024pz1v04,Universidade Federal de Catalão,https://ror.org/024pz1v04,Universidade Federal de Catalão,1.0,1.0,0.457516,Universidade Federal de Catalão,ror_display,True,True,True,5,joined,https://openalex.org/I4387156084,Universidade Federal de Catalão,education,BR,1438,4805,2021,2026,1294,2440,"[{""cited_by_count"": 985, ""works_count"": 183, ""year"": 2021}, {""cited_by_count"": 684, ""works_count"": 215, ""year"": 2022}, {""cited_by_count"": 454, ""works_count"": 288, ""year"": 2023}, {""cited_by_count"": 260, ""works_count"": 279, ""year"": 2024}, {""cited_by_count"": 57, ""works_count"": 195, ""year"": 2025}, {""cited_by_count"": 0, ""works_count"": 134, ""year"": 2026}]"
101178444,PERMANET,965891760,CENTRE CIM FUNDACIO PRIVADA,FCIM,false,REC,Barcelona,ES,ES511,"41.3826961,2.1152162",http://www.fundaciocim.org,2026-06-25 11:39:23,2173700,6,participant,386250,386250,386250,false,,matched,https://ror.org/03z97cd47,Fundació Privada Centre CIM,https://ror.org/03z97cd47,Fundació Privada Centre CIM,1.0,1.0,0.574022,Fundació Privada Centre CIM,ror_display,True,True,False,5,joined,https://openalex.org/I4210125194,Fundació Privada Centre CIM,other,ES,493,8560,2021,2026,212,2290,"[{""cited_by_count"": 345, ""works_count"": 31, ""year"": 2021}, {""cited_by_count"": 543, ""works_count"": 39, ""year"": 2022}, {""cited_by_count"": 229, ""works_count"": 27, ""year"": 2023}, {""cited_by_count"": 854, ""works_count"": 53, ""year"": 2024}, {""cited_by_count"": 309, ""works_count"": 39, ""year"": 2025}, {""cited_by_count"": 10, ""works_count"": 23, ""year"": 2026}]"
101182819,COVER,999588784,POLITECHNIKA GDANSKA,GDANSK UNIVERSITY OF TECHNOLOGY,false,HES,GDANSK,PL,PL633,"54.3482259,18.6542888",http://www.pg.gda.pl,2026-06-25 11:40:03,1909285,4,participant,27600,27600,0,false,,matched,https://ror.org/006x4sc24,Gdańsk University of Technology,https://ror.org/006x4sc24,Gdańsk University of Technology,1.0,1.0,0.638002,Politechnika Gdańska,label,True,True,True,5,joined,https://openalex.org/I169333911,Gdańsk University of Technology,education,PL,31846,1041108,2021,2026,10472,117826,"[{""cited_by_count"": 35013, ""works_count"": 1754, ""year"": 2021}, {""cited_by_count"": 30890, ""works_count"": 1854, ""year"": 2022}, {""cited_by_count"": 29050, ""works_count"": 1977, ""year"": 2023}, {""cited_by_count"": 17617, ""works_count"": 1991, ""year"": 2024}, {""cited_by_count"": 5045, ""works_count"": 1909, ""year"": 2025}, {""cited_by_count"": 211, ""works_count"": 987, ""year"": 2026}]"
101145709,Ebola PREP-TBOX,892581488,FONDATION CONGOLAISE POUR LA RECHERCHE MEDICALE,,false,OTH,BRAZZAVILLE,CG,CG,"-0.7264327,15.6419155",,2026-06-19 16:44:29,1967607,7,participant,883916.66,883916.66,"883916,66",false,,matched,https://ror.org/023f4f524,Fondation Congolaise Pour La Recherche Médicale,https://ror.org/023f4f524,Fondation Congolaise Pour La Recherche Médicale,1.0,1.0,0.25,Fondation Congolaise Pour La Recherche Médicale,ror_display,True,True,True,5,joined,https://openalex.org/I4210103017,Fondation Congolaise Pour La Recherche Médicale,facility,CG,679,23549,2021,2026,387,4616,"[{""cited_by_count"": 1859, ""works_count"": 42, ""year"": 2021}, {""cited_by_count"": 1919, ""works_count"": 133, ""year"": 2022}, {""cited_by_count"": 411, ""works_count"": 54, ""year"": 2023}, {""cited_by_count"": 283, ""works_count"": 74, ""year"": 2024}, {""cited_by_count"": 126, ""works_count"": 47, ""year"": 2025}, {""cited_by_count"": 18, ""works_count"": 37, ""year"": 2026}]"
101182946,GHOST,998808710,NATIONAL TAIWAN UNIVERSITY,NTU,false,HES,Taipei,TW,TW,"25.0182673,121.535927",http://www.ntu.edu.tw,2024-10-03 16:51:03,1912550,10,associatedPartner,,0,0,false,,matched,https://ror.org/05bqach95,National Taiwan University,https://ror.org/05bqach95,National Taiwan University,1.0,1.0,0.025786,National Taiwan University,ror_display,True,True,True,5,joined,https://openalex.org/I16733864,National Taiwan University,education,TW,171713,12779358,2021,2026,46501,409813,"[{""cited_by_count"": 158658, ""works_count"": 7882, ""year"": 2021}, {""cited_by_count"": 109893, ""works_count"": 8146, ""year"": 2022}, {""cited_by_count"": 75395, ""works_count"": 8319, ""year"": 2023}, {""cited_by_count"": 44031, ""works_count"": 8684, ""year"": 2024}, {""cited_by_count"": 20843, ""works_count"": 8831, ""year"": 2025}, {""cited_by_count"": 993, ""works_count"": 4639, ""year"": 2026}]"
101177536,RADAR,893910485,REGIONAL SCHOOL OF PUBLIC ADMINISTRATION,REGIONALNA SKOLA ZA DRZAVNU UPRAVU DANILOVGRAD,false,PUB,Danilovgrad,ME,ME000,"42.5499513,19.1042769",,2026-04-24 14:07:11,1989780,10,participant,163000,163000,163000,false,,abstained,,,https://ror.org/05j19c061,Escola Nacional de Administração Pública,0.577299,0.627299,0.035102,National School of Public Administration,alias,False,False,False,5,not_matched,,,,,,,2021,2026,,,[]
101178027,ANIMA MUNDI,886375622,Linking Market Forces for European Film and Television,LMF asbl,false,OTH,Liege,BE,BE332,"50.638627400000004,5.570777935556581",,2026-06-29 16:56:09,1989895,13,participant,118942.5,118942.5,0,false,,abstained,,,https://ror.org/00ymx4t37,MUSE Film and Television,0.205601,0.255601,0.031994,MUSE Film and Television,ror_display,False,False,False,5,not_matched,,,,,,,2021,2026,,,[]
101178736,EU-ALMPO,999588784,POLITECHNIKA GDANSKA,GDANSK UNIVERSITY OF TECHNOLOGY,false,HES,GDANSK,PL,PL633,"54.3482259,18.6542888",http://www.pg.gda.pl,2026-06-29 16:56:53,1909285,3,participant,243750,243750,243750,false,,matched,https://ror.org/006x4sc24,Gdańsk University of Technology,https://ror.org/006x4sc24,Gdańsk University of Technology,1.0,1.0,0.638002,Politechnika Gdańska,label,True,True,True,5,joined,https://openalex.org/I169333911,Gdańsk University of Technology,education,PL,31846,1041108,2021,2026,10472,117826,"[{""cited_by_count"": 35013, ""works_count"": 1754, ""year"": 2021}, {""cited_by_count"": 30890, ""works_count"": 1854, ""year"": 2022}, {""cited_by_count"": 29050, ""works_count"": 1977, ""year"": 2023}, {""cited_by_count"": 17617, ""works_count"": 1991, ""year"": 2024}, {""cited_by_count"": 5045, ""works_count"": 1909, ""year"": 2025}, {""cited_by_count"": 211, ""works_count"": 987, ""year"": 2026}]"
101195102,MPOX-PROBE,892581488,FONDATION CONGOLAISE POUR LA RECHERCHE MEDICALE,,false,OTH,BRAZZAVILLE,CG,CG,"-0.7264327,15.6419155",,2026-06-03 13:00:36,1967607,2,participant,484242.5,484242.5,"484242,5",false,,matched,https://ror.org/023f4f524,Fondation Congolaise Pour La Recherche Médicale,https://ror.org/023f4f524,Fondation Congolaise Pour La Recherche Médicale,1.0,1.0,0.25,Fondation Congolaise Pour La Recherche Médicale,ror_display,True,True,True,5,joined,https://openalex.org/I4210103017,Fondation Congolaise Pour La Recherche Médicale,facility,CG,679,23549,2021,2026,387,4616,"[{""cited_by_count"": 1859, ""works_count"": 42, ""year"": 2021}, {""cited_by_count"": 1919, ""works_count"": 133, ""year"": 2022}, {""cited_by_count"": 411, ""works_count"": 54, ""year"": 2023}, {""cited_by_count"": 283, ""works_count"": 74, ""year"": 2024}, {""cited_by_count"": 126, ""works_count"": 47, ""year"": 2025}, {""cited_by_count"": 18, ""works_count"": 37, ""year"": 2026}]"
101181231,WINDHY,996467906,MACQUARIE UNIVERSITY,,false,HES,Sydney,AU,AU,"-33.8548157,151.2164539",,2026-06-25 11:40:35,2945459,10,associatedPartner,,0,0,false,,matched,https://ror.org/01sf06y89,Macquarie University,https://ror.org/01sf06y89,Macquarie University,1.0,1.0,0.20436,Macquarie University,ror_display,True,True,True,5,joined,https://openalex.org/I99043593,Macquarie University,education,AU,101804,5440249,2021,2026,36674,372381,"[{""cited_by_count"": 144070, ""works_count"": 6924, ""year"": 2021}, {""cited_by_count"": 102497, ""works_count"": 6855, ""year"": 2022}, {""cited_by_count"": 68001, ""works_count"": 6367, ""year"": 2023}, {""cited_by_count"": 41854, ""works_count"": 6824, ""year"": 2024}, {""cited_by_count"": 15088, ""works_count"": 6324, ""year"": 2025}, {""cited_by_count"": 871, ""works_count"": 3380, ""year"": 2026}]"
101188078,FIDELIS,999588784,POLITECHNIKA GDANSKA,GDANSK UNIVERSITY OF TECHNOLOGY,false,HES,GDANSK,PL,PL633,"54.3482259,18.6542888",http://www.pg.gda.pl,2026-06-17 16:12:35,1909285,13,participant,59625,59625,0,false,,matched,https://ror.org/006x4sc24,Gdańsk University of Technology,https://ror.org/006x4sc24,Gdańsk University of Technology,1.0,1.0,0.638002,Politechnika Gdańska,label,True,True,True,5,joined,https://openalex.org/I169333911,Gdańsk University of Technology,education,PL,31846,1041108,2021,2026,10472,117826,"[{""cited_by_count"": 35013, ""works_count"": 1754, ""year"": 2021}, {""cited_by_count"": 30890, ""works_count"": 1854, ""year"": 2022}, {""cited_by_count"": 29050, ""works_count"": 1977, ""year"": 2023}, {""cited_by_count"": 17617, ""works_count"": 1991, ""year"": 2024}, {""cited_by_count"": 5045, ""works_count"": 1909, ""year"": 2025}, {""cited_by_count"": 211, ""works_count"": 987, ""year"": 2026}]"
101177706,COLUMN,915917069,ANTON DE KOM UNIVERSITEIT VAN SURINAME,ADEKUS,false,HES,PARAMARIBO,SR,SR,"5.813057761780794,-55.21722411246823",,2025-05-09 11:56:07,1990139,8,participant,148135,148135,0,false,,matched,https://ror.org/02m8qhj08,Anton de Kom University of Suriname,https://ror.org/02m8qhj08,Anton de Kom University of Suriname,1.0,1.0,0.749824,Anton de Kom Universiteit van Suriname,label,True,True,True,5,joined,https://openalex.org/I299851397,Anton de Kom University of Suriname,education,SR,1120,18180,2021,2026,577,1951,"[{""cited_by_count"": 642, ""works_count"": 91, ""year"": 2021}, {""cited_by_count"": 640, ""works_count"": 83, ""year"": 2022}, {""cited_by_count"": 420, ""works_count"": 148, ""year"": 2023}, {""cited_by_count"": 168, ""works_count"": 84, ""year"": 2024}, {""cited_by_count"": 75, ""works_count"": 108, ""year"": 2025}, {""cited_by_count"": 6, ""works_count"": 63, ""year"": 2026}]"
101182840,UPGRADE,911378536,DENESHGAH E ELM SANAAT E IRAN,IRAN UNIVERSITY OF SCIENCE AND TECHNOLOGY,false,HES,TEHRAN,IR,IR,"35.7500845,51.516695",,2026-06-25 11:41:17,1948257,19,associatedPartner,,0,0,false,,abstained,,,https://ror.org/015w62071,Iran Khodro (Iran),0.237705,0.167705,0.05,Iran National,alias,True,True,False,5,not_matched,,,,,,,2021,2026,,,[]
101182840,UPGRADE,998297908,GRONLANDS NATURINSTITUT,,false,REC,Nuuk,GL,GL,"64.1905067,-51.6952546940986",,2026-06-25 11:41:17,1916692,6,participant,4600,4600,0,false,,abstained,,,https://ror.org/0342y5q78,Grønlands Naturinstitut,0.445236,0.375236,0.445236,Grønlands Naturinstitut,ror_display,True,True,False,5,not_matched,,,,,,,2021,2026,,,[]
101187947,WeatherGenerator,879350979,BULUTTAN METEOROLOJI VE TEKNOLOJI AS,BULUTTAN METEOROLOJİ VE TEKNOLOJİ AS,false,PRC,ISTANBUL,TR,TR100,"41.1130783,29.008671206401882",,2026-03-04 12:08:02,1990169,11,participant,650000,650000,0,false,,abstained,,,https://ror.org/040nc8096,Teknoloji Arastirma ve Gelistirme Endustriyel Urunler Bilisim Teknolojileri San Tic,0.202087,0.132087,0.010082,Teknoloji Arastirma ve Gelistirme Endustriyel Urunler Bilisim Teknolojileri San Tic,ror_display,True,True,False,5,not_matched,,,,,,,2021,2026,,,[]
101183153,WST,996467906,MACQUARIE UNIVERSITY,,false,HES,Sydney,AU,AU,"-33.8548157,151.2164539",,2026-03-17 09:55:55,2945459,15,associatedPartner,,0,0,false,,matched,https://ror.org/01sf06y89,Macquarie University,https://ror.org/01sf06y89,Macquarie University,1.0,1.0,0.20436,Macquarie University,ror_display,True,True,True,5,joined,https://openalex.org/I99043593,Macquarie University,education,AU,101804,5440249,2021,2026,36674,372381,"[{""cited_by_count"": 144070, ""works_count"": 6924, ""year"": 2021}, {""cited_by_count"": 102497, ""works_count"": 6855, ""year"": 2022}, {""cited_by_count"": 68001, ""works_count"": 6367, ""year"": 2023}, {""cited_by_count"": 41854, ""works_count"": 6824, ""year"": 2024}, {""cited_by_count"": 15088, ""works_count"": 6324, ""year"": 2025}, {""cited_by_count"": 871, ""works_count"": 3380, ""year"": 2026}]"
101180091,COASTS,879319551,MALDIVES SPACE RESEARCH ORGANISATION,MSRO,true,REC,MALE,MV,MV,"4.173059398786766,73.5169499871787",,2026-03-18 09:50:21,1990257,4,participant,140737.5,140737.5,"140737,5",false,,abstained,,,https://ror.org/00cwrns71,Indian Space Research Organisation,0.550339,0.600339,0.019058,Indian Space Research Organisation,ror_display,False,False,False,5,not_matched,,,,,,,2021,2026,,,[]
101184132,PATH2ZERO,999513027,TRANSPORTOKONOMISK INSTITUTT,TOI,false,REC,Oslo,NO,NO081,"59.942353499999996,10.716316407483461",http://www.toi.no,2025-09-01 23:31:11,1913433,10,participant,404062.5,404062.5,"404062,5",false,,abstained,,,https://ror.org/04p2pa451,Institute of Transport Economics,0.398234,0.328234,0.042824,Transportøkonomisk institutt,alias,True,True,False,5,not_matched,,,,,,,2021,2026,,,[]
101182933,ENSURE-6G,992678019,UNIVERSITY OF SRI JAYEWARDENEPURA,,false,HES,Nugegoda,LK,LK,"6.867808,79.89284",,2026-06-25 11:42:27,1990232,12,associatedPartner,,0,0,false,,matched,https://ror.org/02rm76t37,University of Sri Jayewardenepura,https://ror.org/02rm76t37,University of Sri Jayewardenepura,1.0,1.0,0.383333,University of Sri Jayewardenepura,ror_display,True,False,True,5,joined,https://openalex.org/I172828483,University of Sri Jayewardenepura,education,LK,11090,222860,2021,2026,5855,38039,"[{""cited_by_count"": 15278, ""works_count"": 1043, ""year"": 2021}, {""cited_by_count"": 9571, ""works_count"": 1095, ""year"": 2022}, {""cited_by_count"": 6267, ""works_count"": 1009, ""year"": 2023}, {""cited_by_count"": 5080, ""works_count"": 1033, ""year"": 2024}, {""cited_by_count"": 1748, ""works_count"": 1042, ""year"": 2025}, {""cited_by_count"": 95, ""works_count"": 633, ""year"": 2026}]"
101158797,ACROBAT Newborns,954910390,FUNDACAO MANHICA,FM,false,REC,VILA DA MANHICA MAPUTO,MZ,MZ,"-25.9458524,32.569211",,2025-11-17 18:00:03,1970787,2,participant,301460,301460,301460,false,,abstained,,,https://ror.org/047rnn627,Fundação Otorrinolaringologia,0.28541,0.33541,0.002253,Fundação Otorrinolaringologia,ror_display,False,False,False,5,not_matched,,,,,,,2021,2026,,,[]
101188192,ALMASI,943243909,UNIVERSIDAD AUTONOMA DEL ESTADO DE MEXICO,UAEMEX,false,HES,Toluca,MX,MX,"19.2843731,-99.65263110930509",,2026-06-11 10:02:07,1990250,11,participant,207812.5,207812.5,"207812,5",false,,matched,https://ror.org/0079gpv38,Universidad Autónoma del Estado de México,https://ror.org/0079gpv38,Universidad Autónoma del Estado de México,1.0,1.0,0.302504,Universidad Autónoma del Estado de México,ror_display,True,True,True,5,joined,https://openalex.org/I179647637,Universidad Autónoma del Estado de México,education,MX,22271,368976,2021,2026,9151,24454,"[{""cited_by_count"": 9863, ""works_count"": 1418, ""year"": 2021}, {""cited_by_count"": 6894, ""works_count"": 1484, ""year"": 2022}, {""cited_by_count"": 4149, ""works_count"": 1529, ""year"": 2023}, {""cited_by_count"": 2365, ""works_count"": 1614, ""year"": 2024}, {""cited_by_count"": 1136, ""works_count"": 2067, ""year"": 2025}, {""cited_by_count"": 47, ""works_count"": 1039, ""year"": 2026}]"
101145698,CATCR,892581488,FONDATION CONGOLAISE POUR LA RECHERCHE MEDICALE,,false,OTH,BRAZZAVILLE,CG,CG,"-0.7264327,15.6419155",,2026-06-19 16:44:26,1967607,3,participant,1482507.15,1482507.15,"1482507,15",false,,matched,https://ror.org/023f4f524,Fondation Congolaise Pour La Recherche Médicale,https://ror.org/023f4f524,Fondation Congolaise Pour La Recherche Médicale,1.0,1.0,0.25,Fondation Congolaise Pour La Recherche Médicale,ror_display,True,True,True,5,joined,https://openalex.org/I4210103017,Fondation Congolaise Pour La Recherche Médicale,facility,CG,679,23549,2021,2026,387,4616,"[{""cited_by_count"": 1859, ""works_count"": 42, ""year"": 2021}, {""cited_by_count"": 1919, ""works_count"": 133, ""year"": 2022}, {""cited_by_count"": 411, ""works_count"": 54, ""year"": 2023}, {""cited_by_count"": 283, ""works_count"": 74, ""year"": 2024}, {""cited_by_count"": 126, ""works_count"": 47, ""year"": 2025}, {""cited_by_count"": 18, ""works_count"": 37, ""year"": 2026}]"
101182176,TRANS-SAHARA,877046744,MINISTERE DE L'ENVIRONNEMENT ET DU DEVELOPPEMENT DURABLE,MEDD,false,PUB,DJIBOUTI,DJ,DJ,"11.57535025,43.15675472261401",,2026-06-25 11:42:47,1990579,15,participant,102812.5,102812.5,"102812,5",false,,abstained,,,https://ror.org/04t39kh72,Ministère de l’Environnement et du Développement Durable,0.95,1.0,0.132303,Ministère de l’Environnement et du Développement Durable,ror_display,False,False,True,5,not_matched,,,,,,,2021,2026,,,[]
101182176,TRANS-SAHARA,882151757,AGENCE NATIONAL DE LA GRANDE MURAILLE VERTE,REHABILITATION ET RESTAURATION DES ECOSYSTEMES DEGRADES DES PROVINCES DE LA ZONE D’INTERVENTION DE LA GMV DU TCHAD,false,REC,N'Djamena,TD,TD,"12.1285002,15.0698465",,2026-06-25 11:42:47,1990577,12,participant,102812.5,102812.5,"102812,5",false,,abstained,,,https://ror.org/04yrmhg32,National Centre for the Performing Arts,0.246752,0.296752,0.028425,National Grand Theatre,alias,False,False,False,5,not_matched,,,,,,,2021,2026,,,[]
101182176,TRANS-SAHARA,896225972,INSTITUT POLYTECHNIQUE RURAL DE FORMATION ET DE RECHERCHE APPLIQUEE,IPR/IFRA,false,REC,Katibougou,ML,ML,"12.5017753,-8.0920452",,2026-06-25 11:42:47,1964185,8,participant,59062.5,59062.5,"59062,5",false,,matched,https://ror.org/00c4ccg58,Institut Polytechnique Rural de Formation et de Recherche Appliquée,https://ror.org/00c4ccg58,Institut Polytechnique Rural de Formation et de Recherche Appliquée,1.0,1.0,0.663448,Institut Polytechnique Rural de Formation et de Recherche Appliquée,ror_display,True,False,True,5,joined,https://openalex.org/I4210090812,Institut Polytechnique Rural de Formation et de Recherche Appliquée,education,ML,679,5406,2021,2026,336,725,"[{""cited_by_count"": 255, ""works_count"": 62, ""year"": 2021}, {""cited_by_count"": 194, ""works_count"": 59, ""year"": 2022}, {""cited_by_count"": 116, ""works_count"": 104, ""year"": 2023}, {""cited_by_count"": 114, ""works_count"": 49, ""year"": 2024}, {""cited_by_count"": 43, ""works_count"": 46, ""year"": 2025}, {""cited_by_count"": 3, ""works_count"": 16, ""year"": 2026}]"
101182027,AfroGrow,876668153,PRESIDENCE DE LA REPUBLIQUE,,false,PUB,ABIDJAN,CI,CI,"5.3322687,-4.0216722",,2026-06-25 11:42:58,1990616,21,participant,99812.5,99812.5,"99812,5",false,,abstained,,,https://ror.org/0288vxa97,Residencia de Investigadores y Biblioteca de Sevilla,0.204205,0.254205,0.000891,Rebis Residence,alias,False,False,False,5,not_matched,,,,,,,2021,2026,,,[]
101178250,ATENEA,962882432,HILTI AKTIENGESELLSCHAFT,,false,PRC,Schaan,LI,LI000,"47.1663397,9.510312",,2025-05-28 13:26:30,1947339,13,associatedPartner,,0,0,false,,matched,https://ror.org/044h7tr79,Hilti (Liechtenstein),https://ror.org/044h7tr79,Hilti (Liechtenstein),1.0,1.0,0.6,Hilti Aktiengesellschaft,alias,True,True,True,5,joined,https://openalex.org/I94297397,Hilti (Liechtenstein),company,LI,1255,19970,2021,2026,568,1498,"[{""cited_by_count"": 445, ""works_count"": 48, ""year"": 2021}, {""cited_by_count"": 666, ""works_count"": 94, ""year"": 2022}, {""cited_by_count"": 161, ""works_count"": 136, ""year"": 2023}, {""cited_by_count"": 165, ""works_count"": 87, ""year"": 2024}, {""cited_by_count"": 58, ""works_count"": 122, ""year"": 2025}, {""cited_by_count"": 3, ""works_count"": 81, ""year"": 2026}]"
101194278,GN5-2,999636217,RESEARCH AND EDUCATIONAL NETWORKING ASSOCIATION OF MOLDOVA,RENAM,true,OTH,CHISINAU,MD,MD,"47.0122737,28.8605936",http://www.renam.md,2026-06-25 11:43:04,2130878,27,participant,228776,228776,"253337,5",false,,matched,https://ror.org/01whxzd80,Research and Educational Networking Association of Moldova,https://ror.org/01whxzd80,Research and Educational Networking Association of Moldova,1.0,1.0,0.374754,Research and Educational Networking Association of Moldova,ror_display,True,True,True,5,joined,https://openalex.org/I2802918892,Research and Educational Networking Association of Moldova,other,MD,19,69,2021,2026,4,1,"[{""cited_by_count"": 1, ""works_count"": 3, ""year"": 2021}, {""cited_by_count"": 0, ""works_count"": 1, ""year"": 2024}]"
101168272,IAMI,999810623,Cyprus police,,false,PUB,Nicosia,CY,CY000,"35.1554534,33.3475976726927",http://www.police.gov.cy,2026-04-13 16:04:24,1906017,9,participant,45000,45000,45000,false,,matched,https://ror.org/008y40y60,Cyprus Police,https://ror.org/008y40y60,Cyprus Police,1.0,1.0,0.59459,Cyprus Police,ror_display,True,True,True,5,joined,https://openalex.org/I2802184509,Cyprus Police,government,CY,10,26,2021,2026,2,0,"[{""cited_by_count"": 0, ""works_count"": 2, ""year"": 2026}]"
101160339,IMVACS,954303946,UNIVERSITE DES SCIENCES DES TECHNIQUES ET DES TECHNOLOGIES DE BAMAKO,USTTB,false,HES,Bamako,ML,ML,"12.649319,-8.000337",,2025-05-02 16:17:46,1956528,4,participant,1932071.25,1932071.25,"1932071,25",false,,matched,https://ror.org/023rbaw78,"Université des Sciences, des Techniques et des Technologies de Bamako",https://ror.org/023rbaw78,"Université des Sciences, des Techniques et des Technologies de Bamako",1.0,1.0,0.521781,"Université des Sciences, des Techniques et des Technologies de Bamako",ror_display,True,True,True,5,joined,https://openalex.org/I4210112095,"Université des Sciences, des Techniques et des Technologies de Bamako",education,ML,3939,104906,2021,2026,2743,8600,"[{""cited_by_count"": 3049, ""works_count"": 371, ""year"": 2021}, {""cited_by_count"": 2458, ""works_count"": 460, ""year"": 2022}, {""cited_by_count"": 1501, ""works_count"": 580, ""year"": 2023}, {""cited_by_count"": 1069, ""works_count"": 556, ""year"": 2024}, {""cited_by_count"": 480, ""works_count"": 439, ""year"": 2025}, {""cited_by_count"": 43, ""works_count"": 337, ""year"": 2026}]"
101159477,REACH-OUT,880817522,CENTRE FOR INTEGRATED HEALTH PROGRAMS LTD/GTE,Centre for Integrated Health Programs,false,REC,Abuja,NG,NG,"9.0643305,7.4892974",,2026-06-25 11:43:50,1990764,4,participant,752420.5,752420.5,"752420,5",false,,abstained,,,https://ror.org/03wtrat67,Centre for Integrated Health Programs,0.736667,0.666667,0.535999,Centre for Integrated Health Programs,ror_display,True,True,False,5,not_matched,,,,,,,2021,2026,,,[]
101159438,CryptoT&T,954910390,FUNDACAO MANHICA,FM,false,REC,VILA DA MANHICA MAPUTO,MZ,MZ,"-25.9458524,32.569211",,2026-06-25 11:43:54,1970787,3,participant,1687330,1687330,1687330,false,,abstained,,,https://ror.org/047rnn627,Fundação Otorrinolaringologia,0.28541,0.33541,0.002253,Fundação Otorrinolaringologia,ror_display,False,False,False,5,not_matched,,,,,,,2021,2026,,,[]
101181408,BioClima,879662155,Hangzhou City University,Hangzhou City University,false,PUB,Hangzhou,CN,CN,"30.2489634,120.2052342",,2026-06-25 11:44:15,1990886,26,associatedPartner,,0,0,false,,matched,https://ror.org/01wck0s05,Hangzhou City University,https://ror.org/01wck0s05,Hangzhou City University,1.0,1.0,0.021667,Hangzhou City University,ror_display,True,True,True,5,joined,https://openalex.org/I4400573310,Hangzhou City University,education,,3112,49372,2021,2026,3073,22517,"[{""cited_by_count"": 150, ""works_count"": 6, ""year"": 2022}, {""cited_by_count"": 9880, ""works_count"": 717, ""year"": 2023}, {""cited_by_count"": 8975, ""works_count"": 1015, ""year"": 2024}, {""cited_by_count"": 3320, ""works_count"": 914, ""year"": 2025}, {""cited_by_count"": 192, ""works_count"": 421, ""year"": 2026}]"
101195116,JUA KIVU,883987579,INSTITUT NATIONAL DE SANTE PUBLIQUE,NATIONAL PUBLIC HEALTH INSTITUTE INSP,false,HES,Bujumbura,BI,BI,"-3.3730778777726376,29.36023312823755",,2026-06-25 11:45:18,1982382,7,participant,75000,75000,75000,false,,matched,https://ror.org/042sjvf54,Institut National de sante publique,https://ror.org/042sjvf54,Institut National de sante publique,1.0,1.0,0.05,Institut National de sante publique,ror_display,True,True,True,5,joined,https://openalex.org/I4405260641,Institut National de sante publique,education,BI,0,0,2021,2026,0,0,[]
101139637,ClimaGen,999588784,POLITECHNIKA GDANSKA,GDANSK UNIVERSITY OF TECHNOLOGY,false,HES,GDANSK,PL,PL633,"54.3482259,18.6542888",http://www.pg.gda.pl,2026-06-29 16:44:06,1909285,9,participant,225750,225750,225750,false,,matched,https://ror.org/006x4sc24,Gdańsk University of Technology,https://ror.org/006x4sc24,Gdańsk University of Technology,1.0,1.0,0.638002,Politechnika Gdańska,label,True,True,True,5,joined,https://openalex.org/I169333911,Gdańsk University of Technology,education,PL,31846,1041108,2021,2026,10472,117826,"[{""cited_by_count"": 35013, ""works_count"": 1754, ""year"": 2021}, {""cited_by_count"": 30890, ""works_count"": 1854, ""year"": 2022}, {""cited_by_count"": 29050, ""works_count"": 1977, ""year"": 2023}, {""cited_by_count"": 17617, ""works_count"": 1991, ""year"": 2024}, {""cited_by_count"": 5045, ""works_count"": 1909, ""year"": 2025}, {""cited_by_count"": 211, ""works_count"": 987, ""year"": 2026}]"
101192375,Shift2Zero,999513027,TRANSPORTOKONOMISK INSTITUTT,TOI,false,REC,Oslo,NO,NO081,"59.942353499999996,10.716316407483461",http://www.toi.no,2024-12-20 10:25:08,1913433,6,participant,576000,576000,576000,false,,abstained,,,https://ror.org/04p2pa451,Institute of Transport Economics,0.398234,0.328234,0.042824,Transportøkonomisk institutt,alias,True,True,False,5,not_matched,,,,,,,2021,2026,,,[]
101192661,FLEETfor55,915163961,STEALTH MARITIME CORP. S.A.,,false,PRC,MONROVIA,LR,LR,"6.3173799,-10.8067258",,2026-03-03 21:58:52,1990998,21,participant,81900,81900,136500,false,,abstained,,,https://ror.org/051rrf637,California Maritime Academy,0.283333,0.333333,0.048333,Maritime,alias,False,False,False,5,not_matched,,,,,,,2021,2026,,,[]
101192901,SEASTARS,877625834,NEPTUNE LINES SHIPPING AND MANAGING ENTERPRISES S.A.,,true,PRC,MONROVIA,LR,LR,"6.3173799,-10.8067258",,2026-04-28 16:08:27,1990925,9,participant,140250,140250,233750,false,,abstained,,,https://ror.org/00hsg6w24,ET Enterprises (United Kingdom),0.126,0.176,0.0,ET Enterprises (United Kingdom),ror_display,False,False,False,5,not_matched,,,,,,,2021,2026,,,[]
101192901,SEASTARS,877889480,Minerva Marine INC,Minerva Marine INC,false,PRC,Majuro,MH,MH,"7.0909924,171.3816354",,2026-04-28 16:08:27,1990923,19,associatedPartner,,0,0,false,,abstained,,,https://ror.org/02rxjts25,Minerva Stiftung,0.45,0.5,0.05,Minerva GmbH,alias,False,False,False,5,not_matched,,,,,,,2021,2026,,,[]
101159220,PvSeroRDT,986872084,Institut Pasteur de Madagascar,IPM,false,REC,Antananarivo,MG,MG,"-18.7920779,47.7823214",,2026-06-22 19:36:53,1947090,4,associatedPartner,,0,0,false,,matched,https://ror.org/03fkjvy27,Institut Pasteur de Madagascar,https://ror.org/03fkjvy27,Institut Pasteur de Madagascar,1.0,1.0,0.383333,Institut Pasteur de Madagascar,ror_display,True,True,True,5,joined,https://openalex.org/I4210133373,Institut Pasteur de Madagascar,nonprofit,MG,2497,141091,2021,2026,987,5925,"[{""cited_by_count"": 2160, ""works_count"": 125, ""year"": 2021}, {""cited_by_count"": 1888, ""works_count"": 166, ""year"": 2022}, {""cited_by_count"": 954, ""works_count"": 197, ""year"": 2023}, {""cited_by_count"": 606, ""works_count"": 197, ""year"": 2024}, {""cited_by_count"": 306, ""works_count"": 199, ""year"": 2025}, {""cited_by_count"": 11, ""works_count"": 103, ""year"": 2026}]"
101194744,SHERPA,999633113,EIBIR GEMEINNUTZIGE GMBH ZUR FORDERUNG DER ERFORSCHUNG DER BIOMEDIZINISCHEN BILDGEBUNG,,false,REC,Wien,AT,AT130,"48.2132767,16.3693347",https://www.eibir.org,2026-04-24 14:07:11,1909591,14,participant,248750,248750,248750,false,,abstained,,,https://ror.org/05aeq8963,Winicker Norimed GmbH (Germany),0.256438,0.306438,0.044775,Winicker-Norimed GmbH Medizinische Forschung,alias,False,False,False,5,not_matched,,,,,,,2021,2026,,,[]
101160299,SMV delivery,882399689,CENTRE NATIONAL DE FORMATION ET DE RECHERCHE EN SANTE RURALE DE MAFERINYAH,Centre National de Formation et de Recherche en Santé Rurale de Maferinyah,false,REC,FORECARIAH,GN,GN,"9.5455038,-13.2855794",,2026-03-17 09:52:25,1983869,3,participant,1136875,1136875,1136875,false,,abstained,,,https://ror.org/03y3jby41,Centre National de Recherche et de Formation sur le Paludisme,0.360685,0.410685,0.056006,Centre National de Recherche et de Formation sur le Paludisme,ror_display,False,False,False,5,not_matched,,,,,,,2021,2026,,,[]
101160299,SMV delivery,954303946,UNIVERSITE DES SCIENCES DES TECHNIQUES ET DES TECHNOLOGIES DE BAMAKO,USTTB,false,HES,Bamako,ML,ML,"12.649319,-8.000337",,2026-03-17 09:52:25,1956528,2,participant,2153775,2153775,2153775,false,,matched,https://ror.org/023rbaw78,"Université des Sciences, des Techniques et des Technologies de Bamako",https://ror.org/023rbaw78,"Université des Sciences, des Techniques et des Technologies de Bamako",1.0,1.0,0.521781,"Université des Sciences, des Techniques et des Technologies de Bamako",ror_display,True,True,True,5,joined,https://openalex.org/I4210112095,"Université des Sciences, des Techniques et des Technologies de Bamako",education,ML,3939,104906,2021,2026,2743,8600,"[{""cited_by_count"": 3049, ""works_count"": 371, ""year"": 2021}, {""cited_by_count"": 2458, ""works_count"": 460, ""year"": 2022}, {""cited_by_count"": 1501, ""works_count"": 580, ""year"": 2023}, {""cited_by_count"": 1069, ""works_count"": 556, ""year"": 2024}, {""cited_by_count"": 480, ""works_count"": 439, ""year"": 2025}, {""cited_by_count"": 43, ""works_count"": 337, ""year"": 2026}]"
101194710,EASYGEN,867627656,Fresenius Kabi Deutschland GmbH,Fresenius Kabi Deutschland GmbH,false,PRC,Bad Homburg,DE,DE718,"50.215275,8.62405432348811",,2026-04-24 14:07:11,1995191,21,associatedPartner,,0,0,false,,abstained,,,https://ror.org/0050zy157,Fresenius Kabi (South Korea),0.616667,0.666667,0.0,Fresenius Kabi (South Korea),ror_display,False,False,False,5,not_matched,,,,,,,2021,2026,,,[]
101206241,FPrevision4cohesion,869529147,ELTE KOZGAZDASAG- ES REGIONALIS TUDOMANYI KUTATOKOZPONT,ELTE KRTK,false,REC,Budapest,HU,HU110,"47.4736696,19.0744233",,2025-11-26 10:49:15,1994266,1,coordinator,182743.92,182743.92,0,false,,matched,https://ror.org/051ea1411,ELTE Centre for Economic and Regional Studies,https://ror.org/051ea1411,ELTE Centre for Economic and Regional Studies,1.0,1.0,0.219118,ELTE Közgazdaság- és Regionális Tudományi Kutatóközpont,label,True,True,True,5,joined,https://openalex.org/I4210155320,ELTE Centre for Economic and Regional Studies,facility,HU,2134,25362,2021,2026,1139,6078,"[{""cited_by_count"": 1918, ""works_count"": 170, ""year"": 2021}, {""cited_by_count"": 1712, ""works_count"": 219, ""year"": 2022}, {""cited_by_count"": 1284, ""works_count"": 201, ""year"": 2023}, {""cited_by_count"": 761, ""works_count"": 221, ""year"": 2024}, {""cited_by_count"": 365, ""works_count"": 217, ""year"": 2025}, {""cited_by_count"": 38, ""works_count"": 111, ""year"": 2026}]"
101207500,CIRCLE,991044054,University of Papua New Guinea,,false,HES,Port Moresby,PG,PG,"-9.407386599999999,147.17069184569732",http://www.upng.ac.pg/index.html,2026-01-07 15:02:18,2145510,2,associatedPartner,,0,0,false,,matched,https://ror.org/05jxf0p38,University of Papua New Guinea,https://ror.org/05jxf0p38,University of Papua New Guinea,1.0,1.0,0.055128,University of Papua New Guinea,ror_display,True,True,True,5,joined,https://openalex.org/I164061489,University of Papua New Guinea,education,PG,3319,115983,2021,2026,698,3733,"[{""cited_by_count"": 1011, ""works_count"": 100, ""year"": 2021}, {""cited_by_count"": 1722, ""works_count"": 118, ""year"": 2022}, {""cited_by_count"": 545, ""works_count"": 112, ""year"": 2023}, {""cited_by_count"": 329, ""works_count"": 164, ""year"": 2024}, {""cited_by_count"": 118, ""works_count"": 119, ""year"": 2025}, {""cited_by_count"": 8, ""works_count"": 85, ""year"": 2026}]"
101198124,IndustrySheWrote,996467906,MACQUARIE UNIVERSITY,,false,HES,Sydney,AU,AU,"-33.8548157,151.2164539",,2025-12-22 07:10:03,2945459,2,associatedPartner,,0,0,false,,matched,https://ror.org/01sf06y89,Macquarie University,https://ror.org/01sf06y89,Macquarie University,1.0,1.0,0.20436,Macquarie University,ror_display,True,True,True,5,joined,https://openalex.org/I99043593,Macquarie University,education,AU,101804,5440249,2021,2026,36674,372381,"[{""cited_by_count"": 144070, ""works_count"": 6924, ""year"": 2021}, {""cited_by_count"": 102497, ""works_count"": 6855, ""year"": 2022}, {""cited_by_count"": 68001, ""works_count"": 6367, ""year"": 2023}, {""cited_by_count"": 41854, ""works_count"": 6824, ""year"": 2024}, {""cited_by_count"": 15088, ""works_count"": 6324, ""year"": 2025}, {""cited_by_count"": 871, ""works_count"": 3380, ""year"": 2026}]"
101200706,IMACON,999873673,UNIVERSITY OF CANTERBURY,,false,HES,CHRISTCHURCH,NZ,NZ,"-43.530955,172.6366455",https://www.canterbury.ac.nz,2025-05-02 12:49:25,2125705,2,associatedPartner,,0,0,false,,matched,https://ror.org/03y7q9t39,University of Canterbury,https://ror.org/03y7q9t39,University of Canterbury,1.0,1.0,0.182303,University of Canterbury,ror_display,True,True,True,5,joined,https://openalex.org/I185492890,University of Canterbury,education,NZ,52961,2572887,2021,2026,13703,115263,"[{""cited_by_count"": 43840, ""works_count"": 2350, ""year"": 2021}, {""cited_by_count"": 29904, ""works_count"": 2318, ""year"": 2022}, {""cited_by_count"": 22917, ""works_count"": 2498, ""year"": 2023}, {""cited_by_count"": 12783, ""works_count"": 2504, ""year"": 2024}, {""cited_by_count"": 5303, ""works_count"": 2632, ""year"": 2025}, {""cited_by_count"": 516, ""works_count"": 1401, ""year"": 2026}]"
101212855,MYCOCIRCLE,890066569,GLOBAL SUSTAINABLE TRANSFORMATION GST GmbH,GST,true,PRC,Dachau,DE;HU,DE217;HU312,"48.266346850000005,11.458483149999996",,2026-06-17 17:33:50,1975080,2,participant,541891.25,541891.25,"541891,25",false,,abstained,,,https://ror.org/02fkxw270,African Centre for Global Health and Social Transformation,0.241034,0.291034,0.0,African Centre for Global Health and Social Transformation,ror_display,False,False,False,5,not_matched,,,,,,,2021,2026,,,[]
101209235,I2I-StrokeCal,998711419,THE UNIVERSITY OF MANITOBA,,false,HES,Manitoba,CA,CA,"55.001251,-97.001038",http://www.umanitoba.ca,2026-04-16 10:06:29,1906305,3,associatedPartner,,0,0,false,,matched,https://ror.org/02gfys938,University of Manitoba,https://ror.org/02gfys938,University of Manitoba,1.0,1.0,0.64459,University of Manitoba,ror_display,True,False,False,5,joined,https://openalex.org/I46247651,University of Manitoba,education,CA,116913,7569587,2021,2026,31153,276847,"[{""cited_by_count"": 103134, ""works_count"": 5682, ""year"": 2021}, {""cited_by_count"": 76562, ""works_count"": 5439, ""year"": 2022}, {""cited_by_count"": 53069, ""works_count"": 5816, ""year"": 2023}, {""cited_by_count"": 30981, ""works_count"": 5954, ""year"": 2024}, {""cited_by_count"": 12442, ""works_count"": 5222, ""year"": 2025}, {""cited_by_count"": 659, ""works_count"": 3040, ""year"": 2026}]"
101181571,MeCCAM,889423653,VARDIN PF,,false,PRC,GOTA,FO,FO,"61.4733671254025,-6.82254648443485",,2025-05-28 17:56:46,1992547,15,participant,83566,83566,119380,false,,abstained,,,https://ror.org/000apqb71,Philadelphia Fire Department,0.0,0.0,0.0,PFD,acronym,False,False,False,5,not_matched,,,,,,,2021,2026,,,[]
101182044,OCCAM,934035602,PF FIRUM,,false,PRC,HVALVIK,FO,FO,"62.1744656,-6.9760379",,2026-06-25 11:48:41,1958362,5,participant,160979,160979,229970,false,,abstained,,,https://ror.org/051xfvw62,Futures in Rehabilitation Management (United States),0.682857,0.732857,0.682857,FIRM,acronym,False,False,False,5,not_matched,,,,,,,2021,2026,,,[]
101202186,RADIANCE,892673638,PRESIDENCIA DE LA REPUBLICA,,false,PUB,MONTEVIDEO,UY,UY,"-34.9071401,-56.2004326",,2025-05-28 17:57:14,1974858,20,associatedPartner,,0,0,false,,abstained,,,https://ror.org/02kwxh770,Presidência da República Portuguesa,0.709235,0.759235,0.0,Presidência da República Portuguesa,ror_display,False,False,False,5,not_matched,,,,,,,2021,2026,,,[]
101205765,GROTTOS,872541773,"Department of Environment, Government of Niue",Department of Environment,false,PUB,Alofi,NU,NU,"-19.0534159,-169.9191992",,2025-07-04 19:21:33,1992065,2,associatedPartner,,0,0,false,,abstained,,,https://ror.org/01wsx6q69,Department of the Environment,0.412963,0.462963,0.075598,Department of the Environment,ror_display,False,False,False,5,not_matched,,,,,,,2021,2026,,,[]
101202981,CHORUS,876456790,Stadt Dietikon,Stadt Dietikon,false,PUB,Dietikon,CH,CH040,"47.4028944,8.4006896",,2026-06-22 13:25:13,1992105,27,associatedPartner,,0,0,false,,abstained,,,https://ror.org/00g4vzf03,Stadt Zürich Hochbaudepartement,0.311034,0.291034,0.0,Stadt Zürich Hochbaudepartement,ror_display,True,False,False,5,not_matched,,,,,,,2021,2026,,,[]
101197992,TRUST,999513027,TRANSPORTOKONOMISK INSTITUTT,TOI,false,REC,Oslo,NO,NO081,"59.942353499999996,10.716316407483461",http://www.toi.no,2025-05-26 17:50:30,1913433,2,participant,473880,473880,0,false,,abstained,,,https://ror.org/04p2pa451,Institute of Transport Economics,0.398234,0.328234,0.042824,Transportøkonomisk institutt,alias,True,True,False,5,not_matched,,,,,,,2021,2026,,,[]
101190685,3SI-CONTROL,954910390,FUNDACAO MANHICA,FM,false,REC,VILA DA MANHICA MAPUTO,MZ,MZ,"-25.9458524,32.569211",,2026-06-25 11:49:21,1970787,6,participant,656968.75,656968.75,"656968,75",false,,abstained,,,https://ror.org/047rnn627,Fundação Otorrinolaringologia,0.28541,0.33541,0.002253,Fundação Otorrinolaringologia,ror_display,False,False,False,5,not_matched,,,,,,,2021,2026,,,[]
101216810,AToUT,999588784,POLITECHNIKA GDANSKA,GDANSK UNIVERSITY OF TECHNOLOGY,false,HES,GDANSK,PL,PL633,"54.3482259,18.6542888",http://www.pg.gda.pl,2026-06-25 11:48:52,1909285,6,associatedPartner,,0,0,false,,matched,https://ror.org/006x4sc24,Gdańsk University of Technology,https://ror.org/006x4sc24,Gdańsk University of Technology,1.0,1.0,0.638002,Politechnika Gdańska,label,True,True,True,5,joined,https://openalex.org/I169333911,Gdańsk University of Technology,education,PL,31846,1041108,2021,2026,10472,117826,"[{""cited_by_count"": 35013, ""works_count"": 1754, ""year"": 2021}, {""cited_by_count"": 30890, ""works_count"": 1854, ""year"": 2022}, {""cited_by_count"": 29050, ""works_count"": 1977, ""year"": 2023}, {""cited_by_count"": 17617, ""works_count"": 1991, ""year"": 2024}, {""cited_by_count"": 5045, ""works_count"": 1909, ""year"": 2025}, {""cited_by_count"": 211, ""works_count"": 987, ""year"": 2026}]"
101194287,NexTArc,886434404,REDIMI GMBH,,true,PRC,Berlin,DE,DE300,"52.5209987,13.3475373",,2025-05-26 17:50:21,1992171,16,participant,449968.75,449968.75,1285625,false,,abstained,,,https://ror.org/003cgs259,Centre de recherche sur le droit des marchés et des investissements internationaux,0.873077,0.923077,0.873077,CREDIMI,acronym,False,False,False,5,not_matched,,,,,,,2021,2026,,,[]
101190742,TEBULA,880807240,ALERT COMPREHENSIVE SPECIALIZED HOSPITAL,ALERT HOSPITAL,false,PUB,ADDIS ABABA,ET,ET,"9.0,38.75",,2025-05-23 14:53:23,1992190,14,associatedPartner,,0,0,false,,abstained,,,https://ror.org/00w52p532,Specialized Arab Hospital,0.335643,0.385643,0.015643,Specialized Arab Hospital,ror_display,False,False,False,5,not_matched,,,,,,,2021,2026,,,[]
101190742,TEBULA,994968092,Ministere de la sante,,false,PUB,Cotonou,BJ,BJ,"6.36511660426821,2.4634528298870295",,2025-05-23 14:53:23,1915449,15,associatedPartner,,0,0,false,,matched,https://ror.org/01q07sy43,Ministre de la Santé,https://ror.org/01q07sy43,Ministre de la Santé,1.0,0.97561,0.05,Ministre de la Santé,ror_display,True,True,False,5,joined,https://openalex.org/I4210118081,Ministre de la Santé,government,BJ,6264,20450,2021,2026,1400,706,"[{""cited_by_count"": 290, ""works_count"": 365, ""year"": 2021}, {""cited_by_count"": 194, ""works_count"": 389, ""year"": 2022}, {""cited_by_count"": 142, ""works_count"": 333, ""year"": 2023}, {""cited_by_count"": 64, ""works_count"": 166, ""year"": 2024}, {""cited_by_count"": 12, ""works_count"": 114, ""year"": 2025}, {""cited_by_count"": 4, ""works_count"": 33, ""year"": 2026}]"
101190747,PfVIMT,954303946,UNIVERSITE DES SCIENCES DES TECHNIQUES ET DES TECHNOLOGIES DE BAMAKO,USTTB,false,HES,Bamako,ML,ML,"12.649319,-8.000337",,2025-05-23 14:53:23,1956528,2,participant,4225530,4225530,4225530,false,,matched,https://ror.org/023rbaw78,"Université des Sciences, des Techniques et des Technologies de Bamako",https://ror.org/023rbaw78,"Université des Sciences, des Techniques et des Technologies de Bamako",1.0,1.0,0.521781,"Université des Sciences, des Techniques et des Technologies de Bamako",ror_display,True,True,True,5,joined,https://openalex.org/I4210112095,"Université des Sciences, des Techniques et des Technologies de Bamako",education,ML,3939,104906,2021,2026,2743,8600,"[{""cited_by_count"": 3049, ""works_count"": 371, ""year"": 2021}, {""cited_by_count"": 2458, ""works_count"": 460, ""year"": 2022}, {""cited_by_count"": 1501, ""works_count"": 580, ""year"": 2023}, {""cited_by_count"": 1069, ""works_count"": 556, ""year"": 2024}, {""cited_by_count"": 480, ""works_count"": 439, ""year"": 2025}, {""cited_by_count"": 43, ""works_count"": 337, ""year"": 2026}]"
101192235,Sea4Volt,999588784,POLITECHNIKA GDANSKA,GDANSK UNIVERSITY OF TECHNOLOGY,false,HES,GDANSK,PL,PL633,"54.3482259,18.6542888",http://www.pg.gda.pl,2026-01-13 13:42:05,1909285,5,participant,386906.39,386906.39,0,false,,matched,https://ror.org/006x4sc24,Gdańsk University of Technology,https://ror.org/006x4sc24,Gdańsk University of Technology,1.0,1.0,0.638002,Politechnika Gdańska,label,True,True,True,5,joined,https://openalex.org/I169333911,Gdańsk University of Technology,education,PL,31846,1041108,2021,2026,10472,117826,"[{""cited_by_count"": 35013, ""works_count"": 1754, ""year"": 2021}, {""cited_by_count"": 30890, ""works_count"": 1854, ""year"": 2022}, {""cited_by_count"": 29050, ""works_count"": 1977, ""year"": 2023}, {""cited_by_count"": 17617, ""works_count"": 1991, ""year"": 2024}, {""cited_by_count"": 5045, ""works_count"": 1909, ""year"": 2025}, {""cited_by_count"": 211, ""works_count"": 987, ""year"": 2026}]"
101194239,PROACTIF,999588784,POLITECHNIKA GDANSKA,GDANSK UNIVERSITY OF TECHNOLOGY,false,HES,GDANSK,PL,PL633,"54.3482259,18.6542888",http://www.pg.gda.pl,2026-06-17 17:34:01,1909285,34,participant,504893.2,504893.2,1442552,false,,matched,https://ror.org/006x4sc24,Gdańsk University of Technology,https://ror.org/006x4sc24,Gdańsk University of Technology,1.0,1.0,0.638002,Politechnika Gdańska,label,True,True,True,5,joined,https://openalex.org/I169333911,Gdańsk University of Technology,education,PL,31846,1041108,2021,2026,10472,117826,"[{""cited_by_count"": 35013, ""works_count"": 1754, ""year"": 2021}, {""cited_by_count"": 30890, ""works_count"": 1854, ""year"": 2022}, {""cited_by_count"": 29050, ""works_count"": 1977, ""year"": 2023}, {""cited_by_count"": 17617, ""works_count"": 1991, ""year"": 2024}, {""cited_by_count"": 5045, ""works_count"": 1909, ""year"": 2025}, {""cited_by_count"": 211, ""works_count"": 987, ""year"": 2026}]"
101206245,SEAMPHONI,876958280,LIGHT & MOVE BV - LORENZO MITTIGA FINE ART PHOTOGRAPHY YOGA SENSIBILE,LIGHT & MOVE,false,PRC,KRALENDIJK,BQ,BQ,"12.125238245090406,-68.28314241132803",,2026-06-25 11:50:38,1992257,23,participant,101806.25,101806.25,"145437,5",false,,abstained,,,https://ror.org/01qc0qt89,The Fine Art Archive,0.114862,0.164862,0.0,The Fine Art Archive,ror_display,False,False,False,5,not_matched,,,,,,,2021,2026,,,[]
101212947,CLIMINVEST,950828727,GFT ITALIA SRL,GFT,false,PRC,MILANO,IT,ITC4C,"45.4667971,9.1904984",,2026-06-29 17:01:01,2385054,1,coordinator,963375,963375,1376250,false,,abstained,,,https://ror.org/015hz7767,Fraunhofer Italia Research,0.35541,0.33541,0.0,Fraunhofer Italia,alias,True,False,False,5,not_matched,,,,,,,2021,2026,,,[]
101190584,WINGS-4-FGS,873091763,AFRICAN PHARMACEUTICAL TECHNOLOGY FOUNDATION,AFRICAN PHARMACEUTICAL TECHNOLOGY FOUNDATION,false,OTH,KIGALI,RW,RW,"-1.9529793,30.1021729",,2026-06-11 10:02:44,1992482,6,participant,38750,38750,38750,false,,abstained,,,https://ror.org/05vppxx21,African Agricultural Technology Foundation,0.533534,0.583534,0.156034,African Agricultural Technology Foundation,ror_display,False,False,False,5,not_matched,,,,,,,2021,2026,,,[]
101190861,TreatPreg,892581488,FONDATION CONGOLAISE POUR LA RECHERCHE MEDICALE,,false,OTH,BRAZZAVILLE,CG,CG,"-0.7264327,15.6419155",,2026-06-25 11:49:30,1967607,5,participant,254106.25,254106.25,"254106,25",false,,matched,https://ror.org/023f4f524,Fondation Congolaise Pour La Recherche Médicale,https://ror.org/023f4f524,Fondation Congolaise Pour La Recherche Médicale,1.0,1.0,0.25,Fondation Congolaise Pour La Recherche Médicale,ror_display,True,True,True,5,joined,https://openalex.org/I4210103017,Fondation Congolaise Pour La Recherche Médicale,facility,CG,679,23549,2021,2026,387,4616,"[{""cited_by_count"": 1859, ""works_count"": 42, ""year"": 2021}, {""cited_by_count"": 1919, ""works_count"": 133, ""year"": 2022}, {""cited_by_count"": 411, ""works_count"": 54, ""year"": 2023}, {""cited_by_count"": 283, ""works_count"": 74, ""year"": 2024}, {""cited_by_count"": 126, ""works_count"": 47, ""year"": 2025}, {""cited_by_count"": 18, ""works_count"": 37, ""year"": 2026}]"
101190645,CHAPAS-5,912093038,JOINT CLINICAL RESEARCH CENTRE,JOINT CLINICAL RESEARCH CENTRE,false,REC,KAMPALA,UG,UG,"0.3177137,32.5813539",,2026-05-25 13:30:18,1987461,2,participant,1550005,1550005,1550005,false,,matched,https://ror.org/05gm41t98,Joint Clinical Research Centre,https://ror.org/05gm41t98,Joint Clinical Research Centre,1.0,1.0,0.3,Joint Clinical Research Centre,ror_display,True,True,True,5,joined,https://openalex.org/I4210164031,Joint Clinical Research Centre,nonprofit,UG,1050,58483,2021,2026,481,3008,"[{""cited_by_count"": 1311, ""works_count"": 56, ""year"": 2021}, {""cited_by_count"": 820, ""works_count"": 86, ""year"": 2022}, {""cited_by_count"": 300, ""works_count"": 85, ""year"": 2023}, {""cited_by_count"": 405, ""works_count"": 92, ""year"": 2024}, {""cited_by_count"": 159, ""works_count"": 99, ""year"": 2025}, {""cited_by_count"": 13, ""works_count"": 63, ""year"": 2026}]"
101190791,ComBac-Africa,899140143,JOSEPH SARWUAN TARKA UNIVERSITY MAKURDI,JOSTUM,false,HES,MAKURDI,NG,NG,"10.071992,6.330368",,2025-05-28 17:56:51,1992502,6,participant,314107.5,314107.5,"314107,5",false,,matched,https://ror.org/05hgtp764,Joseph Sarwuan Tarka University Makurdi,https://ror.org/05hgtp764,Joseph Sarwuan Tarka University Makurdi,1.0,1.0,0.701282,Joseph Sarwuan Tarka University Makurdi,ror_display,True,True,True,5,joined,https://openalex.org/I44738892,Joseph Sarwuan Tarka University Makurdi,education,NG,5371,63290,2021,2026,2648,8600,"[{""cited_by_count"": 2574, ""works_count"": 459, ""year"": 2021}, {""cited_by_count"": 2567, ""works_count"": 328, ""year"": 2022}, {""cited_by_count"": 1804, ""works_count"": 377, ""year"": 2023}, {""cited_by_count"": 1184, ""works_count"": 452, ""year"": 2024}, {""cited_by_count"": 430, ""works_count"": 614, ""year"": 2025}, {""cited_by_count"": 41, ""works_count"": 418, ""year"": 2026}]"
101217321,BOOST,949759496,VISOKOSKOLSKA USTANOVA INTERNACIONALNI BURC UNIVERZITET-INTERNATIONAL BURCH UNIVERSITY,International Burch University,false,HES,Sarajevo,BA,BA,"43.818886750000004,18.31116680625186",,2026-06-03 13:06:01,1992558,11,participant,142500,142500,142500,false,,abstained,,,https://ror.org/040cm8d21,International Burch University,0.695,0.625,0.346795,International Burch University,ror_display,True,True,False,5,not_matched,,,,,,,2021,2026,,,[]
101184374,ACCLIMATE,924110271,UNIVERSITY OF SIERRA LEONE,,false,HES,FREETOWN,SL,SL,"8.479004,-13.26795",,2025-06-05 15:00:13,1951791,19,participant,50312.5,50312.5,"50312,5",false,,matched,https://ror.org/045rztm55,University of Sierra Leone,https://ror.org/045rztm55,University of Sierra Leone,1.0,1.0,0.093718,University of Sierra Leone,ror_display,True,True,True,5,joined,https://openalex.org/I182377803,University of Sierra Leone,education,SL,3631,150250,2021,2026,2113,12068,"[{""cited_by_count"": 3967, ""works_count"": 269, ""year"": 2021}, {""cited_by_count"": 3615, ""works_count"": 333, ""year"": 2022}, {""cited_by_count"": 1711, ""works_count"": 417, ""year"": 2023}, {""cited_by_count"": 1037, ""works_count"": 436, ""year"": 2024}, {""cited_by_count"": 1707, ""works_count"": 375, ""year"": 2025}, {""cited_by_count"": 31, ""works_count"": 283, ""year"": 2026}]"
101214441,RISE-IN,999873673,UNIVERSITY OF CANTERBURY,,false,HES,CHRISTCHURCH,NZ,NZ,"-43.530955,172.6366455",https://www.canterbury.ac.nz,2026-05-11 11:31:12,2125705,21,participant,255680,255680,255680,false,,matched,https://ror.org/03y7q9t39,University of Canterbury,https://ror.org/03y7q9t39,University of Canterbury,1.0,1.0,0.182303,University of Canterbury,ror_display,True,True,True,5,joined,https://openalex.org/I185492890,University of Canterbury,education,NZ,52961,2572887,2021,2026,13703,115263,"[{""cited_by_count"": 43840, ""works_count"": 2350, ""year"": 2021}, {""cited_by_count"": 29904, ""works_count"": 2318, ""year"": 2022}, {""cited_by_count"": 22917, ""works_count"": 2498, ""year"": 2023}, {""cited_by_count"": 12783, ""works_count"": 2504, ""year"": 2024}, {""cited_by_count"": 5303, ""works_count"": 2632, ""year"": 2025}, {""cited_by_count"": 516, ""works_count"": 1401, ""year"": 2026}]"
101190878,EMINENCE,892581488,FONDATION CONGOLAISE POUR LA RECHERCHE MEDICALE,,false,OTH,BRAZZAVILLE,CG,CG,"-0.7264327,15.6419155",,2026-06-25 11:51:19,1967607,4,participant,265966.25,265966.25,"265966,25",false,,matched,https://ror.org/023f4f524,Fondation Congolaise Pour La Recherche Médicale,https://ror.org/023f4f524,Fondation Congolaise Pour La Recherche Médicale,1.0,1.0,0.25,Fondation Congolaise Pour La Recherche Médicale,ror_display,True,True,True,5,joined,https://openalex.org/I4210103017,Fondation Congolaise Pour La Recherche Médicale,facility,CG,679,23549,2021,2026,387,4616,"[{""cited_by_count"": 1859, ""works_count"": 42, ""year"": 2021}, {""cited_by_count"": 1919, ""works_count"": 133, ""year"": 2022}, {""cited_by_count"": 411, ""works_count"": 54, ""year"": 2023}, {""cited_by_count"": 283, ""works_count"": 74, ""year"": 2024}, {""cited_by_count"": 126, ""works_count"": 47, ""year"": 2025}, {""cited_by_count"": 18, ""works_count"": 37, ""year"": 2026}]"
101194414,MOSAIC,999588784,POLITECHNIKA GDANSKA,GDANSK UNIVERSITY OF TECHNOLOGY,false,HES,GDANSK,PL,PL633,"54.3482259,18.6542888",http://www.pg.gda.pl,2026-05-18 14:14:45,1909285,43,participant,312812.5,312812.5,893750,false,,matched,https://ror.org/006x4sc24,Gdańsk University of Technology,https://ror.org/006x4sc24,Gdańsk University of Technology,1.0,1.0,0.638002,Politechnika Gdańska,label,True,True,True,5,joined,https://openalex.org/I169333911,Gdańsk University of Technology,education,PL,31846,1041108,2021,2026,10472,117826,"[{""cited_by_count"": 35013, ""works_count"": 1754, ""year"": 2021}, {""cited_by_count"": 30890, ""works_count"": 1854, ""year"": 2022}, {""cited_by_count"": 29050, ""works_count"": 1977, ""year"": 2023}, {""cited_by_count"": 17617, ""works_count"": 1991, ""year"": 2024}, {""cited_by_count"": 5045, ""works_count"": 1909, ""year"": 2025}, {""cited_by_count"": 211, ""works_count"": 987, ""year"": 2026}]"
101190662,CAD LUS4TB,954303946,UNIVERSITE DES SCIENCES DES TECHNIQUES ET DES TECHNOLOGIES DE BAMAKO,USTTB,false,HES,Bamako,ML,ML,"12.649319,-8.000337",,2026-06-29 16:59:24,1956528,3,participant,724601.25,724601.25,"724601,25",false,,matched,https://ror.org/023rbaw78,"Université des Sciences, des Techniques et des Technologies de Bamako",https://ror.org/023rbaw78,"Université des Sciences, des Techniques et des Technologies de Bamako",1.0,1.0,0.521781,"Université des Sciences, des Techniques et des Technologies de Bamako",ror_display,True,True,True,5,joined,https://openalex.org/I4210112095,"Université des Sciences, des Techniques et des Technologies de Bamako",education,ML,3939,104906,2021,2026,2743,8600,"[{""cited_by_count"": 3049, ""works_count"": 371, ""year"": 2021}, {""cited_by_count"": 2458, ""works_count"": 460, ""year"": 2022}, {""cited_by_count"": 1501, ""works_count"": 580, ""year"": 2023}, {""cited_by_count"": 1069, ""works_count"": 556, ""year"": 2024}, {""cited_by_count"": 480, ""works_count"": 439, ""year"": 2025}, {""cited_by_count"": 43, ""works_count"": 337, ""year"": 2026}]"
101190695,MVC-2G,924110271,UNIVERSITY OF SIERRA LEONE,,false,HES,FREETOWN,SL,SL,"8.479004,-13.26795",,2025-06-05 15:00:07,1951791,3,participant,822080.51,822080.51,"822080,51",false,,matched,https://ror.org/045rztm55,University of Sierra Leone,https://ror.org/045rztm55,University of Sierra Leone,1.0,1.0,0.093718,University of Sierra Leone,ror_display,True,True,True,5,joined,https://openalex.org/I182377803,University of Sierra Leone,education,SL,3631,150250,2021,2026,2113,12068,"[{""cited_by_count"": 3967, ""works_count"": 269, ""year"": 2021}, {""cited_by_count"": 3615, ""works_count"": 333, ""year"": 2022}, {""cited_by_count"": 1711, ""works_count"": 417, ""year"": 2023}, {""cited_by_count"": 1037, ""works_count"": 436, ""year"": 2024}, {""cited_by_count"": 1707, ""works_count"": 375, ""year"": 2025}, {""cited_by_count"": 31, ""works_count"": 283, ""year"": 2026}]"
101190741,MultiplexAI,954910390,FUNDACAO MANHICA,FM,false,REC,VILA DA MANHICA MAPUTO,MZ,MZ,"-25.9458524,32.569211",,2025-06-05 15:00:14,1970787,4,participant,409875,409875,409875,false,,abstained,,,https://ror.org/047rnn627,Fundação Otorrinolaringologia,0.28541,0.33541,0.002253,Fundação Otorrinolaringologia,ror_display,False,False,False,5,not_matched,,,,,,,2021,2026,,,[]
101213836,DANUBElifelines,876400433,Ribiska zveza Slovenije,Ribiska zveza Slovenije,false,OTH,Ljubljana,SI,SI041,"46.0379397,14.4667646",,2025-06-05 15:50:11,1992799,33,associatedPartner,,0,0,false,,abstained,,,https://ror.org/0543f5k64,Zveza zgodovinskih drustev Slovenije,0.517213,0.447213,0.223606,Zveza zgodovinskih društev Slovenije,alias,True,True,False,5,not_matched,,,,,,,2021,2026,,,[]
101190732,IVM-KIDS,873091763,AFRICAN PHARMACEUTICAL TECHNOLOGY FOUNDATION,AFRICAN PHARMACEUTICAL TECHNOLOGY FOUNDATION,false,OTH,KIGALI,RW,RW,"-1.9529793,30.1021729",,2026-06-25 11:53:03,1992482,7,participant,0,0,0,true,,abstained,,,https://ror.org/05vppxx21,African Agricultural Technology Foundation,0.533534,0.583534,0.156034,African Agricultural Technology Foundation,ror_display,False,False,False,5,not_matched,,,,,,,2021,2026,,,[]
101194245,Shift2SDV,999588784,POLITECHNIKA GDANSKA,GDANSK UNIVERSITY OF TECHNOLOGY,false,HES,GDANSK,PL,PL633,"54.3482259,18.6542888",http://www.pg.gda.pl,2026-06-22 19:36:53,1909285,24,participant,310625,310625,887500,false,,matched,https://ror.org/006x4sc24,Gdańsk University of Technology,https://ror.org/006x4sc24,Gdańsk University of Technology,1.0,1.0,0.638002,Politechnika Gdańska,label,True,True,True,5,joined,https://openalex.org/I169333911,Gdańsk University of Technology,education,PL,31846,1041108,2021,2026,10472,117826,"[{""cited_by_count"": 35013, ""works_count"": 1754, ""year"": 2021}, {""cited_by_count"": 30890, ""works_count"": 1854, ""year"": 2022}, {""cited_by_count"": 29050, ""works_count"": 1977, ""year"": 2023}, {""cited_by_count"": 17617, ""works_count"": 1991, ""year"": 2024}, {""cited_by_count"": 5045, ""works_count"": 1909, ""year"": 2025}, {""cited_by_count"": 211, ""works_count"": 987, ""year"": 2026}]"
101218840,AUSO,993608055,CENTRE NATIONAL DE LA RECHERCHE APPLIQUEE AU DEVELOPPEMENT RURAL,CENRADERU-FOFIFA,false,REC,Antananarivo,MG,MG,"-18.9069652,47.5521644",https://www.fofifa.mg,2026-06-29 17:02:05,2146711,21,participant,73600,73600,73600,false,,matched,https://ror.org/0579ray12,Centre National de la Recherche Appliquée au Developpement Rural,https://ror.org/0579ray12,Centre National de la Recherche Appliquée au Developpement Rural,1.0,1.0,0.58068,Centre National de la Recherche Appliquée au Developpement Rural,ror_display,True,True,True,5,joined,https://openalex.org/I4210153489,Centre National de la Recherche Appliquée au Developpement Rural,facility,MG,1624,39135,2021,2026,642,2327,"[{""cited_by_count"": 1220, ""works_count"": 113, ""year"": 2021}, {""cited_by_count"": 468, ""works_count"": 61, ""year"": 2022}, {""cited_by_count"": 272, ""works_count"": 93, ""year"": 2023}, {""cited_by_count"": 239, ""works_count"": 79, ""year"": 2024}, {""cited_by_count"": 110, ""works_count"": 222, ""year"": 2025}, {""cited_by_count"": 18, ""works_count"": 74, ""year"": 2026}]"
101218840,AUSO,998296065,"FORUM FOR AGRICULTURAL RESEARCH IN AFRICA, GHANA",FARA,false,OTH,ACCRA,GH,GH,"5.6052829,-0.2023283",http://www.fara-africa.org,2026-06-29 17:02:05,2130273,1,coordinator,1212562.5,1212562.5,"1212562,5",false,,matched,https://ror.org/03prz6j20,Forum for Agricultural Research in Africa,https://ror.org/03prz6j20,Forum for Agricultural Research in Africa,0.87,0.8,0.52,Forum for Agricultural Research in Africa,ror_display,True,True,False,5,joined,https://openalex.org/I4405260402,Forum for Agricultural Research in Africa,nonprofit,GH,0,0,2021,2026,0,0,[]
101218840,AUSO,873189636,INSTITUTO NACIONAL DE INVESTIGACAO E DESENVOLVIMENTO AGRARIO,,false,PUB,SAO LOURENCO DOS ORGAOS,CV,CV,"15.07094415,-23.586513054781747",,2026-06-29 17:02:05,1993019,20,participant,73600,73600,73600,false,,abstained,,,https://ror.org/01fqrjt38,Instituto Nacional de Investigação Agrária e Veterinária,0.562329,0.612329,0.07001,Instituto Nacional de Investigação Agrária e Veterinária,ror_display,False,False,False,5,not_matched,,,,,,,2021,2026,,,[]
101218840,AUSO,873539418,INSTITUT CENTRAFRICAIN DE RECHERCHE AGRONOMIQUE,,false,PUB,BANGUI,CF,CF,"4.439994,18.5361266",,2026-06-29 17:02:05,1993010,14,participant,73600,73600,73600,false,,abstained,,,https://ror.org/05gvkv284,Institut de Recherche Agronomique de Guinée,0.563132,0.613132,0.01635,Institut de Recherche Agronomique de Guinée,ror_display,False,False,False,5,not_matched,,,,,,,2021,2026,,,[]
101162166,Lo-Rig,872732766,Centre for Bhutan and GNH Studies,,false,REC,Thimphu,BT,BT,"27.6,89.666667",,2025-06-19 15:23:30,1992987,2,participant,207445,207445,207445,false,,matched,https://ror.org/01dbyc951,Centre for Bhutan Studies and GNH Research,https://ror.org/01dbyc951,Centre for Bhutan Studies and GNH Research,0.994872,0.924872,0.619756,Centre for Bhutan Studies and GNH Research,ror_display,True,True,False,5,joined,https://openalex.org/I4210103625,Centre for Bhutan Studies and GNH Research,education,BT,732,12645,2021,2026,413,2695,"[{""cited_by_count"": 764, ""works_count"": 80, ""year"": 2021}, {""cited_by_count"": 569, ""works_count"": 86, ""year"": 2022}, {""cited_by_count"": 1084, ""works_count"": 82, ""year"": 2023}, {""cited_by_count"": 227, ""works_count"": 74, ""year"": 2024}, {""cited_by_count"": 50, ""works_count"": 56, ""year"": 2025}, {""cited_by_count"": 1, ""works_count"": 35, ""year"": 2026}]"
101190913,EX-DR TB,997899432,WITS HEALTH CONSORTIUM (PTY) LTD,WHC,false,PRC,Johannesburg,ZA,ZA,"-26.205,28.049722",https://www.witshealth.co.za,2026-06-25 11:29:06,1935497,8,participant,942463.75,942463.75,"942463,75",false,,matched,https://ror.org/02a496f07,Witshealth Consortium (Pty) Ltd. (South Africa),https://ror.org/02a496f07,Witshealth Consortium (Pty) Ltd. (South Africa),1.0,1.0,0.545698,Wits Health Consortium,alias,True,True,True,5,joined,https://openalex.org/I4405267342,Witshealth Consortium (Pty) Ltd. (South Africa),company,ZA,0,0,2021,2026,0,0,[]
101226735,PacificPeopleForest,908150764,University of Guam,University of Guam,false,PUB,Mangilao,GU,GU,"13.42857055,144.79882945948668",,2026-06-25 11:29:06,1981780,7,associatedPartner,,0,0,false,,matched,https://ror.org/00376bg92,University of Guam,https://ror.org/00376bg92,University of Guam,1.0,1.0,0.595455,University of Guam,ror_display,True,False,True,5,joined,https://openalex.org/I80276326,University of Guam,education,GU,4068,106963,2021,2026,1354,4665,"[{""cited_by_count"": 1498, ""works_count"": 188, ""year"": 2021}, {""cited_by_count"": 1340, ""works_count"": 188, ""year"": 2022}, {""cited_by_count"": 1020, ""works_count"": 219, ""year"": 2023}, {""cited_by_count"": 560, ""works_count"": 467, ""year"": 2024}, {""cited_by_count"": 219, ""works_count"": 196, ""year"": 2025}, {""cited_by_count"": 28, ""works_count"": 96, ""year"": 2026}]"
101226735,PacificPeopleForest,875306952,"Department of Community and Cultural Affairs, Division of Historic Preservation",Department of Community & Cultural Affairs – Historic Preservation Office,false,PUB,Saipan,MP,MP,"15.2130324,145.7189534",,2026-06-25 11:29:06,1993130,8,associatedPartner,,0,0,false,,abstained,,,https://ror.org/04arxdw58,Delaware Division of Historical and Cultural Affairs,0.401866,0.451866,0.094155,Delaware Division of Historical and Cultural Affairs,ror_display,False,False,False,5,not_matched,,,,,,,2021,2026,,,[]
101226735,PacificPeopleForest,875307243,Department of Land and Natural Resources,,false,OTH,Saipan,MP,MP,"15.2164206,145.7538277",,2026-06-25 11:29:06,1993129,6,associatedPartner,,0,0,false,,matched,https://ror.org/00dq20h52,Department of Lands and Natural Resources,https://ror.org/00dq20h52,Department of Lands and Natural Resources,1.0,0.987654,0.05,Department of Lands and Natural Resources,ror_display,True,True,False,5,joined,https://openalex.org/I4210090887,Department of Lands and Natural Resources,government,MP,97,1643,2021,2026,32,46,"[{""cited_by_count"": 17, ""works_count"": 9, ""year"": 2021}, {""cited_by_count"": 15, ""works_count"": 9, ""year"": 2022}, {""cited_by_count"": 10, ""works_count"": 4, ""year"": 2023}, {""cited_by_count"": 3, ""works_count"": 3, ""year"": 2024}, {""cited_by_count"": 0, ""works_count"": 2, ""year"": 2025}, {""cited_by_count"": 1, ""works_count"": 5, ""year"": 2026}]"
101190839,PediSEP1,885433752,TRAINING & RESEARCH UNIT OF EXCELLENCE LIMITED,,false,REC,Blantyre,MW,MW,"-15.68435015,34.92278380649101",,2026-06-03 13:06:02,1982591,5,participant,599940,599940,599940,false,,abstained,,,https://ror.org/04d2k2606,Luto Research (United Kingdom),0.250176,0.300176,0.003424,Luto Research Limited,alias,False,False,False,5,not_matched,,,,,,,2021,2026,,,[]
101226419,SOCIAL,951924924,OSCE ACADEMY IN BISHKEK,,false,REC,BISHKEK,KG,KG,"42.8767446,74.6069949",,2025-07-14 11:08:03,1958510,19,associatedPartner,,0,0,false,,abstained,,,https://ror.org/00zazm316,OSCE Academy,0.736667,0.666667,0.219454,OSCE Academy,ror_display,True,True,False,5,not_matched,,,,,,,2021,2026,,,[]
101226419,SOCIAL,936722502,TAJIK STATE UNIVERSITY OF COMMERCE,TSUC,false,HES,Dushanbe,TJ,TJ,"38.5762709,68.7863573",,2025-07-14 11:08:03,1978495,17,associatedPartner,,0,0,false,,matched,https://ror.org/00v76vw28,Tajik State University of Commerce,https://ror.org/00v76vw28,Tajik State University of Commerce,1.0,1.0,0.356172,Tajik State University of Commerce,ror_display,True,True,True,5,joined,https://openalex.org/I3131746957,Tajik State University of Commerce,education,TJ,172,441,2021,2026,128,47,"[{""cited_by_count"": 19, ""works_count"": 32, ""year"": 2021}, {""cited_by_count"": 9, ""works_count"": 35, ""year"": 2022}, {""cited_by_count"": 2, ""works_count"": 21, ""year"": 2023}, {""cited_by_count"": 16, ""works_count"": 22, ""year"": 2024}, {""cited_by_count"": 1, ""works_count"": 17, ""year"": 2025}, {""cited_by_count"": 0, ""works_count"": 1, ""year"": 2026}]"
101226419,SOCIAL,897498612,ANTICORRUPTION BUSINESS COUNCIL OF THE KYRGYZ REPUBLIC,,false,PUB,BISHKEK,KG,KG,"42.8765615,74.6070079",,2025-07-14 11:08:03,1978498,24,associatedPartner,,0,0,false,,abstained,,,https://ror.org/01eeqkr30,The Ministry of Education and Science of the Kyrgyz Republic,0.276163,0.206163,0.00713,The Ministry of Education and Science of the Kyrgyz Republic,ror_display,True,True,False,5,not_matched,,,,,,,2021,2026,,,[]
101226772,SUS-BIOCROP,998459413,INSTITUTO DE INVESTIGACIONES EN CIENCIA Y TECNOLOGIA DE MATERIALES,INTEMA,false,REC,Mar Del Plata,AR,AR,"-37.9977224,-57.5482702",http://www.intema.gov.ar,2025-09-01 23:35:11,2132751,15,associatedPartner,,0,0,false,,matched,https://ror.org/034s8ev31,Instituto de Investigaciones en Ciencia y Tecnología de Materiales,https://ror.org/034s8ev31,Instituto de Investigaciones en Ciencia y Tecnología de Materiales,1.0,1.0,0.389228,Instituto de Investigaciones en Ciencia y Tecnología de Materiales,ror_display,True,True,True,5,joined,https://openalex.org/I4210129969,Instituto de Investigaciones en Ciencia y Tecnología de Materiales,government,AR,3740,220796,2021,2026,923,7628,"[{""cited_by_count"": 3133, ""works_count"": 184, ""year"": 2021}, {""cited_by_count"": 1848, ""works_count"": 176, ""year"": 2022}, {""cited_by_count"": 1572, ""works_count"": 156, ""year"": 2023}, {""cited_by_count"": 782, ""works_count"": 174, ""year"": 2024}, {""cited_by_count"": 281, ""works_count"": 167, ""year"": 2025}, {""cited_by_count"": 12, ""works_count"": 66, ""year"": 2026}]"
101226351,HERITOUR,875447796,Stichting Monumentenfonds Aruba,Stichting MonumentenfondsAruba,false,OTH,oranjestad,AW,AW,"12.51462375,-70.02382094999999",,2025-10-23 09:20:02,1993421,15,associatedPartner,,0,0,false,,abstained,,,https://ror.org/05cdyhf91,University of Aruba,0.293606,0.223606,0.12,University of Aruba,ror_display,True,True,False,5,not_matched,,,,,,,2021,2026,,,[]
101226351,HERITOUR,897578540,Stichting Schouwburg Aruba,Stichting Schouwburg Aruba,false,OTH,Oranjestad,AW,AW,"12.5096719,-70.02704025884388",,2025-10-23 09:20:02,1993420,14,associatedPartner,,0,0,false,,abstained,,,https://ror.org/05cdyhf91,University of Aruba,0.209482,0.139482,0.035875,University of Aruba,ror_display,True,True,False,5,not_matched,,,,,,,2021,2026,,,[]
101227010,SiCPIC,880953225,Swiss PIC,Swiss PIC,false,REC,Villigen,CH,CH033,"47.5255575,8.2155193",,2025-12-22 15:23:57,1993362,6,associatedPartner,,0,0,false,,abstained,,,https://ror.org/01tdhf121,Parent Information Center,0.45,0.5,0.0,PIC,acronym,False,False,False,5,not_matched,,,,,,,2021,2026,,,[]
101226551,HEALENAE,896298237,INNOVATION FOR POLICY FOUNDATION,,false,OTH,Ebene,MU,MU,"-20.2437139,57.4914135",,2025-07-10 12:27:42,1972035,7,associatedPartner,,0,0,false,,abstained,,,https://ror.org/000az4664,Canada Foundation for Innovation,0.457425,0.507425,0.031042,Canadian Foundation for Innovation,alias,False,False,False,5,not_matched,,,,,,,2021,2026,,,[]
101227034,WildBotics,998297908,GRONLANDS NATURINSTITUT,,false,REC,Nuuk,GL,GL,"64.1905067,-51.6952546940986",,2026-06-22 12:10:30,1916692,15,associatedPartner,,0,0,false,,abstained,,,https://ror.org/0342y5q78,Grønlands Naturinstitut,0.445236,0.375236,0.445236,Grønlands Naturinstitut,ror_display,True,True,False,5,not_matched,,,,,,,2021,2026,,,[]
101235830,TransatlanticLab,999871248,THE UNIVERSITY OF THE WEST INDIES U WI*,UWI,false,HES,Kingston,JM,JM,"18.0104124,-76.7487539",https://www.sta.uwi.edu,2025-07-14 11:12:43,1912535,16,associatedPartner,,0,0,false,,matched,https://ror.org/03fkc8c64,University of the West Indies,https://ror.org/03fkc8c64,University of the West Indies,1.0,1.0,0.05,University of the West Indies,ror_display,True,True,False,5,joined,https://openalex.org/I4210129319,University of the West Indies,education,JM,5521,361331,2021,2026,1257,9733,"[{""cited_by_count"": 2807, ""works_count"": 297, ""year"": 2021}, {""cited_by_count"": 2739, ""works_count"": 198, ""year"": 2022}, {""cited_by_count"": 1809, ""works_count"": 214, ""year"": 2023}, {""cited_by_count"": 1605, ""works_count"": 210, ""year"": 2024}, {""cited_by_count"": 738, ""works_count"": 210, ""year"": 2025}, {""cited_by_count"": 35, ""works_count"": 128, ""year"": 2026}]"
101235830,TransatlanticLab,914352362,PONTIFICIA UNIVERSIDAD CATOLICA MADRE Y MAESTRA,,false,HES,Santiago De Los Caballeros,DO,DO,"19.4780357,-70.71252907206616",,2025-07-14 11:12:43,1956126,12,associatedPartner,,0,0,false,,matched,https://ror.org/02m457w49,Pontificia Universidad Católica Madre y Maestra,https://ror.org/02m457w49,Pontificia Universidad Católica Madre y Maestra,1.0,1.0,0.576243,Pontificia Universidad Católica Madre y Maestra,ror_display,True,False,True,5,joined,https://openalex.org/I159110448,Pontificia Universidad Católica Madre y Maestra,education,DO,1636,16819,2021,2026,860,4172,"[{""cited_by_count"": 1185, ""works_count"": 145, ""year"": 2021}, {""cited_by_count"": 1464, ""works_count"": 140, ""year"": 2022}, {""cited_by_count"": 927, ""works_count"": 141, ""year"": 2023}, {""cited_by_count"": 316, ""works_count"": 125, ""year"": 2024}, {""cited_by_count"": 260, ""works_count"": 168, ""year"": 2025}, {""cited_by_count"": 20, ""works_count"": 141, ""year"": 2026}]"
101236659,SARGEX,888430761,Blue EcoTech LTD,Blue EcoTech,true,PRC,San Paul's Bay,MT,MT001,"35.9469528,14.3995221",,2025-09-01 23:29:22,1993539,4,participant,55110,55110,0,false,,abstained,,,https://ror.org/01j5kbq18,EcoTech (Sweden),0.45,0.5,0.0,EcoTech (Sweden),ror_display,False,False,False,5,not_matched,,,,,,,2021,2026,,,[]
101226139,CRYPTOACTION,999810623,Cyprus police,,false,PUB,Nicosia,CY,CY000,"35.1554534,33.3475976726927",http://www.police.gov.cy,2026-05-18 14:15:01,1906017,13,participant,263750,263750,263750,false,,matched,https://ror.org/008y40y60,Cyprus Police,https://ror.org/008y40y60,Cyprus Police,1.0,1.0,0.59459,Cyprus Police,ror_display,True,True,True,5,joined,https://openalex.org/I2802184509,Cyprus Police,government,CY,10,26,2021,2026,2,0,"[{""cited_by_count"": 0, ""works_count"": 2, ""year"": 2026}]"
101234185,SINTACT,882770035,Tishk International University,,false,HES,Erbil,IQ,IQ,"35.8429176,44.0532226",,2025-07-25 11:08:05,1993787,5,associatedPartner,,0,0,false,,matched,https://ror.org/03pbhyy22,Tishk International University,https://ror.org/03pbhyy22,Tishk International University,1.0,1.0,0.383333,Tishk International University,ror_display,True,True,True,5,joined,https://openalex.org/I908820301,Tishk International University,education,IQ,3780,64156,2021,2026,3027,26978,"[{""cited_by_count"": 8836, ""works_count"": 384, ""year"": 2021}, {""cited_by_count"": 7035, ""works_count"": 562, ""year"": 2022}, {""cited_by_count"": 4840, ""works_count"": 567, ""year"": 2023}, {""cited_by_count"": 3581, ""works_count"": 617, ""year"": 2024}, {""cited_by_count"": 2624, ""works_count"": 607, ""year"": 2025}, {""cited_by_count"": 62, ""works_count"": 290, ""year"": 2026}]"
101234185,SINTACT,929283572,UNIVERSITE MOHAMMED V DE RABAT,UNIVERSITE MOHAMMED V DE RABAT,true,HES,Rabat,MA,MA,"34.0014733,-6.8435247",http://www.um5.ac.ma,2025-07-25 11:08:05,2303049,7,associatedPartner,,0,0,false,,matched,https://ror.org/00r8w8f84,Mohammed V University,https://ror.org/00r8w8f84,Mohammed V University,1.0,1.0,0.456627,Université Mohammed-V de Rabat,label,True,True,True,5,joined,https://openalex.org/I126477371,Mohammed V University,education,MA,51584,1436472,2021,2026,28369,135714,"[{""cited_by_count"": 45068, ""works_count"": 4125, ""year"": 2021}, {""cited_by_count"": 33775, ""works_count"": 4445, ""year"": 2022}, {""cited_by_count"": 28117, ""works_count"": 4969, ""year"": 2023}, {""cited_by_count"": 19904, ""works_count"": 5358, ""year"": 2024}, {""cited_by_count"": 8430, ""works_count"": 5506, ""year"": 2025}, {""cited_by_count"": 420, ""works_count"": 3966, ""year"": 2026}]"
101235052,FEMENA,921155651,DHIVEHI RAAJEYGE QAUMEE UNIVERSITY,THE MALDIVES NATIONAL UNIVERSITY,false,HES,MALE,MV,MV,"4.1779879,73.5107387",,2025-07-31 14:18:56,1968689,11,associatedPartner,,0,0,false,,abstained,,,https://ror.org/00h4spn88,Mahatma Gandhi University,0.167391,0.217391,0.047398,MG University,alias,False,False,False,5,not_matched,,,,,,,2021,2026,,,[]
101235052,FEMENA,892816228,PARTICIPATORY DEVELOPMENT KNOWLEDGE AGENCY,PARTICIPATORY DEVELOPMENT KNOWLEDGE AGENCY,false,PRC,VIENTIANE,LA,LA,"17.920654499999998,102.69532189182569",,2025-07-31 14:18:56,1968687,19,associatedPartner,,0,0,false,,abstained,,,https://ror.org/00f5a7a07,Rural Development Agency,0.44187,0.37187,0.074679,Rural Development Agency,ror_display,True,True,False,5,not_matched,,,,,,,2021,2026,,,[]
101236769,GRASP,894528375,Institut Pasteur de Bangui,,false,OTH,Bangui,CF,CF,"4.439994,18.5361266",,2026-06-03 13:06:18,1988654,14,associatedPartner,,0,0,false,,matched,https://ror.org/01ee94y34,Institut Pasteur de Bangui,https://ror.org/01ee94y34,Institut Pasteur de Bangui,1.0,1.0,0.383333,Institut Pasteur de Bangui,ror_display,True,True,True,5,joined,https://openalex.org/I4210093986,Institut Pasteur de Bangui,education,CF,707,47312,2021,2026,259,3876,"[{""cited_by_count"": 1272, ""works_count"": 37, ""year"": 2021}, {""cited_by_count"": 1764, ""works_count"": 46, ""year"": 2022}, {""cited_by_count"": 446, ""works_count"": 38, ""year"": 2023}, {""cited_by_count"": 312, ""works_count"": 67, ""year"": 2024}, {""cited_by_count"": 79, ""works_count"": 40, ""year"": 2025}, {""cited_by_count"": 3, ""works_count"": 31, ""year"": 2026}]"
101236099,3DCARE,996480807,JORDAN UNIVERSITY OF SCIENCE AND TECHNOLOGY,JUST,false,HES,Irbid,JO,JO,"32.5555885,35.8493104",,2025-08-01 10:30:17,2068580,8,associatedPartner,,0,0,false,,matched,https://ror.org/03y8mtb59,Jordan University of Science and Technology,https://ror.org/03y8mtb59,Jordan University of Science and Technology,1.0,1.0,0.3,Jordan University of Science and Technology,ror_display,True,True,True,5,joined,https://openalex.org/I156983542,Jordan University of Science and Technology,education,JO,27922,1003059,2021,2026,13428,89455,"[{""cited_by_count"": 33243, ""works_count"": 2167, ""year"": 2021}, {""cited_by_count"": 21759, ""works_count"": 2377, ""year"": 2022}, {""cited_by_count"": 17196, ""works_count"": 2350, ""year"": 2023}, {""cited_by_count"": 11045, ""works_count"": 2443, ""year"": 2024}, {""cited_by_count"": 5992, ""works_count"": 2866, ""year"": 2025}, {""cited_by_count"": 220, ""works_count"": 1225, ""year"": 2026}]"
101228676,POLCA,951924924,OSCE ACADEMY IN BISHKEK,,false,REC,BISHKEK,KG,KG,"42.8767446,74.6069949",,2025-08-05 10:23:06,1958510,24,associatedPartner,,0,0,false,,abstained,,,https://ror.org/00zazm316,OSCE Academy,0.736667,0.666667,0.219454,OSCE Academy,ror_display,True,True,False,5,not_matched,,,,,,,2021,2026,,,[]
101228676,POLCA,936722502,TAJIK STATE UNIVERSITY OF COMMERCE,TSUC,false,HES,Dushanbe,TJ,TJ,"38.5762709,68.7863573",,2025-08-05 10:23:06,1978495,14,associatedPartner,,0,0,false,,matched,https://ror.org/00v76vw28,Tajik State University of Commerce,https://ror.org/00v76vw28,Tajik State University of Commerce,1.0,1.0,0.356172,Tajik State University of Commerce,ror_display,True,True,True,5,joined,https://openalex.org/I3131746957,Tajik State University of Commerce,education,TJ,172,441,2021,2026,128,47,"[{""cited_by_count"": 19, ""works_count"": 32, ""year"": 2021}, {""cited_by_count"": 9, ""works_count"": 35, ""year"": 2022}, {""cited_by_count"": 2, ""works_count"": 21, ""year"": 2023}, {""cited_by_count"": 16, ""works_count"": 22, ""year"": 2024}, {""cited_by_count"": 1, ""works_count"": 17, ""year"": 2025}, {""cited_by_count"": 0, ""works_count"": 1, ""year"": 2026}]"
101228676,POLCA,897498612,ANTICORRUPTION BUSINESS COUNCIL OF THE KYRGYZ REPUBLIC,,false,PUB,BISHKEK,KG,KG,"42.8765615,74.6070079",,2025-08-05 10:23:06,1978498,11,associatedPartner,,0,0,false,,abstained,,,https://ror.org/01eeqkr30,The Ministry of Education and Science of the Kyrgyz Republic,0.276163,0.206163,0.00713,The Ministry of Education and Science of the Kyrgyz Republic,ror_display,True,True,False,5,not_matched,,,,,,,2021,2026,,,[]
101236590,REFBAR,948924908,UNIVERSIDAD NACIONAL DE ASUNCION,,false,HES,ASUNCION,PY,PY,"-25.2800459,-57.6343814",,2026-06-03 13:06:58,1955666,8,associatedPartner,,0,0,false,,matched,https://ror.org/03f27y887,Universidad Nacional de Asunción,https://ror.org/03f27y887,Universidad Nacional de Asunción,1.0,1.0,0.383333,Universidad Nacional de Asunción,ror_display,True,False,True,5,joined,https://openalex.org/I8379220,Universidad Nacional de Asunción,education,PY,9511,162369,2021,2026,4656,13549,"[{""cited_by_count"": 5591, ""works_count"": 783, ""year"": 2021}, {""cited_by_count"": 3009, ""works_count"": 931, ""year"": 2022}, {""cited_by_count"": 2936, ""works_count"": 802, ""year"": 2023}, {""cited_by_count"": 1327, ""works_count"": 885, ""year"": 2024}, {""cited_by_count"": 614, ""works_count"": 876, ""year"": 2025}, {""cited_by_count"": 72, ""works_count"": 379, ""year"": 2026}]"
101236710,eRISIKO,999650282,UNIVERSITI PUTRA MALAYSIA,UPM,false,HES,Selangor Darul Ehsan,MY,MY,"2.3923759,112.8471939",,2026-01-07 15:11:22,2146163,4,associatedPartner,,0,0,false,,matched,https://ror.org/02e91jd64,Universiti Putra Malaysia,https://ror.org/02e91jd64,Universiti Putra Malaysia,1.0,1.0,0.424674,Universiti Putra Malaysia,ror_display,True,False,True,5,joined,https://openalex.org/I130343225,Universiti Putra Malaysia,education,MY,85146,4431849,2021,2026,34229,273548,"[{""cited_by_count"": 109151, ""works_count"": 6715, ""year"": 2021}, {""cited_by_count"": 76641, ""works_count"": 6472, ""year"": 2022}, {""cited_by_count"": 45871, ""works_count"": 6589, ""year"": 2023}, {""cited_by_count"": 28943, ""works_count"": 6144, ""year"": 2024}, {""cited_by_count"": 12420, ""works_count"": 5542, ""year"": 2025}, {""cited_by_count"": 522, ""works_count"": 2767, ""year"": 2026}]"
101190696,VectorGrid-Africa,954910390,FUNDACAO MANHICA,FM,false,REC,VILA DA MANHICA MAPUTO,MZ,MZ,"-25.9458524,32.569211",,2026-06-03 13:07:01,1970787,6,participant,554881.25,554881.25,"554881,25",false,,abstained,,,https://ror.org/047rnn627,Fundação Otorrinolaringologia,0.28541,0.33541,0.002253,Fundação Otorrinolaringologia,ror_display,False,False,False,5,not_matched,,,,,,,2021,2026,,,[]
101190696,VectorGrid-Africa,986872084,Institut Pasteur de Madagascar,IPM,false,REC,Antananarivo,MG,MG,"-18.7920779,47.7823214",,2026-06-03 13:07:01,1947090,4,participant,570512.5,570512.5,"570512,5",false,,matched,https://ror.org/03fkjvy27,Institut Pasteur de Madagascar,https://ror.org/03fkjvy27,Institut Pasteur de Madagascar,1.0,1.0,0.383333,Institut Pasteur de Madagascar,ror_display,True,True,True,5,joined,https://openalex.org/I4210133373,Institut Pasteur de Madagascar,nonprofit,MG,2497,141091,2021,2026,987,5925,"[{""cited_by_count"": 2160, ""works_count"": 125, ""year"": 2021}, {""cited_by_count"": 1888, ""works_count"": 166, ""year"": 2022}, {""cited_by_count"": 954, ""works_count"": 197, ""year"": 2023}, {""cited_by_count"": 606, ""works_count"": 197, ""year"": 2024}, {""cited_by_count"": 306, ""works_count"": 199, ""year"": 2025}, {""cited_by_count"": 11, ""works_count"": 103, ""year"": 2026}]"
101190696,VectorGrid-Africa,997899432,WITS HEALTH CONSORTIUM (PTY) LTD,WHC,false,PRC,Johannesburg,ZA,ZA,"-26.205,28.049722",https://www.witshealth.co.za,2026-06-03 13:07:01,1935497,5,participant,543907.5,543907.5,"543907,5",false,,matched,https://ror.org/02a496f07,Witshealth Consortium (Pty) Ltd. (South Africa),https://ror.org/02a496f07,Witshealth Consortium (Pty) Ltd. (South Africa),1.0,1.0,0.545698,Wits Health Consortium,alias,True,True,True,5,joined,https://openalex.org/I4405267342,Witshealth Consortium (Pty) Ltd. (South Africa),company,ZA,0,0,2021,2026,0,0,[]
101190731,AFRICAI-RI,954910390,FUNDACAO MANHICA,FM,false,REC,VILA DA MANHICA MAPUTO,MZ,MZ,"-25.9458524,32.569211",,2025-08-14 14:32:40,1970787,2,participant,580740,580740,580740,false,,abstained,,,https://ror.org/047rnn627,Fundação Otorrinolaringologia,0.28541,0.33541,0.002253,Fundação Otorrinolaringologia,ror_display,False,False,False,5,not_matched,,,,,,,2021,2026,,,[]
101181686,ArcticKnows,998297908,GRONLANDS NATURINSTITUT,,false,REC,Nuuk,GL,GL,"64.1905067,-51.6952546940986",,2025-08-28 16:06:09,1916692,4,participant,389375,389375,0,false,,abstained,,,https://ror.org/0342y5q78,Grønlands Naturinstitut,0.445236,0.375236,0.445236,Grønlands Naturinstitut,ror_display,True,True,False,5,not_matched,,,,,,,2021,2026,,,[]
101236779,Tools4NDDs,999873673,UNIVERSITY OF CANTERBURY,,false,HES,CHRISTCHURCH,NZ,NZ,"-43.530955,172.6366455",https://www.canterbury.ac.nz,2026-05-26 14:26:43,2125705,12,associatedPartner,,0,0,false,,matched,https://ror.org/03y7q9t39,University of Canterbury,https://ror.org/03y7q9t39,University of Canterbury,1.0,1.0,0.182303,University of Canterbury,ror_display,True,True,True,5,joined,https://openalex.org/I185492890,University of Canterbury,education,NZ,52961,2572887,2021,2026,13703,115263,"[{""cited_by_count"": 43840, ""works_count"": 2350, ""year"": 2021}, {""cited_by_count"": 29904, ""works_count"": 2318, ""year"": 2022}, {""cited_by_count"": 22917, ""works_count"": 2498, ""year"": 2023}, {""cited_by_count"": 12783, ""works_count"": 2504, ""year"": 2024}, {""cited_by_count"": 5303, ""works_count"": 2632, ""year"": 2025}, {""cited_by_count"": 516, ""works_count"": 1401, ""year"": 2026}]"
101236837,PAGENS,874197757,INSUCO TOGO SARL U,INSUCO TOGO,true,PRC,Lomé,TG,TG,"6.1490152,1.2282941",,2025-08-28 13:05:41,1994047,13,associatedPartner,,0,0,false,,abstained,,,https://ror.org/0454rb348,University of Science and Technology of Togo,0.245438,0.175438,0.037792,Université des Sciences et Technologies du Togo,label,True,True,False,5,not_matched,,,,,,,2021,2026,,,[]
101236837,PAGENS,874168075,INSUCO CENTER FOR SOCIAL INNOVATION,INSUCO ICSI,false,OTH,MEDELLIN,CO,CO,"6.2443382,-75.573553",,2025-08-28 13:05:41,1994048,14,associatedPartner,,0,0,false,,abstained,,,https://ror.org/05wrxrk69,Center For Social Innovation,0.7,0.75,0.213734,Center For Social Innovation,ror_display,False,False,False,5,not_matched,,,,,,,2021,2026,,,[]
101236837,PAGENS,872198975,ASSOCIATION INSTITUT DE RECHERCHE INDEPENDANT DE LA CORNE D'AFRIQUE,IRICA,false,REC,Djibouti,DJ,DJ,"11.8145966,42.8453061",,2025-08-28 13:05:41,1994052,17,associatedPartner,,0,0,false,,abstained,,,https://ror.org/05932h694,Idiap Research Institute,0.203078,0.253078,0.005785,Institut de recherche Idiap,acronym,False,False,False,5,not_matched,,,,,,,2021,2026,,,[]
101236480,PAMELA,996467906,MACQUARIE UNIVERSITY,,false,HES,Sydney,AU,AU,"-33.8548157,151.2164539",,2025-09-06 01:17:07,2945459,13,associatedPartner,,0,0,false,,matched,https://ror.org/01sf06y89,Macquarie University,https://ror.org/01sf06y89,Macquarie University,1.0,1.0,0.20436,Macquarie University,ror_display,True,True,True,5,joined,https://openalex.org/I99043593,Macquarie University,education,AU,101804,5440249,2021,2026,36674,372381,"[{""cited_by_count"": 144070, ""works_count"": 6924, ""year"": 2021}, {""cited_by_count"": 102497, ""works_count"": 6855, ""year"": 2022}, {""cited_by_count"": 68001, ""works_count"": 6367, ""year"": 2023}, {""cited_by_count"": 41854, ""works_count"": 6824, ""year"": 2024}, {""cited_by_count"": 15088, ""works_count"": 6324, ""year"": 2025}, {""cited_by_count"": 871, ""works_count"": 3380, ""year"": 2026}]"
101235096,MaGA,954303946,UNIVERSITE DES SCIENCES DES TECHNIQUES ET DES TECHNOLOGIES DE BAMAKO,USTTB,false,HES,Bamako,ML,ML,"12.649319,-8.000337",,2025-12-29 11:31:21,1956528,13,associatedPartner,,0,0,false,,matched,https://ror.org/023rbaw78,"Université des Sciences, des Techniques et des Technologies de Bamako",https://ror.org/023rbaw78,"Université des Sciences, des Techniques et des Technologies de Bamako",1.0,1.0,0.521781,"Université des Sciences, des Techniques et des Technologies de Bamako",ror_display,True,True,True,5,joined,https://openalex.org/I4210112095,"Université des Sciences, des Techniques et des Technologies de Bamako",education,ML,3939,104906,2021,2026,2743,8600,"[{""cited_by_count"": 3049, ""works_count"": 371, ""year"": 2021}, {""cited_by_count"": 2458, ""works_count"": 460, ""year"": 2022}, {""cited_by_count"": 1501, ""works_count"": 580, ""year"": 2023}, {""cited_by_count"": 1069, ""works_count"": 556, ""year"": 2024}, {""cited_by_count"": 480, ""works_count"": 439, ""year"": 2025}, {""cited_by_count"": 43, ""works_count"": 337, ""year"": 2026}]"
101235096,MaGA,905851573,Ministere de la sante,,false,PUB,Libreville,GA,GA,"0.42726152728819883,9.449312026702248",,2025-12-29 11:31:21,1994208,9,associatedPartner,,0,0,false,,abstained,,,https://ror.org/00yrwkd81,Ministère de la Santé,0.95,1.0,0.0,Ministère de la Santé,ror_display,False,False,True,5,not_matched,,,,,,,2021,2026,,,[]
101235096,MaGA,873444261,UNIVERSITÉ MARIEN NGOUABI,,false,PRC,Brazzaville,CG,CG,"-4.273822,15.2386272",,2025-12-29 11:31:21,1994210,12,associatedPartner,,0,0,false,,matched,https://ror.org/00tt5kf04,Marien Ngouabi University,https://ror.org/00tt5kf04,Marien Ngouabi University,1.0,1.0,0.592049,Université Marien Ngouabi,label,True,True,True,5,joined,https://openalex.org/I7435137,Marien Ngouabi University,education,CG,4280,51629,2021,2026,2478,6759,"[{""cited_by_count"": 1444, ""works_count"": 372, ""year"": 2021}, {""cited_by_count"": 3649, ""works_count"": 449, ""year"": 2022}, {""cited_by_count"": 775, ""works_count"": 510, ""year"": 2023}, {""cited_by_count"": 585, ""works_count"": 470, ""year"": 2024}, {""cited_by_count"": 293, ""works_count"": 424, ""year"": 2025}, {""cited_by_count"": 13, ""works_count"": 253, ""year"": 2026}]"
101235096,MaGA,919053758,UNIVERSITE DES SCIENCES ET TECHNIQUE DE MASUKU,,false,HES,FRANCEVILLE,GA,GA,"-1.634363,13.589513",,2025-12-29 11:31:21,1978797,8,associatedPartner,,0,0,false,,matched,https://ror.org/03f0njg03,Université des Sciences et Techniques de Masuku,https://ror.org/03f0njg03,Université des Sciences et Techniques de Masuku,1.0,0.989247,0.54113,Université des Sciences et Techniques de Masuku,ror_display,True,True,False,5,joined,https://openalex.org/I4210131477,Université des Sciences et Techniques de Masuku,education,GA,1564,25844,2021,2026,699,2428,"[{""cited_by_count"": 759, ""works_count"": 129, ""year"": 2021}, {""cited_by_count"": 605, ""works_count"": 122, ""year"": 2022}, {""cited_by_count"": 688, ""works_count"": 138, ""year"": 2023}, {""cited_by_count"": 289, ""works_count"": 119, ""year"": 2024}, {""cited_by_count"": 77, ""works_count"": 121, ""year"": 2025}, {""cited_by_count"": 10, ""works_count"": 70, ""year"": 2026}]"
101235635,SOLAR-MOVE,999873673,UNIVERSITY OF CANTERBURY,,false,HES,CHRISTCHURCH,NZ,NZ,"-43.530955,172.6366455",https://www.canterbury.ac.nz,2025-10-10 10:18:03,2125705,28,participant,146250,146250,146250,false,,matched,https://ror.org/03y7q9t39,University of Canterbury,https://ror.org/03y7q9t39,University of Canterbury,1.0,1.0,0.182303,University of Canterbury,ror_display,True,True,True,5,joined,https://openalex.org/I185492890,University of Canterbury,education,NZ,52961,2572887,2021,2026,13703,115263,"[{""cited_by_count"": 43840, ""works_count"": 2350, ""year"": 2021}, {""cited_by_count"": 29904, ""works_count"": 2318, ""year"": 2022}, {""cited_by_count"": 22917, ""works_count"": 2498, ""year"": 2023}, {""cited_by_count"": 12783, ""works_count"": 2504, ""year"": 2024}, {""cited_by_count"": 5303, ""works_count"": 2632, ""year"": 2025}, {""cited_by_count"": 516, ""works_count"": 1401, ""year"": 2026}]"
101235645,PVSmile,906552980,GREEN ENERGY PARK,GEP,false,REC,BENGUERIR,MA,MA,"32.22120100294158,-7.928934728574714",,2025-10-10 10:18:08,1972289,27,participant,71250,71250,71250,false,,abstained,,,https://ror.org/04pk7g992,Dorset Green Technology Park,0.397213,0.447213,0.0,Dorset Green Technology Park,ror_display,False,False,False,5,not_matched,,,,,,,2021,2026,,,[]
101190602,R21-PD,885433752,TRAINING & RESEARCH UNIT OF EXCELLENCE LIMITED,,false,REC,Blantyre,MW,MW,"-15.68435015,34.92278380649101",,2026-05-13 21:42:02,1982591,2,participant,1827806.08,1827806.08,"1827806,08",false,,abstained,,,https://ror.org/04d2k2606,Luto Research (United Kingdom),0.250176,0.300176,0.003424,Luto Research Limited,alias,False,False,False,5,not_matched,,,,,,,2021,2026,,,[]
101170065,ULTIMASero,986872084,Institut Pasteur de Madagascar,IPM,false,REC,Antananarivo,MG,MG,"-18.7920779,47.7823214",,2026-05-13 21:42:03,1947090,3,participant,350000,350000,350000,false,,matched,https://ror.org/03fkjvy27,Institut Pasteur de Madagascar,https://ror.org/03fkjvy27,Institut Pasteur de Madagascar,1.0,1.0,0.383333,Institut Pasteur de Madagascar,ror_display,True,True,True,5,joined,https://openalex.org/I4210133373,Institut Pasteur de Madagascar,nonprofit,MG,2497,141091,2021,2026,987,5925,"[{""cited_by_count"": 2160, ""works_count"": 125, ""year"": 2021}, {""cited_by_count"": 1888, ""works_count"": 166, ""year"": 2022}, {""cited_by_count"": 954, ""works_count"": 197, ""year"": 2023}, {""cited_by_count"": 606, ""works_count"": 197, ""year"": 2024}, {""cited_by_count"": 306, ""works_count"": 199, ""year"": 2025}, {""cited_by_count"": 11, ""works_count"": 103, ""year"": 2026}]"
101239638,BIO-INTEL-MOB,970538448,RIGAS PLANOSANAS REGIONS,,false,PUB,Riga,LV,LV00A,"56.9493977,24.1051846",https://www.rpr.gov.lv,2026-04-01 13:32:47,1918109,22,participant,382500,382500,382500,false,,abstained,,,https://ror.org/00qaje814,Stockholm School of Economics in Riga,0.242005,0.172005,0.009747,SSE Riga,acronym,True,True,False,5,not_matched,,,,,,,2021,2026,,,[]
101244526,FAR-SIDS,999871248,THE UNIVERSITY OF THE WEST INDIES U WI*,UWI,false,HES,Kingston,JM,JM,"18.0104124,-76.7487539",https://www.sta.uwi.edu,2026-02-23 17:37:33,1912535,2,associatedPartner,,0,0,false,,matched,https://ror.org/03fkc8c64,University of the West Indies,https://ror.org/03fkc8c64,University of the West Indies,1.0,1.0,0.05,University of the West Indies,ror_display,True,True,False,5,joined,https://openalex.org/I4210129319,University of the West Indies,education,JM,5521,361331,2021,2026,1257,9733,"[{""cited_by_count"": 2807, ""works_count"": 297, ""year"": 2021}, {""cited_by_count"": 2739, ""works_count"": 198, ""year"": 2022}, {""cited_by_count"": 1809, ""works_count"": 214, ""year"": 2023}, {""cited_by_count"": 1605, ""works_count"": 210, ""year"": 2024}, {""cited_by_count"": 738, ""works_count"": 210, ""year"": 2025}, {""cited_by_count"": 35, ""works_count"": 128, ""year"": 2026}]"
101244526,FAR-SIDS,997324028,UNIVERSITY OF THE SOUTH PACIFIC,USP,false,HES,Suva,FJ,FJ,"-18.1493051,178.45316212915193",https://www.usp.ac.fj,2026-02-23 17:37:33,1948564,3,associatedPartner,,0,0,false,,matched,https://ror.org/008stv805,University of the South Pacific,https://ror.org/008stv805,University of the South Pacific,1.0,1.0,0.145786,University of the South Pacific,ror_display,True,True,True,5,joined,https://openalex.org/I44666525,University of the South Pacific,education,FJ,6144,203170,2021,2026,2099,21011,"[{""cited_by_count"": 8515, ""works_count"": 412, ""year"": 2021}, {""cited_by_count"": 5801, ""works_count"": 414, ""year"": 2022}, {""cited_by_count"": 3923, ""works_count"": 450, ""year"": 2023}, {""cited_by_count"": 2032, ""works_count"": 321, ""year"": 2024}, {""cited_by_count"": 700, ""works_count"": 312, ""year"": 2025}, {""cited_by_count"": 40, ""works_count"": 190, ""year"": 2026}]"
101244526,FAR-SIDS,913877256,UNIVERSITE DES COMORES,UDC,false,HES,Moroni,KM,KM,"-11.7009477,43.252375",,2026-02-23 17:37:33,1994524,4,associatedPartner,,0,0,false,,abstained,,,https://ror.org/0110mcx69,SYCOMORES: Analyse symbolique et conception orientée composants pour des systèmes embarqués temps-réel modulaires,0.35,0.4,0.06375,SYCOMORES,acronym,False,False,False,5,not_matched,,,,,,,2021,2026,,,[]
101252582,PreciseOnco,999633113,EIBIR GEMEINNUTZIGE GMBH ZUR FORDERUNG DER ERFORSCHUNG DER BIOMEDIZINISCHEN BILDGEBUNG,,false,REC,Wien,AT,AT130,"48.2132767,16.3693347",https://www.eibir.org,2026-04-20 14:58:09,1909591,11,participant,299500,299500,299500,false,,abstained,,,https://ror.org/05aeq8963,Winicker Norimed GmbH (Germany),0.256438,0.306438,0.044775,Winicker-Norimed GmbH Medizinische Forschung,alias,False,False,False,5,not_matched,,,,,,,2021,2026,,,[]
101190620,ENABLE,954910390,FUNDACAO MANHICA,FM,false,REC,VILA DA MANHICA MAPUTO,MZ,MZ,"-25.9458524,32.569211",,2026-05-06 07:31:29,1970787,10,participant,241980,241980,241980,false,,abstained,,,https://ror.org/047rnn627,Fundação Otorrinolaringologia,0.28541,0.33541,0.002253,Fundação Otorrinolaringologia,ror_display,False,False,False,5,not_matched,,,,,,,2021,2026,,,[]
101190620,ENABLE,997899432,WITS HEALTH CONSORTIUM (PTY) LTD,WHC,false,PRC,Johannesburg,ZA,ZA,"-26.205,28.049722",https://www.witshealth.co.za,2026-05-06 07:31:29,1935497,5,participant,400000,400000,400000,false,,matched,https://ror.org/02a496f07,Witshealth Consortium (Pty) Ltd. (South Africa),https://ror.org/02a496f07,Witshealth Consortium (Pty) Ltd. (South Africa),1.0,1.0,0.545698,Wits Health Consortium,alias,True,True,True,5,joined,https://openalex.org/I4405267342,Witshealth Consortium (Pty) Ltd. (South Africa),company,ZA,0,0,2021,2026,0,0,[]
101261720,REACH-UPPA,999588784,POLITECHNIKA GDANSKA,GDANSK UNIVERSITY OF TECHNOLOGY,false,HES,GDANSK,PL,PL633,"54.3482259,18.6542888",http://www.pg.gda.pl,2026-06-29 17:10:33,1909285,5,associatedPartner,,0,0,false,,matched,https://ror.org/006x4sc24,Gdańsk University of Technology,https://ror.org/006x4sc24,Gdańsk University of Technology,1.0,1.0,0.638002,Politechnika Gdańska,label,True,True,True,5,joined,https://openalex.org/I169333911,Gdańsk University of Technology,education,PL,31846,1041108,2021,2026,10472,117826,"[{""cited_by_count"": 35013, ""works_count"": 1754, ""year"": 2021}, {""cited_by_count"": 30890, ""works_count"": 1854, ""year"": 2022}, {""cited_by_count"": 29050, ""works_count"": 1977, ""year"": 2023}, {""cited_by_count"": 17617, ""works_count"": 1991, ""year"": 2024}, {""cited_by_count"": 5045, ""works_count"": 1909, ""year"": 2025}, {""cited_by_count"": 211, ""works_count"": 987, ""year"": 2026}]"
101261439,BEST,999588784,POLITECHNIKA GDANSKA,GDANSK UNIVERSITY OF TECHNOLOGY,false,HES,GDANSK,PL,PL633,"54.3482259,18.6542888",http://www.pg.gda.pl,2026-03-18 14:05:35,1909285,5,associatedPartner,,0,0,false,,matched,https://ror.org/006x4sc24,Gdańsk University of Technology,https://ror.org/006x4sc24,Gdańsk University of Technology,1.0,1.0,0.638002,Politechnika Gdańska,label,True,True,True,5,joined,https://openalex.org/I169333911,Gdańsk University of Technology,education,PL,31846,1041108,2021,2026,10472,117826,"[{""cited_by_count"": 35013, ""works_count"": 1754, ""year"": 2021}, {""cited_by_count"": 30890, ""works_count"": 1854, ""year"": 2022}, {""cited_by_count"": 29050, ""works_count"": 1977, ""year"": 2023}, {""cited_by_count"": 17617, ""works_count"": 1991, ""year"": 2024}, {""cited_by_count"": 5045, ""works_count"": 1909, ""year"": 2025}, {""cited_by_count"": 211, ""works_count"": 987, ""year"": 2026}]"
101251004,NEREUS,999873673,UNIVERSITY OF CANTERBURY,,false,HES,CHRISTCHURCH,NZ,NZ,"-43.530955,172.6366455",https://www.canterbury.ac.nz,2026-03-31 11:43:29,2125705,8,participant,306834.95,306834.95,0,false,,matched,https://ror.org/03y7q9t39,University of Canterbury,https://ror.org/03y7q9t39,University of Canterbury,1.0,1.0,0.182303,University of Canterbury,ror_display,True,True,True,5,joined,https://openalex.org/I185492890,University of Canterbury,education,NZ,52961,2572887,2021,2026,13703,115263,"[{""cited_by_count"": 43840, ""works_count"": 2350, ""year"": 2021}, {""cited_by_count"": 29904, ""works_count"": 2318, ""year"": 2022}, {""cited_by_count"": 22917, ""works_count"": 2498, ""year"": 2023}, {""cited_by_count"": 12783, ""works_count"": 2504, ""year"": 2024}, {""cited_by_count"": 5303, ""works_count"": 2632, ""year"": 2025}, {""cited_by_count"": 516, ""works_count"": 1401, ""year"": 2026}]"
101272890,SAFE-WIND,997262918,HONG KONG UNIVERSITY OF SCIENCE AND TECHNOLOGY,HKUST,false,HES,Hong Kong,HK,HK,"22.3154248,114.2703851",http://ami.ust.hk,2026-03-24 10:48:35,2123087,2,associatedPartner,,0,0,false,,matched,https://ror.org/00q4vv597,Hong Kong University of Science and Technology,https://ror.org/00q4vv597,Hong Kong University of Science and Technology,1.0,1.0,0.05,Hong Kong University of Science and Technology,ror_display,True,True,True,5,joined,https://openalex.org/I200769079,Hong Kong University of Science and Technology,education,HK,94717,8617391,2021,2026,36116,511588,"[{""cited_by_count"": 148906, ""works_count"": 4702, ""year"": 2021}, {""cited_by_count"": 133053, ""works_count"": 5307, ""year"": 2022}, {""cited_by_count"": 107634, ""works_count"": 6300, ""year"": 2023}, {""cited_by_count"": 89027, ""works_count"": 7365, ""year"": 2024}, {""cited_by_count"": 31370, ""works_count"": 7895, ""year"": 2025}, {""cited_by_count"": 1598, ""works_count"": 4547, ""year"": 2026}]"
101279427,ChangingToads,996467906,MACQUARIE UNIVERSITY,,false,HES,Sydney,AU,AU,"-33.8548157,151.2164539",,2026-04-13 14:17:53,2945459,2,associatedPartner,,0,0,false,,matched,https://ror.org/01sf06y89,Macquarie University,https://ror.org/01sf06y89,Macquarie University,1.0,1.0,0.20436,Macquarie University,ror_display,True,True,True,5,joined,https://openalex.org/I99043593,Macquarie University,education,AU,101804,5440249,2021,2026,36674,372381,"[{""cited_by_count"": 144070, ""works_count"": 6924, ""year"": 2021}, {""cited_by_count"": 102497, ""works_count"": 6855, ""year"": 2022}, {""cited_by_count"": 68001, ""works_count"": 6367, ""year"": 2023}, {""cited_by_count"": 41854, ""works_count"": 6824, ""year"": 2024}, {""cited_by_count"": 15088, ""works_count"": 6324, ""year"": 2025}, {""cited_by_count"": 871, ""works_count"": 3380, ""year"": 2026}]"
101289627,POLICY ENLARGE,995591705,UNIVERZITET U BANJOJ LUCI,UNIVERSITY OF BANJA LUKA,false,HES,BANJA LUKA,BA,BA,"44.7719893,17.1898768",https://www.unibl.org,2026-06-17 16:19:59,2149128,5,participant,72625,72625,72625,false,,abstained,,,https://ror.org/0282m7c06,University of Banja Luka,0.613048,0.543048,0.319442,Univerzitet u Banja Luci,label,True,True,False,5,not_matched,,,,,,,2021,2026,,,[]
101289627,POLICY ENLARGE,873604408,GEORGIAN INSTITUTE FOR RESEARCH & INNOVATION,GIRI,false,OTH,Tbilisi,GE,GE,"41.7101375,44.75674975441021",,2026-06-17 16:19:59,1995424,6,participant,136500,136500,136500,false,,abstained,,,https://ror.org/04nqadf13,Institut de Recherche et d’Innovation,0.667391,0.717391,0.112766,Institute of Research and Innovation,label,False,False,False,5,not_matched,,,,,,,2021,2026,,,[]
101299691,FARMAR,999650282,UNIVERSITI PUTRA MALAYSIA,UPM,false,HES,Selangor Darul Ehsan,MY,MY,"2.3923759,112.8471939",,2026-04-28 16:08:06,2146163,15,associatedPartner,,0,0,false,,matched,https://ror.org/02e91jd64,Universiti Putra Malaysia,https://ror.org/02e91jd64,Universiti Putra Malaysia,1.0,1.0,0.424674,Universiti Putra Malaysia,ror_display,True,False,True,5,joined,https://openalex.org/I130343225,Universiti Putra Malaysia,education,MY,85146,4431849,2021,2026,34229,273548,"[{""cited_by_count"": 109151, ""works_count"": 6715, ""year"": 2021}, {""cited_by_count"": 76641, ""works_count"": 6472, ""year"": 2022}, {""cited_by_count"": 45871, ""works_count"": 6589, ""year"": 2023}, {""cited_by_count"": 28943, ""works_count"": 6144, ""year"": 2024}, {""cited_by_count"": 12420, ""works_count"": 5542, ""year"": 2025}, {""cited_by_count"": 522, ""works_count"": 2767, ""year"": 2026}]"
101265145,HUMEPI,922659442,UNIVERSITE DE NOUAKCHOTT,,false,HES,NOUAKCHOTT OUEST,MR,MR,"18.105328,-15.979365",,2026-04-28 16:08:07,1977519,2,associatedPartner,,0,0,false,,matched,https://ror.org/00pt67k84,Université de Nouakchott,https://ror.org/00pt67k84,Université de Nouakchott,1.0,1.0,0.64459,Université de Nouakchott,ror_display,True,False,True,5,joined,https://openalex.org/I90527594,Université de Nouakchott,education,MR,1615,30781,2021,2026,810,4367,"[{""cited_by_count"": 1075, ""works_count"": 105, ""year"": 2021}, {""cited_by_count"": 1207, ""works_count"": 114, ""year"": 2022}, {""cited_by_count"": 770, ""works_count"": 156, ""year"": 2023}, {""cited_by_count"": 326, ""works_count"": 153, ""year"": 2024}, {""cited_by_count"": 972, ""works_count"": 149, ""year"": 2025}, {""cited_by_count"": 17, ""works_count"": 133, ""year"": 2026}]"
101299723,ReWATT,891240754,Universidad de Moa,UMoa,false,HES,Moa,CU,CU,"20.663261,-74.9521826",,2026-04-29 11:32:46,1995493,7,associatedPartner,,0,0,false,,matched,https://ror.org/012ngjb50,Universidad de Moa,https://ror.org/012ngjb50,Universidad de Moa,1.0,1.0,0.55,Universidad de Moa,ror_display,True,True,True,5,joined,https://openalex.org/I4399598445,Universidad de Moa,education,,2036,6689,2021,2026,824,1255,"[{""cited_by_count"": 728, ""works_count"": 226, ""year"": 2021}, {""cited_by_count"": 272, ""works_count"": 82, ""year"": 2022}, {""cited_by_count"": 129, ""works_count"": 169, ""year"": 2023}, {""cited_by_count"": 111, ""works_count"": 135, ""year"": 2024}, {""cited_by_count"": 13, ""works_count"": 122, ""year"": 2025}, {""cited_by_count"": 2, ""works_count"": 90, ""year"": 2026}]"
101248988,PRoRota,885433752,TRAINING & RESEARCH UNIT OF EXCELLENCE LIMITED,,false,REC,Blantyre,MW,MW,"-15.68435015,34.92278380649101",,2026-04-29 11:33:10,1982591,4,participant,796532.5,796532.5,"796532,5",false,,abstained,,,https://ror.org/04d2k2606,Luto Research (United Kingdom),0.250176,0.300176,0.003424,Luto Research Limited,alias,False,False,False,5,not_matched,,,,,,,2021,2026,,,[]
101270173,GENeCITY,970538448,RIGAS PLANOSANAS REGIONS,,false,PUB,Riga,LV,LV00A,"56.9493977,24.1051846",https://www.rpr.gov.lv,2026-05-25 13:32:25,1918109,15,participant,245426.88,245426.88,0,false,,abstained,,,https://ror.org/00qaje814,Stockholm School of Economics in Riga,0.242005,0.172005,0.009747,SSE Riga,acronym,True,True,False,5,not_matched,,,,,,,2021,2026,,,[]
101270042,DynamiCity,999513027,TRANSPORTOKONOMISK INSTITUTT,TOI,false,REC,Oslo,NO,NO081,"59.942353499999996,10.716316407483461",http://www.toi.no,2026-05-05 17:20:03,1913433,18,participant,355998.75,355998.75,0,false,,abstained,,,https://ror.org/04p2pa451,Institute of Transport Economics,0.398234,0.328234,0.042824,Transportøkonomisk institutt,alias,True,True,False,5,not_matched,,,,,,,2021,2026,,,[]
101293474,TiBeRIUM,870076712,ULBI METALLURGYALTZ ZAUYTY,,false,PRC,UST KAMENOGORSK,KZ,KZ,"49.9792417,82.6297052",,2026-06-17 15:02:31,1995619,20,participant,255412.5,255412.5,364875,false,,abstained,,,https://ror.org/01h8mzz32,Institute of Metals and Technology,0.0,0.0,0.0,IMT,acronym,False,False,False,5,not_matched,,,,,,,2021,2026,,,[]
101300066,Fix-APro,967838453,HELIOPOLIS UNIVERSITY ASSOCIATION,Heliopolis University for Sustainable Development,false,HES,Cairo,EG,EG,"30.3665687,31.5574957",http://www.hue.edu.eg,2026-05-06 15:33:18,2211865,7,participant,100200,100200,0,false,,abstained,,,https://ror.org/02tme6r37,Heliopolis University,0.736667,0.666667,0.267229,Heliopolis University,ror_display,True,True,False,5,not_matched,,,,,,,2021,2026,,,[]
101305254,Research4Resilience,999588784,POLITECHNIKA GDANSKA,GDANSK UNIVERSITY OF TECHNOLOGY,false,HES,GDANSK,PL,PL633,"54.3482259,18.6542888",http://www.pg.gda.pl,2026-05-08 10:24:01,1909285,2,participant,32513.52,32513.52,0,false,,matched,https://ror.org/006x4sc24,Gdańsk University of Technology,https://ror.org/006x4sc24,Gdańsk University of Technology,1.0,1.0,0.638002,Politechnika Gdańska,label,True,True,True,5,joined,https://openalex.org/I169333911,Gdańsk University of Technology,education,PL,31846,1041108,2021,2026,10472,117826,"[{""cited_by_count"": 35013, ""works_count"": 1754, ""year"": 2021}, {""cited_by_count"": 30890, ""works_count"": 1854, ""year"": 2022}, {""cited_by_count"": 29050, ""works_count"": 1977, ""year"": 2023}, {""cited_by_count"": 17617, ""works_count"": 1991, ""year"": 2024}, {""cited_by_count"": 5045, ""works_count"": 1909, ""year"": 2025}, {""cited_by_count"": 211, ""works_count"": 987, ""year"": 2026}]"
101249120,TEST4TPT,954910390,FUNDACAO MANHICA,FM,false,REC,VILA DA MANHICA MAPUTO,MZ,MZ,"-25.9458524,32.569211",,2026-05-08 10:24:02,1970787,4,participant,389740,389740,389740,false,,abstained,,,https://ror.org/047rnn627,Fundação Otorrinolaringologia,0.28541,0.33541,0.002253,Fundação Otorrinolaringologia,ror_display,False,False,False,5,not_matched,,,,,,,2021,2026,,,[]
101249081,AFRITRAC,954303946,UNIVERSITE DES SCIENCES DES TECHNIQUES ET DES TECHNOLOGIES DE BAMAKO,USTTB,false,HES,Bamako,ML,ML,"12.649319,-8.000337",,2026-05-06 15:33:18,1956528,6,participant,122777.75,122777.75,0,false,,matched,https://ror.org/023rbaw78,"Université des Sciences, des Techniques et des Technologies de Bamako",https://ror.org/023rbaw78,"Université des Sciences, des Techniques et des Technologies de Bamako",1.0,1.0,0.521781,"Université des Sciences, des Techniques et des Technologies de Bamako",ror_display,True,True,True,5,joined,https://openalex.org/I4210112095,"Université des Sciences, des Techniques et des Technologies de Bamako",education,ML,3939,104906,2021,2026,2743,8600,"[{""cited_by_count"": 3049, ""works_count"": 371, ""year"": 2021}, {""cited_by_count"": 2458, ""works_count"": 460, ""year"": 2022}, {""cited_by_count"": 1501, ""works_count"": 580, ""year"": 2023}, {""cited_by_count"": 1069, ""works_count"": 556, ""year"": 2024}, {""cited_by_count"": 480, ""works_count"": 439, ""year"": 2025}, {""cited_by_count"": 43, ""works_count"": 337, ""year"": 2026}]"
101249081,AFRITRAC,883987579,INSTITUT NATIONAL DE SANTE PUBLIQUE,NATIONAL PUBLIC HEALTH INSTITUTE INSP,false,HES,Bujumbura,BI,BI,"-3.3730778777726376,29.36023312823755",,2026-05-06 15:33:18,1982382,14,participant,119720.03,119720.03,0,false,,matched,https://ror.org/042sjvf54,Institut National de sante publique,https://ror.org/042sjvf54,Institut National de sante publique,1.0,1.0,0.05,Institut National de sante publique,ror_display,True,True,True,5,joined,https://openalex.org/I4405260641,Institut National de sante publique,education,BI,0,0,2021,2026,0,0,[]
101299299,PHOENIX,873189636,INSTITUTO NACIONAL DE INVESTIGACAO E DESENVOLVIMENTO AGRARIO,,false,PUB,SAO LOURENCO DOS ORGAOS,CV,CV,"15.07094415,-23.586513054781747",,2026-06-29 17:16:09,1993019,7,associatedPartner,,0,0,false,,abstained,,,https://ror.org/01fqrjt38,Instituto Nacional de Investigação Agrária e Veterinária,0.562329,0.612329,0.07001,Instituto Nacional de Investigação Agrária e Veterinária,ror_display,False,False,False,5,not_matched,,,,,,,2021,2026,,,[]
101299655,FRUITFUL,868787194,"Citrus Research Institute, Sargodha",,false,REC,Sargodha,PK,PK,"32.0889657,72.6776943",,2026-06-22 12:17:37,1995692,7,associatedPartner,,0,0,false,,abstained,,,https://ror.org/00mc9zb90,Citrus Research Institute,0.7,0.75,0.165379,Citrus Research Institute,ror_display,False,False,False,5,not_matched,,,,,,,2021,2026,,,[]
101248828,T5-TBVAC,914265547,RESEAU AFRICAIN DE RECHERCHE EN SANTE,IRESSEF,false,OTH,Dakar,SN,SN,"14.74054385,-17.333929041537314",,2026-05-06 07:31:29,1971774,3,participant,1298574,1298574,1372674,false,,abstained,,,https://ror.org/00krnv781,Réseau de Recherche en Santé Buccodentaire et Osseuse,0.490367,0.540367,0.0,Réseau de Recherche en Santé Buccodentaire et Osseuse,ror_display,False,False,False,5,not_matched,,,,,,,2021,2026,,,[]
101248948,CUREMAL,954910390,FUNDACAO MANHICA,FM,false,REC,VILA DA MANHICA MAPUTO,MZ,MZ,"-25.9458524,32.569211",,2026-05-07 11:45:55,1970787,8,participant,390253.75,390253.75,"390253,75",false,,abstained,,,https://ror.org/047rnn627,Fundação Otorrinolaringologia,0.28541,0.33541,0.002253,Fundação Otorrinolaringologia,ror_display,False,False,False,5,not_matched,,,,,,,2021,2026,,,[]
101287327,WUNDERWORK,890534012,KONFEDERACIA ODBOROVYCH ZVAZOVSLOVENSKEJ REPUBLIKY,KOZ SR,false,OTH,BRATISLAVA,SK,SK010,"48.1420316,17.1566311",,2026-06-29 17:08:43,1995770,12,associatedPartner,,0,0,false,,abstained,,,https://ror.org/01nh4s312,Government of Slovakia,0.215517,0.145517,0.045308,Vláda Slovenskej republiky,alias,True,True,False,5,not_matched,,,,,,,2021,2026,,,[]
101290997,BUILDERS,986798073,TARKETT GDL SA,TARKETT,false,PRC,Lentzweiler,LU,LU000,"50.0694924,5.9752596",https://www.tarkett.com,2026-05-11 08:16:30,2141521,11,thirdParty,0,17456.25,0,false,,abstained,,,https://ror.org/00v025f24,GDL (China),0.45,0.5,0.0,GDL (China),ror_display,False,False,False,5,not_matched,,,,,,,2021,2026,,,[]
101288616,EOSC-CONNECT,911513657,OPEN KNOWLEDGE MAPS - VEREIN ZUR FORDERUNG DER SICHTBARKEIT WISSENSCHAFTLICHEN WISSENS,,false,REC,WIEN,AT,AT130,"48.18021535,16.405090250384216",,2026-06-17 16:20:02,1959911,11,thirdParty,0,143375,0,false,,abstained,,,https://ror.org/023dz9m50,Complexity Science Hub,0.209285,0.189285,0.009285,Verein zur Förderung wissenschaftlicher Forschung im Bereich komplexer Systeme,alias,True,False,False,5,not_matched,,,,,,,2021,2026,,,[]
101300018,OASIS,924110271,UNIVERSITY OF SIERRA LEONE,,false,HES,FREETOWN,SL,SL,"8.479004,-13.26795",,2026-05-13 17:38:37,1951791,5,associatedPartner,,0,0,false,,matched,https://ror.org/045rztm55,University of Sierra Leone,https://ror.org/045rztm55,University of Sierra Leone,1.0,1.0,0.093718,University of Sierra Leone,ror_display,True,True,True,5,joined,https://openalex.org/I182377803,University of Sierra Leone,education,SL,3631,150250,2021,2026,2113,12068,"[{""cited_by_count"": 3967, ""works_count"": 269, ""year"": 2021}, {""cited_by_count"": 3615, ""works_count"": 333, ""year"": 2022}, {""cited_by_count"": 1711, ""works_count"": 417, ""year"": 2023}, {""cited_by_count"": 1037, ""works_count"": 436, ""year"": 2024}, {""cited_by_count"": 1707, ""works_count"": 375, ""year"": 2025}, {""cited_by_count"": 31, ""works_count"": 283, ""year"": 2026}]"
101298900,AQUA VIVA,999871248,THE UNIVERSITY OF THE WEST INDIES U WI*,UWI,false,HES,Kingston,JM,JM,"18.0104124,-76.7487539",https://www.sta.uwi.edu,2026-05-13 17:38:38,1912535,13,associatedPartner,,0,0,false,,matched,https://ror.org/03fkc8c64,University of the West Indies,https://ror.org/03fkc8c64,University of the West Indies,1.0,1.0,0.05,University of the West Indies,ror_display,True,True,False,5,joined,https://openalex.org/I4210129319,University of the West Indies,education,JM,5521,361331,2021,2026,1257,9733,"[{""cited_by_count"": 2807, ""works_count"": 297, ""year"": 2021}, {""cited_by_count"": 2739, ""works_count"": 198, ""year"": 2022}, {""cited_by_count"": 1809, ""works_count"": 214, ""year"": 2023}, {""cited_by_count"": 1605, ""works_count"": 210, ""year"": 2024}, {""cited_by_count"": 738, ""works_count"": 210, ""year"": 2025}, {""cited_by_count"": 35, ""works_count"": 128, ""year"": 2026}]"
101299346,HEALSAFE,951116720,"Student Science, s.r.o.","Student Science, s.r.o.",true,PRC,Horní Podluží,CZ,CZ042,"50.8822538,14.560345",,2026-05-19 17:49:36,1985720,10,participant,120240,120240,0,false,,abstained,,,https://ror.org/01aj94t43,International Association for Political Science Students,0.570422,0.620422,0.038354,International Association for Political Science Students,ror_display,False,False,False,5,not_matched,,,,,,,2021,2026,,,[]
101295859,BIOEASTWIDE,951511510,ACADEMIA DE STUDII ECONOMICE DIN MOLDOVA,ASEM,false,HES,CHISINAU,MD,MD,"47.030908,28.8381931",,2026-05-19 17:55:20,1985636,29,participant,66000,66000,0,false,,abstained,,,https://ror.org/04yvncj21,Bucharest University of Economic Studies,0.607687,0.657687,0.04323,Academia de Studii Economice din București,alias,False,False,False,5,not_matched,,,,,,,2021,2026,,,[]
101299840,WATERDEAL,975344216,UNIVERSITI TEKNOLOGI MARA (UiTM),UiTM,false,HES,SHAH ALAM SELANGOR,MY,MY,"3.0739429,101.5185278",https://www.utm.my,2026-05-12 18:06:53,1914284,18,associatedPartner,,0,0,false,,matched,https://ror.org/05n8tts92,Universiti Teknologi MARA,https://ror.org/05n8tts92,Universiti Teknologi MARA,1.0,1.0,0.456108,Universiti Teknologi MARA,ror_display,True,False,True,5,joined,https://openalex.org/I82724352,Universiti Teknologi MARA,education,MY,78120,1376715,2021,2026,42208,157957,"[{""cited_by_count"": 49404, ""works_count"": 5925, ""year"": 2021}, {""cited_by_count"": 48216, ""works_count"": 7444, ""year"": 2022}, {""cited_by_count"": 33361, ""works_count"": 9059, ""year"": 2023}, {""cited_by_count"": 19964, ""works_count"": 8499, ""year"": 2024}, {""cited_by_count"": 6715, ""works_count"": 7902, ""year"": 2025}, {""cited_by_count"": 297, ""works_count"": 3379, ""year"": 2026}]"
101299913,OMNIA,998711419,THE UNIVERSITY OF MANITOBA,,false,HES,Manitoba,CA,CA,"55.001251,-97.001038",http://www.umanitoba.ca,2026-05-13 17:38:10,1906305,17,associatedPartner,,0,0,false,,matched,https://ror.org/02gfys938,University of Manitoba,https://ror.org/02gfys938,University of Manitoba,1.0,1.0,0.64459,University of Manitoba,ror_display,True,False,False,5,joined,https://openalex.org/I46247651,University of Manitoba,education,CA,116913,7569587,2021,2026,31153,276847,"[{""cited_by_count"": 103134, ""works_count"": 5682, ""year"": 2021}, {""cited_by_count"": 76562, ""works_count"": 5439, ""year"": 2022}, {""cited_by_count"": 53069, ""works_count"": 5816, ""year"": 2023}, {""cited_by_count"": 30981, ""works_count"": 5954, ""year"": 2024}, {""cited_by_count"": 12442, ""works_count"": 5222, ""year"": 2025}, {""cited_by_count"": 659, ""works_count"": 3040, ""year"": 2026}]"
101314359,Gaia AIF,999588784,POLITECHNIKA GDANSKA,GDANSK UNIVERSITY OF TECHNOLOGY,false,HES,GDANSK,PL,PL633,"54.3482259,18.6542888",http://www.pg.gda.pl,2026-05-19 17:52:02,1909285,3,participant,375000,375000,750000,false,,matched,https://ror.org/006x4sc24,Gdańsk University of Technology,https://ror.org/006x4sc24,Gdańsk University of Technology,1.0,1.0,0.638002,Politechnika Gdańska,label,True,True,True,5,joined,https://openalex.org/I169333911,Gdańsk University of Technology,education,PL,31846,1041108,2021,2026,10472,117826,"[{""cited_by_count"": 35013, ""works_count"": 1754, ""year"": 2021}, {""cited_by_count"": 30890, ""works_count"": 1854, ""year"": 2022}, {""cited_by_count"": 29050, ""works_count"": 1977, ""year"": 2023}, {""cited_by_count"": 17617, ""works_count"": 1991, ""year"": 2024}, {""cited_by_count"": 5045, ""works_count"": 1909, ""year"": 2025}, {""cited_by_count"": 211, ""works_count"": 987, ""year"": 2026}]"
101288599,SUSTAINCrop,889102292,UNIVERSIDAD SAN PABLO DE GUATEMALA,,false,HES,Guatemala,GT,GT,"14.64053895,-90.55373017196428",,2026-05-13 17:38:13,1995988,11,participant,37181.32,37181.32,0,false,,abstained,,,https://ror.org/044evsy53,Universidad San Pablo,0.7,0.75,0.03,Universidad San Pablo,ror_display,False,False,False,5,not_matched,,,,,,,2021,2026,,,[]
101248885,PRESERVE,892581488,FONDATION CONGOLAISE POUR LA RECHERCHE MEDICALE,,false,OTH,BRAZZAVILLE,CG,CG,"-0.7264327,15.6419155",,2026-05-19 17:53:16,1967607,2,participant,4375000.03,4375000.03,0,false,,matched,https://ror.org/023f4f524,Fondation Congolaise Pour La Recherche Médicale,https://ror.org/023f4f524,Fondation Congolaise Pour La Recherche Médicale,1.0,1.0,0.25,Fondation Congolaise Pour La Recherche Médicale,ror_display,True,True,True,5,joined,https://openalex.org/I4210103017,Fondation Congolaise Pour La Recherche Médicale,facility,CG,679,23549,2021,2026,387,4616,"[{""cited_by_count"": 1859, ""works_count"": 42, ""year"": 2021}, {""cited_by_count"": 1919, ""works_count"": 133, ""year"": 2022}, {""cited_by_count"": 411, ""works_count"": 54, ""year"": 2023}, {""cited_by_count"": 283, ""works_count"": 74, ""year"": 2024}, {""cited_by_count"": 126, ""works_count"": 47, ""year"": 2025}, {""cited_by_count"": 18, ""works_count"": 37, ""year"": 2026}]"
101289618,INTEGRED,869529147,ELTE KOZGAZDASAG- ES REGIONALIS TUDOMANYI KUTATOKOZPONT,ELTE KRTK,false,REC,Budapest,HU,HU110,"47.4736696,19.0744233",,2026-05-19 17:53:23,1994266,3,participant,135951.25,135951.25,0,false,,matched,https://ror.org/051ea1411,ELTE Centre for Economic and Regional Studies,https://ror.org/051ea1411,ELTE Centre for Economic and Regional Studies,1.0,1.0,0.219118,ELTE Közgazdaság- és Regionális Tudományi Kutatóközpont,label,True,True,True,5,joined,https://openalex.org/I4210155320,ELTE Centre for Economic and Regional Studies,facility,HU,2134,25362,2021,2026,1139,6078,"[{""cited_by_count"": 1918, ""works_count"": 170, ""year"": 2021}, {""cited_by_count"": 1712, ""works_count"": 219, ""year"": 2022}, {""cited_by_count"": 1284, ""works_count"": 201, ""year"": 2023}, {""cited_by_count"": 761, ""works_count"": 221, ""year"": 2024}, {""cited_by_count"": 365, ""works_count"": 217, ""year"": 2025}, {""cited_by_count"": 38, ""works_count"": 111, ""year"": 2026}]"
101290596,PACT,869529147,ELTE KOZGAZDASAG- ES REGIONALIS TUDOMANYI KUTATOKOZPONT,ELTE KRTK,false,REC,Budapest,HU,HU110,"47.4736696,19.0744233",,2026-05-19 17:54:02,1994266,9,participant,75000,75000,0,false,,matched,https://ror.org/051ea1411,ELTE Centre for Economic and Regional Studies,https://ror.org/051ea1411,ELTE Centre for Economic and Regional Studies,1.0,1.0,0.219118,ELTE Közgazdaság- és Regionális Tudományi Kutatóközpont,label,True,True,True,5,joined,https://openalex.org/I4210155320,ELTE Centre for Economic and Regional Studies,facility,HU,2134,25362,2021,2026,1139,6078,"[{""cited_by_count"": 1918, ""works_count"": 170, ""year"": 2021}, {""cited_by_count"": 1712, ""works_count"": 219, ""year"": 2022}, {""cited_by_count"": 1284, ""works_count"": 201, ""year"": 2023}, {""cited_by_count"": 761, ""works_count"": 221, ""year"": 2024}, {""cited_by_count"": 365, ""works_count"": 217, ""year"": 2025}, {""cited_by_count"": 38, ""works_count"": 111, ""year"": 2026}]"
101300127,OSIRIS-EU,868623555,Ancon Global LLC,Endovia Labs LLC,false,PRC,Aguadilla,PR,PR,"8.48191435,-74.28364106210539",,2026-05-19 18:09:08,1996215,19,associatedPartner,,0,0,false,,abstained,,,https://ror.org/05npt9421,Ancon (United Kingdom),0.45,0.5,0.1,Ancon (United Kingdom),ror_display,False,False,False,5,not_matched,,,,,,,2021,2026,,,[]
101248753,EpiScientia Network,914265547,RESEAU AFRICAIN DE RECHERCHE EN SANTE,IRESSEF,false,OTH,Dakar,SN,SN,"14.74054385,-17.333929041537314",,2026-05-20 12:42:57,1971774,8,participant,61906.23,61906.23,0,false,,abstained,,,https://ror.org/00krnv781,Réseau de Recherche en Santé Buccodentaire et Osseuse,0.490367,0.540367,0.0,Réseau de Recherche en Santé Buccodentaire et Osseuse,ror_display,False,False,False,5,not_matched,,,,,,,2021,2026,,,[]
101248753,EpiScientia Network,989707976,INSTITUT REGIONAL DE SANTE PUBLIQUE COMLAN ALFRED QUENUM DE OUIDAH,IRSP-CAQ,false,HES,OUIDAH,BJ,BJ,"6.3491969,2.0879392",,2026-05-20 12:42:57,1989859,6,participant,62571.88,62571.88,0,false,,matched,https://ror.org/03tbncn87,Institut Régional de Santé Publique,https://ror.org/03tbncn87,Institut Régional de Santé Publique,0.945,0.875,0.705086,Institut Régional de Santé Publique Comlan Alfred Quenum,alias,True,True,False,5,joined,https://openalex.org/I4405262524,Institut Régional de Santé Publique,government,BJ,0,0,2021,2026,0,0,[]
101248792,SINCEP-Africa,954303946,UNIVERSITE DES SCIENCES DES TECHNIQUES ET DES TECHNOLOGIES DE BAMAKO,USTTB,false,HES,Bamako,ML,ML,"12.649319,-8.000337",,2026-05-20 12:42:53,1956528,15,participant,674750,674750,0,false,,matched,https://ror.org/023rbaw78,"Université des Sciences, des Techniques et des Technologies de Bamako",https://ror.org/023rbaw78,"Université des Sciences, des Techniques et des Technologies de Bamako",1.0,1.0,0.521781,"Université des Sciences, des Techniques et des Technologies de Bamako",ror_display,True,True,True,5,joined,https://openalex.org/I4210112095,"Université des Sciences, des Techniques et des Technologies de Bamako",education,ML,3939,104906,2021,2026,2743,8600,"[{""cited_by_count"": 3049, ""works_count"": 371, ""year"": 2021}, {""cited_by_count"": 2458, ""works_count"": 460, ""year"": 2022}, {""cited_by_count"": 1501, ""works_count"": 580, ""year"": 2023}, {""cited_by_count"": 1069, ""works_count"": 556, ""year"": 2024}, {""cited_by_count"": 480, ""works_count"": 439, ""year"": 2025}, {""cited_by_count"": 43, ""works_count"": 337, ""year"": 2026}]"
101248792,SINCEP-Africa,954910390,FUNDACAO MANHICA,FM,false,REC,VILA DA MANHICA MAPUTO,MZ,MZ,"-25.9458524,32.569211",,2026-05-20 12:42:53,1970787,17,participant,674750,674750,0,false,,abstained,,,https://ror.org/047rnn627,Fundação Otorrinolaringologia,0.28541,0.33541,0.002253,Fundação Otorrinolaringologia,ror_display,False,False,False,5,not_matched,,,,,,,2021,2026,,,[]
101248792,SINCEP-Africa,954624434,UNIVERSITY OF GONDAR,GONDER UNIVERSITY UOG,false,HES,Gondar,ET,ET,"9.0143011,38.7518832",https://www.uog.edu.et,2026-05-20 12:42:53,2009879,7,participant,676500,676500,0,false,,matched,https://ror.org/0595gz585,University of Gondar,https://ror.org/0595gz585,University of Gondar,1.0,1.0,0.705548,University of Gondar,ror_display,True,False,True,5,joined,https://openalex.org/I8764889,University of Gondar,education,ET,18329,719378,2021,2026,11330,73930,"[{""cited_by_count"": 26206, ""works_count"": 1757, ""year"": 2021}, {""cited_by_count"": 18073, ""works_count"": 2091, ""year"": 2022}, {""cited_by_count"": 13393, ""works_count"": 1875, ""year"": 2023}, {""cited_by_count"": 10162, ""works_count"": 2442, ""year"": 2024}, {""cited_by_count"": 5887, ""works_count"": 2075, ""year"": 2025}, {""cited_by_count"": 209, ""works_count"": 1090, ""year"": 2026}]"
101248971,ACT-PREP,884016970,UNIVERSITY OF JUBA,,false,PUB,Juba,SS,SS,,,2026-05-22 10:52:02,1996260,14,associatedPartner,,0,0,false,,matched,https://ror.org/02f1kft51,University of Juba,https://ror.org/02f1kft51,University of Juba,1.0,1.0,0.141185,University of Juba,ror_display,True,True,True,5,joined,https://openalex.org/I192929712,University of Juba,education,SS,1708,19478,2021,2026,1154,3895,"[{""cited_by_count"": 692, ""works_count"": 125, ""year"": 2021}, {""cited_by_count"": 2407, ""works_count"": 120, ""year"": 2022}, {""cited_by_count"": 273, ""works_count"": 121, ""year"": 2023}, {""cited_by_count"": 350, ""works_count"": 174, ""year"": 2024}, {""cited_by_count"": 163, ""works_count"": 229, ""year"": 2025}, {""cited_by_count"": 10, ""works_count"": 385, ""year"": 2026}]"
101289659,AKIS4FNSSA,998296065,"FORUM FOR AGRICULTURAL RESEARCH IN AFRICA, GHANA",FARA,false,OTH,ACCRA,GH,GH,"5.6052829,-0.2023283",http://www.fara-africa.org,2026-05-21 18:40:04,2130273,4,participant,592359.48,592359.48,0,false,,matched,https://ror.org/03prz6j20,Forum for Agricultural Research in Africa,https://ror.org/03prz6j20,Forum for Agricultural Research in Africa,0.87,0.8,0.52,Forum for Agricultural Research in Africa,ror_display,True,True,False,5,joined,https://openalex.org/I4405260402,Forum for Agricultural Research in Africa,nonprofit,GH,0,0,2021,2026,0,0,[]
101290497,COCO-AI,869711216,iNGR Inc.,iNGR Inc.,true,PRC,Andong-si,KR,KR,,,2026-05-22 11:11:45,1996319,6,participant,471800,471800,674000,false,,matched,https://ror.org/05jv9bv25,"iNGR, Inc. (South Korea)",https://ror.org/05jv9bv25,"iNGR, Inc. (South Korea)",1.0,1.0,0.192857,iNGR,alias,True,False,True,5,joined,https://openalex.org/I4405261612,"iNGR, Inc. (South Korea)",company,KR,0,0,2021,2026,0,0,[]
101291488,m-CONNECT,869855261,"Ministry of Fisheries, Oceans and Maritime Affairs",Government,false,PUB,PORT VILA,VU,VU,,,2026-05-26 13:20:09,1996343,19,participant,127587.5,127587.5,0,false,,abstained,,,https://ror.org/00c5s4a53,Ministry of Oceans and Fisheries,0.55,0.6,0.109495,Ministry of Oceans and Fisheries,ror_display,False,False,False,5,not_matched,,,,,,,2021,2026,,,[]
101291488,m-CONNECT,870177010,FUNDACAO PUSAT SEGITIGA KARANG,Coral Triangle Center,true,OTH,DILI,TL,TL,,,2026-05-26 13:20:09,1996339,4,participant,1159405.88,1159405.88,0,false,,abstained,,,https://ror.org/003c2h870,Fundação Zerbini,0.117705,0.167705,0.0,Fundação Zerbini,ror_display,False,False,False,5,not_matched,,,,,,,2021,2026,,,[]
101291488,m-CONNECT,900285519,SOLOMON ISLANDS NATIONAL UNIVERSITY,,false,HES,Honiara,SB,SB,"-9.429742000000001,160.04947902825444",,2026-05-26 13:20:09,1962185,12,participant,140850,140850,0,false,,matched,https://ror.org/050dyr068,Solomon Islands National University,https://ror.org/050dyr068,Solomon Islands National University,1.0,1.0,0.395328,Solomon Islands National University,ror_display,True,True,True,5,joined,https://openalex.org/I4399657949,Solomon Islands National University,education,,107,1597,2021,2026,63,377,"[{""cited_by_count"": 158, ""works_count"": 13, ""year"": 2021}, {""cited_by_count"": 28, ""works_count"": 9, ""year"": 2022}, {""cited_by_count"": 89, ""works_count"": 14, ""year"": 2023}, {""cited_by_count"": 95, ""works_count"": 14, ""year"": 2024}, {""cited_by_count"": 7, ""works_count"": 8, ""year"": 2025}, {""cited_by_count"": 0, ""works_count"": 5, ""year"": 2026}]"
101248989,EACCR4,877765708,NATIONAL INSTITUTE OF HEALTH OF SOMALIA,NATIONAL INSTITUTE OF HEALTH OF SOMALIA,false,REC,MOGADISHU,SO,SO,,,2026-05-26 17:15:36,1996358,20,participant,306375,306375,0,false,,matched,https://ror.org/03sz0wa77,National Institute of Health Somalia,https://ror.org/03sz0wa77,National Institute of Health Somalia,1.0,1.0,0.3,National Institute of Health Somalia,ror_display,True,True,False,5,joined,https://openalex.org/I4405266554,National Institute of Health Somalia,government,SO,0,0,2021,2026,0,0,[]
101248862,The PHM Hub,914265547,RESEAU AFRICAIN DE RECHERCHE EN SANTE,IRESSEF,false,OTH,Dakar,SN,SN,"14.74054385,-17.333929041537314",,2026-05-28 14:21:50,1971774,2,participant,552385.01,552385.01,0,false,,abstained,,,https://ror.org/00krnv781,Réseau de Recherche en Santé Buccodentaire et Osseuse,0.490367,0.540367,0.0,Réseau de Recherche en Santé Buccodentaire et Osseuse,ror_display,False,False,False,5,not_matched,,,,,,,2021,2026,,,[]
101286492,RAMP,951943354,CENTRE DU NICKEL RECHERCHE TECHNOLOGIE ENVIRONNEMENT COMPETITIVITE,CNRTEC,false,REC,NOUMEA,NC,NC,"-22.30092673092465,166.44428487803492",https://www.cnrt.nc,2026-06-17 15:02:31,2210061,29,participant,264308,264308,881027,false,,abstained,,,https://ror.org/026ey8z81,Environmental Research Center,0.404545,0.454545,0.120033,Centre de Recherche en Environnement,label,False,False,False,5,not_matched,,,,,,,2021,2026,,,[]
101287413,TRACE,896083479,Yazda Al Iraq Organization,Yazda,false,OTH,Duhok,IQ,IQ,"37.042257,43.0953954",,2026-05-29 16:16:02,1996654,12,participant,152690.98,152690.98,0,false,,abstained,,,https://ror.org/00sjx7d61,Vencore (United States),0.208065,0.258065,0.033898,"The SI Organization, Inc.",alias,False,False,False,5,not_matched,,,,,,,2021,2026,,,[]
101288450,CONNECT4HEALTH,907221892,NEPAL DEVELOPMENT SOCIETY,,true,OTH,BHARATPUR,NP,NP,,,2026-05-29 16:16:59,1996690,8,participant,546427.5,546427.5,"546427,5",false,,abstained,,,https://ror.org/04spag226,Perinatal Society of Nepal,0.451013,0.431013,0.00143,Perinatal Society of Nepal,ror_display,True,False,False,5,not_matched,,,,,,,2021,2026,,,[]
101294308,ROWER,999873673,UNIVERSITY OF CANTERBURY,,false,HES,CHRISTCHURCH,NZ,NZ,"-43.530955,172.6366455",https://www.canterbury.ac.nz,2026-05-29 15:47:32,2125705,29,participant,487582,487582,487582,false,,matched,https://ror.org/03y7q9t39,University of Canterbury,https://ror.org/03y7q9t39,University of Canterbury,1.0,1.0,0.182303,University of Canterbury,ror_display,True,True,True,5,joined,https://openalex.org/I185492890,University of Canterbury,education,NZ,52961,2572887,2021,2026,13703,115263,"[{""cited_by_count"": 43840, ""works_count"": 2350, ""year"": 2021}, {""cited_by_count"": 29904, ""works_count"": 2318, ""year"": 2022}, {""cited_by_count"": 22917, ""works_count"": 2498, ""year"": 2023}, {""cited_by_count"": 12783, ""works_count"": 2504, ""year"": 2024}, {""cited_by_count"": 5303, ""works_count"": 2632, ""year"": 2025}, {""cited_by_count"": 516, ""works_count"": 1401, ""year"": 2026}]"
101295747,CLIMEQUITY,975344216,UNIVERSITI TEKNOLOGI MARA (UiTM),UiTM,false,HES,SHAH ALAM SELANGOR,MY,MY,"3.0739429,101.5185278",https://www.utm.my,2026-05-29 15:49:30,1914284,4,participant,417687.5,417687.5,0,false,,matched,https://ror.org/05n8tts92,Universiti Teknologi MARA,https://ror.org/05n8tts92,Universiti Teknologi MARA,1.0,1.0,0.456108,Universiti Teknologi MARA,ror_display,True,False,True,5,joined,https://openalex.org/I82724352,Universiti Teknologi MARA,education,MY,78120,1376715,2021,2026,42208,157957,"[{""cited_by_count"": 49404, ""works_count"": 5925, ""year"": 2021}, {""cited_by_count"": 48216, ""works_count"": 7444, ""year"": 2022}, {""cited_by_count"": 33361, ""works_count"": 9059, ""year"": 2023}, {""cited_by_count"": 19964, ""works_count"": 8499, ""year"": 2024}, {""cited_by_count"": 6715, ""works_count"": 7902, ""year"": 2025}, {""cited_by_count"": 297, ""works_count"": 3379, ""year"": 2026}]"
101295747,CLIMEQUITY,924110271,UNIVERSITY OF SIERRA LEONE,,false,HES,FREETOWN,SL,SL,"8.479004,-13.26795",,2026-05-29 15:49:30,1951791,5,participant,198625,198625,0,false,,matched,https://ror.org/045rztm55,University of Sierra Leone,https://ror.org/045rztm55,University of Sierra Leone,1.0,1.0,0.093718,University of Sierra Leone,ror_display,True,True,True,5,joined,https://openalex.org/I182377803,University of Sierra Leone,education,SL,3631,150250,2021,2026,2113,12068,"[{""cited_by_count"": 3967, ""works_count"": 269, ""year"": 2021}, {""cited_by_count"": 3615, ""works_count"": 333, ""year"": 2022}, {""cited_by_count"": 1711, ""works_count"": 417, ""year"": 2023}, {""cited_by_count"": 1037, ""works_count"": 436, ""year"": 2024}, {""cited_by_count"": 1707, ""works_count"": 375, ""year"": 2025}, {""cited_by_count"": 31, ""works_count"": 283, ""year"": 2026}]"
101296119,SEADEEP,907785074,DANISH SALMON AS,,false,PRC,Hirtshals,DK,DK050,"57.587923,9.98878",,2026-05-29 15:49:55,1953375,13,participant,19687.5,19687.5,28125,false,,abstained,,,https://ror.org/004hn8266,Danish National Police,0.311034,0.291034,0.0,Danish National Police,ror_display,True,False,False,5,not_matched,,,,,,,2021,2026,,,[]
101296180,CAPA,998883012,AFRICAN CENTRE OF METEOROLOGICAL APPLICATION DEVELOPMENT,ACMAD CAAM,false,REC,Niamey,NE,NE,"13.5160571,2.1044221",http://www.acmad.ne,2026-05-29 16:16:56,2113892,6,participant,332912.5,332912.5,"332912,5",false,,abstained,,,https://ror.org/03777v328,African Center of Meteorological Application for Development,0.771627,0.701627,0.396114,African Center of Meteorological Application for Development,ror_display,True,True,False,5,not_matched,,,,,,,2021,2026,,,[]
101296958,SOILCHAINS,998296065,"FORUM FOR AGRICULTURAL RESEARCH IN AFRICA, GHANA",FARA,false,OTH,ACCRA,GH,GH,"5.6052829,-0.2023283",http://www.fara-africa.org,2026-05-29 16:16:58,2130273,7,participant,392468.75,392468.75,"392468,75",false,,matched,https://ror.org/03prz6j20,Forum for Agricultural Research in Africa,https://ror.org/03prz6j20,Forum for Agricultural Research in Africa,0.87,0.8,0.52,Forum for Agricultural Research in Africa,ror_display,True,True,False,5,joined,https://openalex.org/I4405260402,Forum for Agricultural Research in Africa,nonprofit,GH,0,0,2021,2026,0,0,[]
101300062,DiagMDS,878057775,COMPANY FOR RESEARCH AND DEVELOPMENT FINGERPRINT DIAGNOSTICS LLC SKOPJE,Fingerprint Diagnostics,true,PRC,SKOPJE,MK,MK008,"42.00266645000001,21.411360352575844",,2026-05-27 12:56:26,1996662,7,participant,110220,110220,0,false,,abstained,,,https://ror.org/01647qt90,Genoscience Pharma (France),0.378571,0.428571,0.164835,Research and Development Company,alias,False,False,False,5,not_matched,,,,,,,2021,2026,,,[]
101248912,MAGNETS,954910390,FUNDACAO MANHICA,FM,false,REC,VILA DA MANHICA MAPUTO,MZ,MZ,"-25.9458524,32.569211",,2026-06-01 14:11:48,1970787,2,participant,401610.99,401610.99,0,false,,abstained,,,https://ror.org/047rnn627,Fundação Otorrinolaringologia,0.28541,0.33541,0.002253,Fundação Otorrinolaringologia,ror_display,False,False,False,5,not_matched,,,,,,,2021,2026,,,[]
101248912,MAGNETS,997899432,WITS HEALTH CONSORTIUM (PTY) LTD,WHC,false,PRC,Johannesburg,ZA,ZA,"-26.205,28.049722",https://www.witshealth.co.za,2026-06-01 14:11:48,1935497,5,participant,202065.11,202065.11,0,false,,matched,https://ror.org/02a496f07,Witshealth Consortium (Pty) Ltd. (South Africa),https://ror.org/02a496f07,Witshealth Consortium (Pty) Ltd. (South Africa),1.0,1.0,0.545698,Wits Health Consortium,alias,True,True,True,5,joined,https://openalex.org/I4405267342,Witshealth Consortium (Pty) Ltd. (South Africa),company,ZA,0,0,2021,2026,0,0,[]
101295248,SYNCHRONY,999873673,UNIVERSITY OF CANTERBURY,,false,HES,CHRISTCHURCH,NZ,NZ,"-43.530955,172.6366455",https://www.canterbury.ac.nz,2026-06-01 14:11:48,2125705,21,participant,83996.25,83996.25,"83996,25",false,,matched,https://ror.org/03y7q9t39,University of Canterbury,https://ror.org/03y7q9t39,University of Canterbury,1.0,1.0,0.182303,University of Canterbury,ror_display,True,True,True,5,joined,https://openalex.org/I185492890,University of Canterbury,education,NZ,52961,2572887,2021,2026,13703,115263,"[{""cited_by_count"": 43840, ""works_count"": 2350, ""year"": 2021}, {""cited_by_count"": 29904, ""works_count"": 2318, ""year"": 2022}, {""cited_by_count"": 22917, ""works_count"": 2498, ""year"": 2023}, {""cited_by_count"": 12783, ""works_count"": 2504, ""year"": 2024}, {""cited_by_count"": 5303, ""works_count"": 2632, ""year"": 2025}, {""cited_by_count"": 516, ""works_count"": 1401, ""year"": 2026}]"
101249028,ANTENNA,914265547,RESEAU AFRICAIN DE RECHERCHE EN SANTE,IRESSEF,false,OTH,Dakar,SN,SN,"14.74054385,-17.333929041537314",,2026-06-05 11:26:02,1971774,7,participant,141401.61,141401.61,0,false,,abstained,,,https://ror.org/00krnv781,Réseau de Recherche en Santé Buccodentaire et Osseuse,0.490367,0.540367,0.0,Réseau de Recherche en Santé Buccodentaire et Osseuse,ror_display,False,False,False,5,not_matched,,,,,,,2021,2026,,,[]
101249028,ANTENNA,912093038,JOINT CLINICAL RESEARCH CENTRE,JOINT CLINICAL RESEARCH CENTRE,false,REC,KAMPALA,UG,UG,"0.3177137,32.5813539",,2026-06-05 11:26:02,1987461,11,participant,14257.25,14257.25,0,false,,matched,https://ror.org/05gm41t98,Joint Clinical Research Centre,https://ror.org/05gm41t98,Joint Clinical Research Centre,1.0,1.0,0.3,Joint Clinical Research Centre,ror_display,True,True,True,5,joined,https://openalex.org/I4210164031,Joint Clinical Research Centre,nonprofit,UG,1050,58483,2021,2026,481,3008,"[{""cited_by_count"": 1311, ""works_count"": 56, ""year"": 2021}, {""cited_by_count"": 820, ""works_count"": 86, ""year"": 2022}, {""cited_by_count"": 300, ""works_count"": 85, ""year"": 2023}, {""cited_by_count"": 405, ""works_count"": 92, ""year"": 2024}, {""cited_by_count"": 159, ""works_count"": 99, ""year"": 2025}, {""cited_by_count"": 13, ""works_count"": 63, ""year"": 2026}]"
101249135,DENSTAR,872493370,PANACEA BIOTEC LIMITED,Panacea Biotec,false,PRC,LALRU,IN,IN,,,2026-06-03 11:16:03,1996759,10,associatedPartner,,0,0,false,,abstained,,,https://ror.org/01ew11x49,Panacea Biotec (India),0.686667,0.666667,0.253052,Panacea Biotec (India),ror_display,True,False,False,5,not_matched,,,,,,,2021,2026,,,[]
101296478,POSEIDON,879319551,MALDIVES SPACE RESEARCH ORGANISATION,MSRO,false,REC,MALE,MV,MV,"4.173059398786766,73.5169499871787",,2026-06-05 11:26:04,1990257,4,participant,499335.39,499335.39,0,false,,abstained,,,https://ror.org/00cwrns71,Indian Space Research Organisation,0.550339,0.600339,0.019058,Indian Space Research Organisation,ror_display,False,False,False,5,not_matched,,,,,,,2021,2026,,,[]
101295797,Beyond ArcticPASSION,878486127,ICC-GRONLAND,ICC-GREENLAND,false,OTH,NUUK,GL,GL,"64.1766835,-51.7359356",,2026-06-05 11:26:03,1996936,5,participant,428000,428000,428000,false,,abstained,,,https://ror.org/00mcjxw34,Itawamba Community College,0.45,0.5,0.0,ICC,acronym,False,False,False,5,not_matched,,,,,,,2021,2026,,,[]
101295797,Beyond ArcticPASSION,998297908,GRONLANDS NATURINSTITUT,,false,REC,Nuuk,GL,GL,"64.1905067,-51.6952546940986",,2026-06-05 11:26:03,1916692,16,participant,187031.25,187031.25,"187031,25",false,,abstained,,,https://ror.org/0342y5q78,Grønlands Naturinstitut,0.445236,0.375236,0.445236,Grønlands Naturinstitut,ror_display,True,True,False,5,not_matched,,,,,,,2021,2026,,,[]
101299867,FRAGILE,869541466,Environment Society of Oman,Environment Society of Oman,false,REC,Muscat,OM,OM,"23.5882019,58.3829448",,2026-06-05 11:26:19,1996923,9,associatedPartner,,0,0,false,,abstained,,,https://ror.org/0256r1e04,"Environnement, ville, société",0.461201,0.511201,0.033339,"Environment, City, Society",label,False,False,False,5,not_matched,,,,,,,2021,2026,,,[]
101299867,FRAGILE,870107558,Enviromental protection Authority,,false,PUB,Aden,YE,YE,"12.8115167,45.0360071",,2026-06-05 11:26:19,1996924,12,associatedPartner,,0,0,false,,abstained,,,https://ror.org/01238z614,Environmental Protection Authority,0.935075,0.985075,0.031228,Environmental Protection Authority,ror_display,False,False,False,5,not_matched,,,,,,,2021,2026,,,[]
101263875,SPESAR,869478416,Perusahaan Umum Lembaga Penyelenggara Pelayanan Navigasi Penerbangan Indonesia,AirNav Indonesia,false,PUB,"Tangerang, Banten",ID,ID,,,2026-06-03 13:13:17,1996803,16,associatedPartner,,0,0,false,,abstained,,,https://ror.org/02nqj9492,Politeknik Penerbangan Indonesia Curug,0.20547,0.18547,0.017765,Akademi Penerbangan Indonesia,alias,True,False,False,5,not_matched,,,,,,,2021,2026,,,[]
101287679,TWIN-X,953383028,INSTITUT ZA ONKOLOGIJU VOJVODINE-ONCOLOGY INSTITUTE OF VOJVODINA IOV,IOV,false,REC,Sremska Kamenica,RS,RS123,"45.2178334,19.856249494759894",http://www.onk.ns.ac.rs,2026-06-22 12:15:24,1941472,6,participant,309125,309125,309125,false,,abstained,,,https://ror.org/0194xa029,Oncology Institute of Vojvodina,0.734286,0.714286,0.33096,Institut za onkologiju Vojvodine,alias,True,False,False,5,not_matched,,,,,,,2021,2026,,,[]
101287826,ComBaScale,869963610,SOLIDARMED (LESOTHO),,false,REC,MASERU,LS,LS,,,2026-06-05 11:26:26,1996929,5,participant,1391250,1391250,1391250,false,,abstained,,,https://ror.org/01gnzna90,SolidarMed,0.95,1.0,0.95,SolidarMed,ror_display,False,False,True,5,not_matched,,,,,,,2021,2026,,,[]
101287826,ComBaScale,885353145,MINISTRY OF HEALTH LESOTHO,Ministry of Health,false,PUB,Maseru,LS,LS,"-29.31189015,27.479882511867103",,2026-06-05 11:26:26,1982588,3,participant,158750,158750,158750,false,,abstained,,,https://ror.org/04yadxf37,Ministry of Health,0.736667,0.666667,0.12,Ministry of Health,ror_display,True,True,False,5,not_matched,,,,,,,2021,2026,,,[]
101294371,INSOKA,867226755,Kobaloni Energy Zambia Limited,,true,PRC,Lusaka,ZM,ZM,"-15.357609,29.1653092",,2026-06-05 11:29:41,1997008,11,participant,52500,52500,75000,false,,abstained,,,https://ror.org/0011vmg97,Information and Communications University,0.237705,0.167705,0.0,ICU Zambia,alias,True,True,False,5,not_matched,,,,,,,2021,2026,,,[]
101249073,MTBVAC-AVANTE,997899432,WITS HEALTH CONSORTIUM (PTY) LTD,WHC,false,PRC,Johannesburg,ZA,ZA,"-26.205,28.049722",https://www.witshealth.co.za,2026-06-09 11:20:09,1935497,10,participant,0,0,"1465117,65",false,,matched,https://ror.org/02a496f07,Witshealth Consortium (Pty) Ltd. (South Africa),https://ror.org/02a496f07,Witshealth Consortium (Pty) Ltd. (South Africa),1.0,1.0,0.545698,Wits Health Consortium,alias,True,True,True,5,joined,https://openalex.org/I4405267342,Witshealth Consortium (Pty) Ltd. (South Africa),company,ZA,0,0,2021,2026,0,0,[]
101299291,GWCats,938932065,Seoul National University of Science and Technology,Seoul Tech,false,PUB,Seoul,KR,KR,,,2026-06-11 19:04:02,1997042,17,associatedPartner,,0,0,false,,matched,https://ror.org/00chfja07,Seoul National University of Science and Technology,https://ror.org/00chfja07,Seoul National University of Science and Technology,1.0,1.0,0.25,Seoul National University of Science and Technology,ror_display,True,True,True,5,joined,https://openalex.org/I118373667,Seoul National University of Science and Technology,education,KR,17738,645963,2021,2026,7637,65575,"[{""cited_by_count"": 21188, ""works_count"": 1031, ""year"": 2021}, {""cited_by_count"": 15706, ""works_count"": 1139, ""year"": 2022}, {""cited_by_count"": 13878, ""works_count"": 1302, ""year"": 2023}, {""cited_by_count"": 10535, ""works_count"": 1499, ""year"": 2024}, {""cited_by_count"": 4116, ""works_count"": 1710, ""year"": 2025}, {""cited_by_count"": 152, ""works_count"": 956, ""year"": 2026}]"
101305566,CURA-KNOW,907773531,STICHTING SECRETARIAAT CURACAOS INFORMATICA STIMULERINGSPLAN,,false,OTH,WILLEMSTAD,CW,CW,,,2026-06-09 01:57:01,1997048,1,coordinator,66725,66725,0,false,,abstained,,,https://ror.org/006pcz623,Informatica (South Korea),0.15,0.2,0.065836,Informatica (South Korea),ror_display,False,False,False,5,not_matched,,,,,,,2021,2026,,,[]
101305566,CURA-KNOW,870848735,CURACAO OUTDOOR INDUSTRY ALLIANCE FOUNDATION,COIA FOUNDATION,false,OTH,WILLEMSTAD,CW,CW,,,2026-06-09 01:57:01,1997050,3,participant,48975,48975,0,false,,abstained,,,https://ror.org/05awgkk91,AO Alliance Foundation,0.320732,0.370732,0.070982,AO Alliance Foundation,ror_display,False,False,False,5,not_matched,,,,,,,2021,2026,,,[]
101286483,SeaStrong,997324028,UNIVERSITY OF THE SOUTH PACIFIC,USP,false,HES,Suva,FJ,FJ,"-18.1493051,178.45316212915193",https://www.usp.ac.fj,2026-05-19 08:49:59,1948564,13,participant,237000.22,237000.22,0,false,,matched,https://ror.org/008stv805,University of the South Pacific,https://ror.org/008stv805,University of the South Pacific,1.0,1.0,0.145786,University of the South Pacific,ror_display,True,True,True,5,joined,https://openalex.org/I44666525,University of the South Pacific,education,FJ,6144,203170,2021,2026,2099,21011,"[{""cited_by_count"": 8515, ""works_count"": 412, ""year"": 2021}, {""cited_by_count"": 5801, ""works_count"": 414, ""year"": 2022}, {""cited_by_count"": 3923, ""works_count"": 450, ""year"": 2023}, {""cited_by_count"": 2032, ""works_count"": 321, ""year"": 2024}, {""cited_by_count"": 700, ""works_count"": 312, ""year"": 2025}, {""cited_by_count"": 40, ""works_count"": 190, ""year"": 2026}]"
101286483,SeaStrong,892657536,TOLEDO INSTITUTE FOR DEVELOPMENT AND THE ENVIRONMENT,TIDE,false,OTH,Punta Gorda,BZ,BZ,,,2026-05-19 08:49:59,1997067,11,participant,150093.75,150093.75,0,false,,abstained,,,https://ror.org/02srvn192,International Institute for Environment and Development,0.547948,0.597948,0.044923,International Institute for Environment and Development,ror_display,False,False,False,5,not_matched,,,,,,,2021,2026,,,[]
101286483,SeaStrong,870149753,SEYCHELLES ISLANDS FOUNDATION,,false,REC,VICTORIA,SC,SC,,,2026-05-19 08:49:59,1997069,14,participant,149968.75,149968.75,0,false,,abstained,,,https://ror.org/01e32p682,Island Resources Foundation,0.404508,0.454508,0.009535,Island Resources Foundation,ror_display,False,False,False,5,not_matched,,,,,,,2021,2026,,,[]
101286483,SeaStrong,869372783,HEALTHY REEFS FOR HEALTHY PEOPLE BELIZE LTD,Healthy Reefs for Healthy People,true,OTH,LORD'S BANK,BZ,BZ,,,2026-05-19 08:49:59,1997066,10,participant,148218.75,148218.75,0,false,,abstained,,,https://ror.org/05pysk134,Health Action by People,0.395129,0.445129,0.095888,Health Action by People,ror_display,False,False,False,5,not_matched,,,,,,,2021,2026,,,[]
101286483,SeaStrong,870677142,Walks and Trails Fiji Pte Ltd,WALKS AND TRAILS,true,PRC,Suva,FJ,FJ,,,2026-05-19 08:49:59,1997068,12,participant,82700,82700,0,false,,abstained,,,https://ror.org/05pgctg85,Fiji Museum,0.237705,0.167705,0.037705,Fiji Museum,ror_display,True,True,False,5,not_matched,,,,,,,2021,2026,,,[]
101289307,ELI-ALL,986399112,NATIONAL INSTITUTE FOR ENVIRONMENTAL STUDIES,NIES,false,REC,Tsukuba,JP,JP,"36.0833877,140.0765098",https://www.nies.go.jp,2026-06-11 20:28:02,2158210,17,associatedPartner,,0,0,false,,matched,https://ror.org/02hw5fp67,National Institute for Environmental Studies,https://ror.org/02hw5fp67,National Institute for Environmental Studies,1.0,1.0,0.365509,National Institute for Environmental Studies,ror_display,True,True,True,5,joined,https://openalex.org/I200202764,National Institute for Environmental Studies,education,JP,21583,1561945,2021,2026,5656,60825,"[{""cited_by_count"": 24744, ""works_count"": 1066, ""year"": 2021}, {""cited_by_count"": 16433, ""works_count"": 953, ""year"": 2022}, {""cited_by_count"": 11370, ""works_count"": 1062, ""year"": 2023}, {""cited_by_count"": 5436, ""works_count"": 978, ""year"": 2024}, {""cited_by_count"": 2708, ""works_count"": 1026, ""year"": 2025}, {""cited_by_count"": 134, ""works_count"": 571, ""year"": 2026}]"
101289501,Together4MH,949666473,HAMEEN AMMATTIKORKEAKOULU OY,HAME UNIVERSITY OF APPLIED SCIENCE LTD,false,HES,HAMEENLINNA,FI,FI1C2,"60.9770589,24.478227950678242",https://www.hamk.fi,2026-06-11 20:30:16,2537489,4,participant,501125,501125,0,false,,matched,https://ror.org/01eg9n443,Häme University of Applied Sciences,https://ror.org/01eg9n443,Häme University of Applied Sciences,1.0,1.0,0.624717,Hämeen ammattikorkeakoulu,label,True,True,True,5,joined,https://openalex.org/I4210105644,Häme University of Applied Sciences,education,FI,1963,28742,2021,2026,974,3591,"[{""cited_by_count"": 1175, ""works_count"": 126, ""year"": 2021}, {""cited_by_count"": 1034, ""works_count"": 137, ""year"": 2022}, {""cited_by_count"": 557, ""works_count"": 130, ""year"": 2023}, {""cited_by_count"": 593, ""works_count"": 203, ""year"": 2024}, {""cited_by_count"": 215, ""works_count"": 244, ""year"": 2025}, {""cited_by_count"": 17, ""works_count"": 134, ""year"": 2026}]"
101274933,LYCORNE,888913045,OBIZCO,,false,PRC,Capellen,LU,LU000,,,2026-06-11 20:40:03,1997227,19,associatedPartner,,0,0,false,,abstained,,,https://ror.org/003f1a217,Bizconline (China),0.0,0.0,0.0,Bizconline (China),ror_display,False,False,False,5,not_matched,,,,,,,2021,2026,,,[]
101289562,SPIDR,875564875,EVROPEYSKI INSTITUT PO ZDRAVEOPAZVANE,EUROPEAN HEALTH INSTITUTE ASSOCIATION,false,REC,SOFIA,BG,BG411,,,2026-06-12 12:44:30,1997246,8,participant,592937,592937,"592937,5",false,,abstained,,,https://ror.org/01x4t9w70,Institute Po Zavaryavane (Bulgaria),0.293606,0.223606,0.089106,Institute Po Zavaryavane (Bulgaria),ror_display,True,True,False,5,not_matched,,,,,,,2021,2026,,,[]
101249114,TIMERA,914265547,RESEAU AFRICAIN DE RECHERCHE EN SANTE,IRESSEF,false,OTH,Dakar,SN,SN,"14.74054385,-17.333929041537314",,2026-06-12 13:45:11,1971774,4,participant,200511.25,200511.25,0,false,,abstained,,,https://ror.org/00krnv781,Réseau de Recherche en Santé Buccodentaire et Osseuse,0.490367,0.540367,0.0,Réseau de Recherche en Santé Buccodentaire et Osseuse,ror_display,False,False,False,5,not_matched,,,,,,,2021,2026,,,[]
101248831,WANETAM-4,914265547,RESEAU AFRICAIN DE RECHERCHE EN SANTE,IRESSEF,false,OTH,Dakar,SN,SN,"14.74054385,-17.333929041537314",,2026-06-15 16:26:03,1971774,2,participant,663084.51,663084.51,0,false,,abstained,,,https://ror.org/00krnv781,Réseau de Recherche en Santé Buccodentaire et Osseuse,0.490367,0.540367,0.0,Réseau de Recherche en Santé Buccodentaire et Osseuse,ror_display,False,False,False,5,not_matched,,,,,,,2021,2026,,,[]
101248831,WANETAM-4,954303946,UNIVERSITE DES SCIENCES DES TECHNIQUES ET DES TECHNOLOGIES DE BAMAKO,USTTB,false,HES,Bamako,ML,ML,"12.649319,-8.000337",,2026-06-15 16:26:03,1956528,5,participant,853328.34,853328.34,0,false,,matched,https://ror.org/023rbaw78,"Université des Sciences, des Techniques et des Technologies de Bamako",https://ror.org/023rbaw78,"Université des Sciences, des Techniques et des Technologies de Bamako",1.0,1.0,0.521781,"Université des Sciences, des Techniques et des Technologies de Bamako",ror_display,True,True,True,5,joined,https://openalex.org/I4210112095,"Université des Sciences, des Techniques et des Technologies de Bamako",education,ML,3939,104906,2021,2026,2743,8600,"[{""cited_by_count"": 3049, ""works_count"": 371, ""year"": 2021}, {""cited_by_count"": 2458, ""works_count"": 460, ""year"": 2022}, {""cited_by_count"": 1501, ""works_count"": 580, ""year"": 2023}, {""cited_by_count"": 1069, ""works_count"": 556, ""year"": 2024}, {""cited_by_count"": 480, ""works_count"": 439, ""year"": 2025}, {""cited_by_count"": 43, ""works_count"": 337, ""year"": 2026}]"
101313640,ASCENT,999588784,POLITECHNIKA GDANSKA,GDANSK UNIVERSITY OF TECHNOLOGY,false,HES,GDANSK,PL,PL633,"54.3482259,18.6542888",http://www.pg.gda.pl,2026-06-15 15:11:04,1909285,8,associatedPartner,,0,0,false,,matched,https://ror.org/006x4sc24,Gdańsk University of Technology,https://ror.org/006x4sc24,Gdańsk University of Technology,1.0,1.0,0.638002,Politechnika Gdańska,label,True,True,True,5,joined,https://openalex.org/I169333911,Gdańsk University of Technology,education,PL,31846,1041108,2021,2026,10472,117826,"[{""cited_by_count"": 35013, ""works_count"": 1754, ""year"": 2021}, {""cited_by_count"": 30890, ""works_count"": 1854, ""year"": 2022}, {""cited_by_count"": 29050, ""works_count"": 1977, ""year"": 2023}, {""cited_by_count"": 17617, ""works_count"": 1991, ""year"": 2024}, {""cited_by_count"": 5045, ""works_count"": 1909, ""year"": 2025}, {""cited_by_count"": 211, ""works_count"": 987, ""year"": 2026}]"
101249031,IDM-Africa,954303946,UNIVERSITE DES SCIENCES DES TECHNIQUES ET DES TECHNOLOGIES DE BAMAKO,USTTB,false,HES,Bamako,ML,ML,"12.649319,-8.000337",,2026-06-17 15:02:31,1956528,3,participant,301813.77,301813.77,0,false,,matched,https://ror.org/023rbaw78,"Université des Sciences, des Techniques et des Technologies de Bamako",https://ror.org/023rbaw78,"Université des Sciences, des Techniques et des Technologies de Bamako",1.0,1.0,0.521781,"Université des Sciences, des Techniques et des Technologies de Bamako",ror_display,True,True,True,5,joined,https://openalex.org/I4210112095,"Université des Sciences, des Techniques et des Technologies de Bamako",education,ML,3939,104906,2021,2026,2743,8600,"[{""cited_by_count"": 3049, ""works_count"": 371, ""year"": 2021}, {""cited_by_count"": 2458, ""works_count"": 460, ""year"": 2022}, {""cited_by_count"": 1501, ""works_count"": 580, ""year"": 2023}, {""cited_by_count"": 1069, ""works_count"": 556, ""year"": 2024}, {""cited_by_count"": 480, ""works_count"": 439, ""year"": 2025}, {""cited_by_count"": 43, ""works_count"": 337, ""year"": 2026}]"
101310669,MultiLAwa,888579171,Ministère de la Culture-Délégation générale à la langue française et aux langues de France,,false,PUB,Paris,FR,FR101,,,2026-06-23 10:58:03,1997585,21,associatedPartner,,0,0,false,,abstained,,,https://ror.org/03ng6qj84,"DILTEC - Didactique des langues, des textes et des cultures",0.293606,0.223606,0.0,"Didactique des Langues, des Textes et des Cultures",label,True,True,False,5,not_matched,,,,,,,2021,2026,,,[]
101312573,SIROCCO,870373532,LIMITED LIABILITY COMPANY SIROCCO ENERGY,SIROCCO ENERGY,true,PRC,LVIV,UA,UA,,,2026-06-22 19:36:53,1997574,1,coordinator,498452.5,498452.5,0,false,,abstained,,,https://ror.org/02xc7et08,Limited Liability Company Kiev International Forensic Expert Institute Of Psychological Expertise And Researchs On Polygraph (Ukraine),0.335789,0.315789,0.011588,Limited Liability Company Kiev International Forensic Expert Institute Of Psychological Expertise And Researchs On Polygraph,alias,True,False,False,5,not_matched,,,,,,,2021,2026,,,[]
101248917,WANECAM 3,954303946,UNIVERSITE DES SCIENCES DES TECHNIQUES ET DES TECHNOLOGIES DE BAMAKO,USTTB,false,HES,Bamako,ML,ML,"12.649319,-8.000337",,2026-06-29 10:39:09,1956528,2,participant,2914996.25,2914996.25,"2914996,25",false,,matched,https://ror.org/023rbaw78,"Université des Sciences, des Techniques et des Technologies de Bamako",https://ror.org/023rbaw78,"Université des Sciences, des Techniques et des Technologies de Bamako",1.0,1.0,0.521781,"Université des Sciences, des Techniques et des Technologies de Bamako",ror_display,True,True,True,5,joined,https://openalex.org/I4210112095,"Université des Sciences, des Techniques et des Technologies de Bamako",education,ML,3939,104906,2021,2026,2743,8600,"[{""cited_by_count"": 3049, ""works_count"": 371, ""year"": 2021}, {""cited_by_count"": 2458, ""works_count"": 460, ""year"": 2022}, {""cited_by_count"": 1501, ""works_count"": 580, ""year"": 2023}, {""cited_by_count"": 1069, ""works_count"": 556, ""year"": 2024}, {""cited_by_count"": 480, ""works_count"": 439, ""year"": 2025}, {""cited_by_count"": 43, ""works_count"": 337, ""year"": 2026}]"
101298664,RegulAIze,950828727,GFT ITALIA SRL,GFT,false,PRC,MILANO,IT,ITC4C,"45.4667971,9.1904984",,2026-06-29 10:39:44,2385054,1,coordinator,554050,554050,791500,false,,abstained,,,https://ror.org/015hz7767,Fraunhofer Italia Research,0.35541,0.33541,0.0,Fraunhofer Italia,alias,True,False,False,5,not_matched,,,,,,,2021,2026,,,[]
