projectID,projectAcronym,organisationID,name,shortName,SME,activityType,city,country,nutsCode,geolocation,organizationURL,contentUpdateDate,rcn,order,role,ecContribution,netEcContribution,totalCost,endOfParticipation,active
101069529,SSH CENTRE,869529147,ELTE KOZGAZDASAG- ES REGIONALIS TUDOMANYI KUTATOKOZPONT,ELTE KRTK,false,REC,Budapest,HU,HU110,"47.4736696,19.0744233",,2026-04-15 15:27:43,1994266,11,participant,72631,72631,"72631,25",false,
101069644,LiCORNE,889616392,SQM SA,,false,PRC,Santiago,CL,CL,"-33.413794949999996,-70.5865420199983",,2025-10-20 17:38:03,1974462,14,associatedPartner,,0,0,false,
101046041,CoVICIS,997899432,WITS HEALTH CONSORTIUM (PTY) LTD,WHC,false,PRC,Johannesburg,ZA,ZA,"-26.205,28.049722",https://www.witshealth.co.za,2026-06-03 12:17:44,1935497,4,participant,250000,250000,250000,false,
101045989,VERDI,999554640,LES CENTRES GHESKIO,GHESKIO,false,REC,Port-Au-Prince,HT,HT,"18.547327,-72.3395928",,2026-06-03 12:18:09,2072096,12,participant,190000,190000,190000,false,
101056921,GreenFeedBack,998711419,THE UNIVERSITY OF MANITOBA,,false,HES,Manitoba,CA,CA,"55.001251,-97.001038",http://www.umanitoba.ca,2026-06-03 12:14:14,1906305,14,associatedPartner,,0,0,false,
101056921,GreenFeedBack,998297908,GRONLANDS NATURINSTITUT,,false,REC,Nuuk,GL,GL,"64.1905067,-51.6952546940986",,2026-06-03 12:14:14,1916692,13,participant,225125,225125,225125,false,
101057129,REACT,997899432,WITS HEALTH CONSORTIUM (PTY) LTD,WHC,false,PRC,Johannesburg,ZA,ZA,"-26.205,28.049722",https://www.witshealth.co.za,2026-06-03 12:09:28,1935497,10,participant,647625,647625,647625,false,
101057525,eCAP,889391546,OPERATING THEATRE PRACTITIONERS ASSOCIATION OF KENYA,,false,OTH,Nairobi,KE,KE,"-1.3031689499999999,36.826061224105075",,2026-05-08 10:00:03,1974802,6,participant,417500,417500,417500,false,
101057699,RadioVal,999633113,EIBIR GEMEINNUTZIGE GMBH ZUR FORDERUNG DER ERFORSCHUNG DER BIOMEDIZINISCHEN BILDGEBUNG,,false,REC,Wien,AT,AT130,"48.2132767,16.3693347",https://www.eibir.org,2026-06-03 16:43:52,1909591,16,participant,271875,271875,271875,false,
101059986,Net4SocietyHE,999536016,INDEPENDENT EXPERTS CONSULTING BOARD TO PROMOTE SCIENTIFIC RESEARCH ACTIVITY IN KAZAKHSTAN,InExCB-Kz,false,REC,ALMATY,KZ,KZ,"43.2363924,76.9457275",http://www.nip-kz.org,2026-06-15 15:11:04,1966909,18,participant,36062.5,36062.5,"36062,5",false,
101059986,Net4SocietyHE,892673638,PRESIDENCIA DE LA REPUBLICA,,false,PUB,MONTEVIDEO,UY,UY,"-34.9071401,-56.2004326",,2026-06-15 15:11:04,1974858,21,associatedPartner,,0,0,false,
101060393,BOLERO,922563412,FUNDACION NICAFRANCE,,false,REC,MANAGUA,NI,NI,"12.33160145,-86.40347843389236",,2026-06-03 12:20:32,3005980,8,participant,730176.25,730176.25,"730176,25",false,
101057665,PvSTATEM,986872084,Institut Pasteur de Madagascar,IPM,false,REC,Antananarivo,MG,MG,"-18.7920779,47.7823214",,2026-06-29 17:04:40,1947090,3,participant,2050509.91,2050509.91,"2050509,91",false,
101059483,BCOMING,974456472,INSTITUT PASTEUR DU CAMBODGE,IPC,false,REC,Phnom Penh,KH,KH,"11.5817572,104.9169853",http://www.pasteur-kh.org,2026-05-06 07:31:29,2013176,4,participant,545750,545750,545750,false,
101059786,VALUABLE,890066569,GLOBAL SUSTAINABLE TRANSFORMATION GST GmbH,GST,true,PRC,Dachau,DE;HU,DE217;HU312,"48.266346850000005,11.458483149999996",,2026-06-19 15:46:04,1975080,2,participant,1112859,1112859,"1589798,75",false,
101060703,BBC,906225605,ISLENSKI SJAVARKLASINN EHF,Iceland Ocean Cluster,true,PRC,Reykjavik,IS,IS001,"64.15451885,-21.94412785",,2026-03-10 10:12:39,1970713,7,participant,222500,222500,222500,false,
101062359,PPLMEC,998808710,NATIONAL TAIWAN UNIVERSITY,NTU,false,HES,Taipei,TW,TW,"25.0182673,121.535927",http://www.ntu.edu.tw,2022-08-03 19:19:08,1912550,3,associatedPartner,,0,0,false,
101060534,TRUSTyFOOD,998147558,NORTH-SOUTH CONSULTANTS EXCHANGE LLC,North South Consultants Exchange,false,PRC,CAIRO,EG,EG,"30.048819,31.243666",http://www.nsce-inter.com/,2026-05-11 08:16:30,1933857,9,participant,182500,182500,182500,false,
101066209,POSTURE,890009339,PONTIFICIO ISTITUTO BIBLICO,,false,HES,ROMA,VA,VA,"41.8990116997941,12.483457194016673",,2025-12-15 21:41:39,1975857,2,associatedPartner,,0,0,false,
101071300,Sustainable Horizons,923324474,ROYAL THIMPHU COLLEGE,ROYAL THIMPHU COLLEGE,false,HES,Thimphu,BT,BT,"27.6,89.666667",,2025-01-03 10:47:16,1984015,20,associatedPartner,,0,0,false,
101071300,Sustainable Horizons,887482392,UNIVERSIDADE DO NAMIBE,,false,HES,Mocamedes,AO,AO,"-15.195064,12.1458085",,2025-01-03 10:47:16,1984017,22,associatedPartner,,0,0,false,
101071300,Sustainable Horizons,932844539,UNIVERSITE DE GHARDAIA,,false,HES,Ghardaia,DZ,DZ,"28.0000272,2.9999825",,2025-01-03 10:47:16,1984012,17,associatedPartner,,0,0,false,
101071300,Sustainable Horizons,909454541,UNIVERSIDAD NACIONAL DE GUINEA ECUATORIAL,UNGE,false,HES,MALABO,GQ,GQ,"3.7397935,8.7201414",,2025-01-03 10:47:16,1984016,21,associatedPartner,,0,0,false,
101071300,Sustainable Horizons,969073360,UNIVERSIDAD ANDRES BELLO,UNAB,false,HES,Santiago,CL,CL,"-33.4377968,-70.6504451",,2025-01-03 10:47:16,1947408,10,associatedPartner,,0,0,false,
101071507,Avodes-Biotech,891900548,UAB AVODES,,true,PRC,Kaunas,LT,LT022,"54.89867524750409,23.908336064104496",,2022-09-04 03:39:17,1975322,1,coordinator,75000,75000,0,false,
101065205,HI-LANDeS,878399215,CENTRO DE APOYO A LA GESTI0N SUSTENTABLE DEL AGUA Y MEDIO AMBIENTE,AGUA SUSTENTABLE,false,REC,LA PAZ,BO,BO,"-15.0,-68.333333",,2026-06-03 12:31:19,1987739,3,associatedPartner,,0,0,false,
101057882,ADVANCE-VAC4PM,919115256,COUNCIL OF MALAWI UNIVERSITY OF SCIENCE AND TECHNOLOGY,MALAWI UNIVERSITY OF SCIENCE AND TECHNOLOGY,false,HES,Blantyre,MW,MW,"-15.80529335,35.03830456112543",,2026-06-03 12:30:02,1975724,7,participant,395203.11,395203.11,"395203,11",false,
101062810,MedCorP,962018453,Centre Scientifique de Monaco,CSM,false,REC,Monaco,MC,MC,"43.7356772,7.4154553",,2022-08-23 21:35:13,1976010,2,associatedPartner,,0,0,false,
101059523,REACT,889862966,MINISTRY OF AGRO INDUSTRY AND FOOD SECUTITY,,false,REC,Port Louis,MU,MU,"-20.1690044,57.515770381231235",,2026-06-03 16:44:17,1976161,2,participant,146625,146625,146625,false,
101060806,R3PACK,889521526,ARWIN,ARWIN,true,PRC,Paris,FR,FR101,"48.8749524,2.3473852",,2026-05-25 13:36:54,1976156,1,coordinator,864591.88,864591.88,"1235131,25",false,
101061051,RUSTIK,900981203,MULTICRITERI-MCRIT AIE,,true,PRC,Barcelona,ES,ES511,"41.370449300000004,2.1500219563810696",,2022-08-24 15:22:14,1968677,5,participant,580132.21,451882.7,"580132,21",false,
101058032,Plastics2Olefins,892302710,SCG CHEMICALS COMPANY LIMITED,,false,PRC,Bangkok,TH,TH,"13.8003912,100.6542417",,2026-06-03 12:30:08,1972527,11,participant,67500,67500,112500,false,
101061123,RETHINK-GSC,869529147,ELTE KOZGAZDASAG- ES REGIONALIS TUDOMANYI KUTATOKOZPONT,ELTE KRTK,false,REC,Budapest,HU,HU110,"47.4736696,19.0744233",,2026-03-10 16:03:30,1994266,3,participant,424400,424400,424400,false,
101061123,RETHINK-GSC,999588784,POLITECHNIKA GDANSKA,GDANSK UNIVERSITY OF TECHNOLOGY,false,HES,GDANSK,PL,PL633,"54.3482259,18.6542888",http://www.pg.gda.pl,2026-03-10 16:03:30,1909285,7,participant,95312.5,95312.5,"95312,5",false,
101071040,HyperProbe,999633113,EIBIR GEMEINNUTZIGE GMBH ZUR FORDERUNG DER ERFORSCHUNG DER BIOMEDIZINISCHEN BILDGEBUNG,,false,REC,Wien,AT,AT130,"48.2132767,16.3693347",https://www.eibir.org,2022-08-26 15:35:07,1909591,6,participant,321250,321250,321250,false,
101079398,NEPTUN,999588784,POLITECHNIKA GDANSKA,GDANSK UNIVERSITY OF TECHNOLOGY,false,HES,GDANSK,PL,PL633,"54.3482259,18.6542888",http://www.pg.gda.pl,2022-08-26 15:47:54,1909285,1,coordinator,831208,831208,831208,false,
101057843,HIGH Horizons,997899432,WITS HEALTH CONSORTIUM (PTY) LTD,WHC,false,PRC,Johannesburg,ZA,ZA,"-26.205,28.049722",https://www.witshealth.co.za,2026-06-03 12:23:04,1935497,2,participant,2500000,2500000,2500000,false,
101069500,AfroSAFE,999513027,TRANSPORTOKONOMISK INSTITUTT,TOI,false,REC,Oslo,NO,NO081,"59.942353499999996,10.716316407483461",http://www.toi.no,2025-09-01 22:57:02,1913433,2,participant,576221.25,576221.25,"576221,25",false,
101077026,SafeNav,929987501,LADAR LIMITED,,true,PRC,The Valley,AI,AI,"18.2145861,-63.0517758",,2025-12-17 10:00:59,2594021,11,associatedPartner,,0,0,false,
101075596,Every1,999696745,EWORX YPIRESIES ILEKTRONIKOU EPICHEIREIN ANONYMOS ETAIREIA,EWORX SA,true,PRC,CHALANDRI,EL,EL301,"38.9953683,21.9877132",,2026-02-09 17:12:57,2949155,2,participant,365937.5,365937.5,"365937,5",false,
101074048,TENACITy,999810623,Cyprus police,,false,PUB,Nicosia,CY,CY000,"35.1554534,33.3475976726927",http://www.police.gov.cy,2026-04-28 10:12:29,1906017,18,participant,127500,127500,127500,false,
101073982,MOBILISE,888587610,MDSC SYSTEMS OU,,false,PRC,Tallinn,EE,EE001,"59.41929145,24.769518441921107",,2026-04-16 10:06:29,1976568,8,participant,482195,482195,688850,false,
101073506,HOMeAGE,999513027,TRANSPORTOKONOMISK INSTITUTT,TOI,false,REC,Oslo,NO,NO081,"59.942353499999996,10.716316407483461",http://www.toi.no,2025-10-07 15:52:03,1913433,18,associatedPartner,,0,0,false,
101073025,Melomanes,999534658,MALSCH NEELINA,MALSCH TECHNOVALUATION,,PRC,,NL,,"52.0783642,5.1246027",,2026-04-15 16:08:30,1919673,16,associatedPartner,,0,0,false,
101072686,BiocatCodeExpander,998711419,THE UNIVERSITY OF MANITOBA,,false,HES,Manitoba,CA,CA,"55.001251,-97.001038",http://www.umanitoba.ca,2026-05-11 08:16:30,1906305,11,associatedPartner,,0,0,false,
101072637,QSI,940379596,University of Toyama,UT,false,OTH,Toyama,JP,JP,"36.6957569,137.2136215",,2026-06-03 12:28:06,3144772,10,associatedPartner,,0,0,false,
101046314,END-VOC,954910390,FUNDACAO MANHICA,FM,false,REC,VILA DA MANHICA MAPUTO,MZ,MZ,"-25.9458524,32.569211",,2026-01-06 13:17:46,1970787,18,participant,101063,101063,101063,false,
101061330,RECLAIM,940679035,LIECHTENSTEIN-INSTITUT,,true,REC,GAMPRIN-BENDERN,LI,LI000,"47.2202121,9.511885573528684",,2026-06-03 12:28:05,1954833,12,associatedPartner,,0,0,false,
101060693,GUARDEN,901548653,ENVECO ANONYMI ETAIRIA PROSTASIAS KAI DIAHIRISIS PERIVALLONTOS A.E.,ENVECO S.A. ENVIRONMENTAL PROTECTION  AND MANAGEMENT,true,PRC,MAROUSI,EL,EL301,"37.9810866,23.6375666",,2026-04-20 14:58:09,1977758,13,participant,164442.5,164442.5,"164442,5",false,
101052342,Biodiversa-plus,891842445,AGJENCIA KOMBETARE E ZONAVE TE MBROJTURA,NATIONAL AGENCY OF PROTECTED AREAS IN ALBANIA,false,REC,Tirana,AL,AL022,"41.3307123,19.819171",,2025-04-28 14:59:01,1977498,71,associatedPartner,,0,0,false,
101060415,SELINA,918059508,COOPERATIE WOLFS COMPANY UA,,true,PRC,Kralendijk,BQ,BQ,,,2025-05-27 10:57:11,1977049,45,participant,0,0,0,true,
101059863,ORCaSa,998296065,"FORUM FOR AGRICULTURAL RESEARCH IN AFRICA, GHANA",FARA,false,OTH,ACCRA,GH,GH,"5.6052829,-0.2023283",http://www.fara-africa.org,2026-05-06 07:31:29,2130273,7,participant,73000,73000,73000,false,
101058585,Circular TwAIn,950828727,GFT ITALIA SRL,GFT,false,PRC,MILANO,IT,ITC4C,"45.4667971,9.1904984",,2025-10-20 17:38:03,2385054,12,participant,282625,282625,403750,false,
101058580,RECONMATIC,889264670,China Association of Circular Economy,,false,REC,Beijing,CN,CN,"40.190632,116.412144",,2026-06-03 12:25:49,1977059,18,associatedPartner,,0,0,false,
101057114,EChiLiBRiST,954910390,FUNDACAO MANHICA,FM,false,REC,VILA DA MANHICA MAPUTO,MZ,MZ,"-25.9458524,32.569211",,2025-05-12 15:59:49,1970787,4,participant,1778025,1778025,1778025,false,
101070279,MobiSpaces,950828727,GFT ITALIA SRL,GFT,false,PRC,MILANO,IT,ITC4C,"45.4667971,9.1904984",,2026-06-19 15:56:07,2385054,1,coordinator,601750,601750,601750,false,
101076810,MODI,999513027,TRANSPORTOKONOMISK INSTITUTT,TOI,false,REC,Oslo,NO,NO081,"59.942353499999996,10.716316407483461",http://www.toi.no,2022-09-13 17:47:50,1913433,14,participant,1041865,1041865,1041865,false,
101073878,EU-CIP,950828727,GFT ITALIA SRL,GFT,false,PRC,MILANO,IT,ITC4C,"45.4667971,9.1904984",,2026-04-15 15:24:49,2385054,3,participant,38250,38250,38250,false,
101073486,EUSpecLab,940379596,University of Toyama,UT,false,OTH,Toyama,JP,JP,"36.6957569,137.2136215",,2026-04-10 16:45:09,3144772,17,associatedPartner,,0,0,false,
101073440,VORTEX,946002977,Mindanao State University -Iligan Institute of Tecnhology,MSU-IIT,false,PRC,Iiligan City,PH,PH,"14.6373926,120.9935049",,2026-06-22 12:34:03,1977898,12,associatedPartner,,0,0,false,
101073394,PRESILIENT,918467587,Facultad Latinoamericana de Ciencias Sociales,,false,OTH,Quito,EC,EC,"-0.1692388,-78.50431437255514",,2026-06-29 17:15:36,1977733,28,associatedPartner,,0,0,false,
101060876,RURALITIES,922659442,UNIVERSITE DE NOUAKCHOTT,,false,HES,NOUAKCHOTT OUEST,MR,MR,"18.105328,-15.979365",,2026-06-03 16:44:50,1977519,23,participant,36968.75,36968.75,"36968,75",false,
101060876,RURALITIES,903761708,CONFEDERATION PAYSANNE DU FASO,CONFEDERATION PAYSANNE DU FASO,false,PRC,Ouagadougou,BF,BF,"12.368148,-1.527085",,2026-06-03 16:44:50,1964182,44,participant,35187.5,35187.5,"35187,5",false,
101060876,RURALITIES,909827215,ALMANAR VOLUNTARY ORGANIZATION,ASSOCIATION OF ALMANAR NON-GOVERNMENTALORGANIZATION AMVO,false,OTH,Khartoum,SD,SD,"13.3817634,24.9420733",,2026-06-03 16:44:50,1977521,27,participant,36375,36375,36375,false,
101060876,RURALITIES,892961728,ALTERNATIVE COMMUNAUTAIRE POUR LE DEVELOPPEMENT DURABLE (ACDD),,false,OTH,BOUAKE,CI,CI,"7.6906058,-5.0298408",,2026-06-03 16:44:50,1977520,25,participant,35187.5,35187.5,"35187,5",false,
101073088,MAWI,888545027,Technology Innovation Institute - Sole Proprietorship LLC,Technology Innovation Institute - Sole Proprietorship LLC,false,PRC,Abu Dhabi,AE,AE,"24.4538352,54.3774014",,2026-06-03 12:19:16,1977648,12,associatedPartner,,0,0,false,
101060887,FoSTA-Health,919115256,COUNCIL OF MALAWI UNIVERSITY OF SCIENCE AND TECHNOLOGY,MALAWI UNIVERSITY OF SCIENCE AND TECHNOLOGY,false,HES,Blantyre,MW,MW,"-15.80529335,35.03830456112543",,2026-06-03 12:18:54,1975724,4,participant,181852.5,181852.5,"181852,5",false,
101057832,AfricaMaVal,915949564,NAMIBIA UNIVERSITY OF SCIENCE AND TECHNOLOGY,NAMIBIA UNIVERSITY OF SCIENCE AND TECHNOLOGY,false,HES,Windhoek,NA,NA,"-22.5651357,17.077726594457637",,2026-06-03 12:19:28,1949237,10,participant,112270,112270,112270,false,
101082131,InvestCEC,905336988,ENSPIRE SCIENCE LTD,,true,PRC,REHOVOT,IL,IL,"32.0523573,34.7626219",,2025-11-03 16:51:50,1977393,1,coordinator,250076.2,250076.2,"250076,2",false,
101073089,GreenDigiPharma,951793489,King Faisal University,,,PRC,,SA,,"25.6242618,42.3528328",,2026-05-21 18:36:27,1977643,15,associatedPartner,,0,0,false,
101046133,ISIDORe,954303946,UNIVERSITE DES SCIENCES DES TECHNIQUES ET DES TECHNOLOGIES DE BAMAKO,USTTB,false,HES,Bamako,ML,ML,"12.649319,-8.000337",,2025-05-27 17:56:10,1956528,146,participant,988,988,988,false,
101046133,ISIDORe,937358919,INSTITUT PASTEUR DE NOUVELLE-CALEDONIE,IPNC,false,REC,Noumea,NC,NC,"-22.2679189,166.4422997",,2025-05-27 17:56:10,2720230,137,participant,2518,2518,2518,false,
101046133,ISIDORe,955450486,BRAC UNIVERSITY,BRACU,false,HES,Dhaka,BD,BD,"23.781222550000003,90.4000643508787",,2025-05-27 17:56:10,1915535,64,participant,52903.75,52903.75,"52903,75",false,
101086293,CRISPit,969073360,UNIVERSIDAD ANDRES BELLO,UNAB,false,HES,Santiago,CL,CL,"-33.4377968,-70.6504451",,2026-06-03 16:46:12,1947408,13,associatedPartner,,0,0,false,
101081347,CarrerasLeaders,891819165,UNIVERSITY OF SHARJAH,,false,HES,Sharjah,AE,AE,"25.26519105,55.91143243267334",,2026-06-03 16:46:10,1984920,45,associatedPartner,,0,0,false,
101058873,POLICY ANSWERS,995591705,UNIVERZITET U BANJOJ LUCI,UNIVERSITY OF BANJA LUKA,false,HES,BANJA LUKA,BA,BA,"44.7719893,17.1898768",https://www.unibl.org,2025-05-13 16:36:50,2149128,8,participant,141562.5,141562.5,"141562,5",false,
101054477,MSCA-NET,892673638,PRESIDENCIA DE LA REPUBLICA,,false,PUB,MONTEVIDEO,UY,UY,"-34.9071401,-56.2004326",,2025-12-04 10:19:03,1974858,32,associatedPartner,,0,0,false,
101086381,ODDEA,975344216,UNIVERSITI TEKNOLOGI MARA (UiTM),UiTM,false,HES,SHAH ALAM SELANGOR,MY,MY,"3.0739429,101.5185278",https://www.utm.my,2026-06-03 16:46:10,1914284,7,associatedPartner,,0,0,false,
190176001,DMUT,893758001,HEALIUM MEDICAL LTD,,true,PRC,YOKNEAM,IL,IL,"32.65096719254719,35.09576268530257",,2022-09-30 15:48:49,1978149,1,coordinator,2500000,2500000,"11369502,5",false,
101086354,VALZEO,887268992,Instituto de Investigaciones de Granos,IIGranos,false,REC,Artemisa,CU,CU,"23.0355412,-82.4753974",,2026-06-03 16:46:12,1978336,9,associatedPartner,,0,0,false,
101086366,CropPrime,876764086,Centro de Estudios Fotosintéticos y Bioquímicos,CEFOBI (CONICET-UNR),false,REC,Rosario,AR,AR,"-32.938696765306126,-60.66332544285714",,2026-06-17 15:02:31,1991303,11,associatedPartner,,0,0,false,
101081883,P2GreeN,869529147,ELTE KOZGAZDASAG- ES REGIONALIS TUDOMANYI KUTATOKOZPONT,ELTE KRTK,false,REC,Budapest,HU,HU110,"47.4736696,19.0744233",,2026-03-31 08:47:55,1994266,20,participant,103625,103625,103625,false,
101081609,DIGI PLUS,921152741,LEITRIM COUNTY COUNCIL,LCC,false,PUB,Carrick On Shannon Leitrim,IE,IE041,"53.9934219,-8.064739506589225",,2026-01-23 07:56:15,1978330,15,associatedPartner,,0,0,false,
101086224,HESPRI,885547727,The Public Authority for Applied Education and Training,The Public Authority for Applied Education and Training,false,HES,Kuwait,KW,KW,"29.2733964,47.4979476",,2026-06-29 17:13:00,1978363,13,associatedPartner,,0,0,false,
101086224,HESPRI,969073360,UNIVERSIDAD ANDRES BELLO,UNAB,false,HES,Santiago,CL,CL,"-33.4377968,-70.6504451",,2026-06-29 17:13:00,1947408,14,associatedPartner,,0,0,false,
101086206,PLACES,999873673,UNIVERSITY OF CANTERBURY,,false,HES,CHRISTCHURCH,NZ,NZ,"-43.530955,172.6366455",https://www.canterbury.ac.nz,2025-05-14 11:13:59,2125705,10,associatedPartner,,0,0,false,
101086184,MX-MAP,998711419,THE UNIVERSITY OF MANITOBA,,false,HES,Manitoba,CA,CA,"55.001251,-97.001038",http://www.umanitoba.ca,2026-06-03 16:46:28,1906305,13,associatedPartner,,0,0,false,
101085855,MOCCA,951924924,OSCE ACADEMY IN BISHKEK,,false,REC,BISHKEK,KG,KG,"42.8767446,74.6069949",,2026-06-03 16:46:28,1958510,14,associatedPartner,,0,0,false,
101085855,MOCCA,936722502,TAJIK STATE UNIVERSITY OF COMMERCE,TSUC,false,HES,Dushanbe,TJ,TJ,"38.5762709,68.7863573",,2026-06-03 16:46:28,1978495,9,associatedPartner,,0,0,false,
101085855,MOCCA,897498612,ANTICORRUPTION BUSINESS COUNCIL OF THE KYRGYZ REPUBLIC,,false,PUB,BISHKEK,KG,KG,"42.8765615,74.6070079",,2026-06-03 16:46:28,1978498,15,associatedPartner,,0,0,false,
101081465,AUFRANDE,996467906,MACQUARIE UNIVERSITY,,false,HES,Sydney,AU,AU,"-33.8548157,151.2164539",,2025-12-22 15:23:57,2945459,4,associatedPartner,,0,0,false,
101083653,CANALLS,885468187,INSTITUT DES SCIENCES AGRONOMIQUES DU BURUNDI,ISABU,false,PUB,BUJUMBURA,BI,BI,"-3.3750602,29.3798772",,2026-06-03 16:46:47,1978640,11,participant,248750,248750,248750,false,
101083653,CANALLS,887804723,SOCIETE COOPERATIVE AVEC CONSEIL D ADMINISTRATION POUR LE MANIOC,SCOOPMAN COOP CA,false,PRC,Mbalmayo,CM,CM,"3.515197,11.503114",,2026-06-03 16:46:47,1978639,10,participant,102878,102878,102878,false,
101083653,CANALLS,889396590,CAMEROON FORUM FOR AGRICULTURAL ADVISORY SERVICES (CAMFAAS),CAMFAAS,false,OTH,Yaounde,CM,CM,"3.8770787,11.5447358",,2026-06-03 16:46:47,1985709,21,participant,162187.5,162187.5,"162187,5",false,
101083653,CANALLS,888242484,ASSOCIATION PAYSANNE POUR LE DEVELOPPEMENT INTEGRE AU SUD-KIVU,,true,OTH,CYANGUNGU RWANDA,CD,CD,"-1.953634,30.072687137005857",,2026-06-03 16:46:47,1978638,8,participant,155625,155625,155625,false,
101083653,CANALLS,887923257,ACTION GLOBALE POUR LE DEVELOPPEMENT DURABLE SERVICES,AGDD SERVICES,false,PRC,BUKAVU,CD,CD,"-2.5126548657975447,28.84747822891722",,2026-06-03 16:46:47,1985708,20,participant,123875,123875,123875,false,
101084647,NATAE,917175741,SEBHA UNIVERSITY,SEBHA UNIVERSITY,false,HES,SEBHA,LY,LY,"27.035081952536608,14.434368532760084",,2026-06-03 16:46:55,1978734,18,participant,4890,4890,4890,true,
101084647,NATAE,918380772,ASSOCIATION TENMIYA,CENTRE DES INNOVATIONS POUR LE DEVELLOPPEMENT,false,OTH,Nouakchott,MR,MR,"20.2540382,-9.2399263",,2026-06-03 16:46:55,1978735,20,participant,100250,100250,100250,false,
101082630,SPACE4GREEN,915203828,STRATEGIC OMNIA RESEARCH AND TECHNOLOGY DEVELOPMENT LTD,Omnia,true,PRC,LIMASSOL,CY,CY000,"34.6875917,33.06549395148737",,2024-07-28 13:46:00,1978666,7,participant,90125,90125,128750,false,
101043986,UNI PROB,999873673,UNIVERSITY OF CANTERBURY,,false,HES,CHRISTCHURCH,NZ,NZ,"-43.530955,172.6366455",https://www.canterbury.ac.nz,2023-04-05 13:25:47,2125705,2,participant,281542.61,281542.61,"351928,26",false,
101081964,BioMonitor4CAP,888064683,UNIVERSIDAD CIENTIFICA DEL SUR SAC,UNIVERSIDAD CIENTIFICA DEL SUR SAC,false,HES,LIMA,PE,PE,"-12.23351125,-76.95931861296538",,2026-06-03 16:46:57,1978689,18,participant,154200,154200,154200,false,
101083481,WE-ACT,999427570,INTERNATIONAL WATER MANAGEMENT INSTITUTE IWMI,INTERNATIONAL WATER MANAGEMENT INSTITUTE IWMI,false,REC,Colombo,LK,LK,"6.9349969,79.853845",http://www.iwmi.org,2026-06-22 12:34:05,1910853,4,participant,665067.5,665067.5,"665067,5",false,
101086359,UBIGIoT,999650282,UNIVERSITI PUTRA MALAYSIA,UPM,false,HES,Selangor Darul Ehsan,MY,MY,"2.3923759,112.8471939",,2026-06-03 16:47:02,2146163,8,associatedPartner,,0,0,false,
101083790,INCiTiS-FOOD,919053758,UNIVERSITE DES SCIENCES ET TECHNIQUE DE MASUKU,,false,HES,FRANCEVILLE,GA,GA,"-1.634363,13.589513",,2025-05-28 12:18:11,1978797,7,participant,150858,150858,156655,false,
101082057,TC4BE,913866683,UNIVERSITY OF KABIANGA,University of Kabianga,false,HES,KERICHO,KE,KE,"-0.4185946,35.2225327",,2026-06-03 16:47:07,1978830,6,participant,175371,175371,"175371,25",false,
101081273,NECCTON,998704241,BOLDING & BRUGGEMAN APS,BB,true,PRC,Asperup,DK,DK031,"55.502638,9.889181",http://www.bolding-burchard.com,2025-12-29 11:31:21,2115742,2,participant,428093,428093,"428093,75",false,
101083922,OceanICU,998704241,BOLDING & BRUGGEMAN APS,BB,true,PRC,Asperup,DK,DK031,"55.502638,9.889181",http://www.bolding-burchard.com,2026-05-04 10:11:46,2115742,3,participant,770750,770750,770750,false,
101086227,L4DNANO,998808710,NATIONAL TAIWAN UNIVERSITY,NTU,false,HES,Taipei,TW,TW,"25.0182673,121.535927",http://www.ntu.edu.tw,2026-04-28 10:12:29,1912550,16,associatedPartner,,0,0,false,
101084322,AfriFOOD-Links,975336456,FONDAZIONE ACRA ETS,ACRA,false,OTH,MILANO,IT,ITC4C,"45.4365712,9.1991368",,2025-05-28 13:26:12,1964187,14,participant,477875,453262.5,477875,false,
101084322,AfriFOOD-Links,887710148,AGENCE DU DEVELOPPEMENT ECONOMIQUE URBAIN,,false,PUB,Ouagadougou,BF,BF,"12.3704741,-1.5334099725592838",,2025-05-28 13:26:12,1978868,17,participant,180087.5,180087.5,"180087,5",false,
101086416,FIRE-ADAPT,914349549,Fundacion Amigos de la Naturaleza,FUNDACION AMIGOS DE LA NATURALEZA,false,OTH,Montero,BO,BO,"-17.333333,-61.5",,2026-06-03 16:47:22,1979020,16,associatedPartner,,0,0,false,
101086415,CARSI,907328495,ADA UNIVERSITETI,,false,HES,Baku,AZ,AZ,"40.3968833,49.8505354",,2026-06-03 16:47:22,1979015,15,associatedPartner,,0,0,false,
101086257,INOVEC,986872084,Institut Pasteur de Madagascar,IPM,false,REC,Antananarivo,MG,MG,"-18.7920779,47.7823214",,2026-06-03 16:47:29,1947090,27,associatedPartner,,0,0,false,
101086085,ASYMMETRY,929067553,INSTITUTE FOR RESEARCH IN FUNDAMENTAL SCIENCES (IPM),IPM,false,REC,TEHRAN,IR,IR,"35.7350208,51.5296458",,2026-06-29 17:13:03,1951862,14,associatedPartner,,0,0,false,
101087403,NAR-SAR-IPH,958780496,L.A .ORBELI INSTITUTE OF PHYSIOLOGYOF THE NATIONAL ACADEMY OF SCIENCESOF THE REPUBLIC OF ARMENIA STATE NON COMMERCIAL ORGANIZATION,IPH,false,HES,Yerevan,AM,AM,"40.1776121,44.5125849",,2022-11-12 14:29:19,1979047,1,coordinator,2415000,2415000,2415000,false,
101100680,GN5-1,999636217,RESEARCH AND EDUCATIONAL NETWORKING ASSOCIATION OF MOLDOVA,RENAM,true,OTH,CHISINAU,MD,MD,"47.0122737,28.8605936",http://www.renam.md,2025-05-27 17:56:31,2130878,27,participant,170575,170575,"213218,75",false,
101100680,GN5-1,931545612,QENDREN NDERINSTITUCIONALE TE RRJETI AKADEMIK SHQIPTAR,RASH - ACADEMIC NETWORK OF ALBANIA,false,REC,TIRANA,AL,AL,"41.3214034,19.8138257",,2025-05-27 17:56:31,1947559,38,associatedPartner,,0,0,true,
101059461,MONTEVITIS,892332392,ZAVOD ZA HIDROMETEOROLOGIJU I SEIZMOLOGIJU PODGORICA,INSTITUTE OF HYDROMETEOROLOGY AND SEISMOLOGY IHMS,false,REC,Podgorica,ME,ME000,"42.441129000000004,19.270099564920812",,2026-01-06 13:18:01,1979076,7,participant,39673.75,39673.75,"39673,75",false,
101086638,Urban ReLeaf,970538448,RIGAS PLANOSANAS REGIONS,,false,PUB,Riga,LV,LV00A,"56.9493977,24.1051846",https://www.rpr.gov.lv,2025-08-11 10:04:47,1918109,12,participant,151625,151625,151625,false,
101086178,INNMEDSCAN,900483496,"NATIONAL NUCLEAR RESEARCH CENTER CJSC UNDER MINISTRY OF TRANSPORT, COMMUNICATIONS AND HIGH TECHNOLOGIES OF THE REPUBLIC OF AZERBAIJAN",NNRC,false,PRC,Baku,AZ,AZ,"40.3754434,49.8326748",,2026-06-03 16:47:51,1961154,8,associatedPartner,,0,0,false,
101084398,CIRAWA,888071667,NJAWARA AGRICULTURAL TRAINING CENTRE,NJAWARA AGRICULTURAL TRAINING CENTRE,false,OTH,SEREKUNDA KMC,GM,GM,"13.438762,-16.674807",,2026-06-03 16:48:06,1989591,15,participant,136875,136875,136875,false,
101084398,CIRAWA,885727468,THE NATIONAL SEED SECRETARIAT,National Seed Secretariat,false,REC,BANJUL,GM,GM,"13.45535,-16.575646",,2026-06-03 16:48:06,1979348,10,participant,182125,182125,182125,false,
101057091,ODELIA,999633113,EIBIR GEMEINNUTZIGE GMBH ZUR FORDERUNG DER ERFORSCHUNG DER BIOMEDIZINISCHEN BILDGEBUNG,,false,REC,Wien,AT,AT130,"48.2132767,16.3693347",https://www.eibir.org,2026-06-17 15:02:31,1909591,1,coordinator,719624.5,719624.5,"719624,5",false,
101093202,Graph-Massivizer,937904447,PERACTON LIMITED,PERACTON,true,PRC,Galway,IE,IE042,"53.2744122,-9.0490631",,2026-04-30 14:50:04,2428613,3,participant,411250,411250,411250,false,
101094529,SUPPORTER,995591705,UNIVERZITET U BANJOJ LUCI,UNIVERSITY OF BANJA LUKA,false,HES,BANJA LUKA,BA,BA,"44.7719893,17.1898768",https://www.unibl.org,2026-06-03 16:48:43,2149128,4,participant,47972.5,47972.5,"47972,5",false,
101092639,FAME,950828727,GFT ITALIA SRL,GFT,false,PRC,MILANO,IT,ITC4C,"45.4667971,9.1904984",,2025-10-07 14:43:31,2385054,1,coordinator,733368.32,733368.32,"1047669,03",false,
101091885,Mine.io,950828727,GFT ITALIA SRL,GFT,false,PRC,MILANO,IT,ITC4C,"45.4667971,9.1904984",,2026-06-22 12:36:43,2385054,1,coordinator,422766.17,422766.17,"603967,15",false,
101091826,MIMOSA,888134814,F3NICE AS,,true,PRC,Bergen,NO,NO0A2,"60.3904772,5.2675269",,2025-11-03 17:00:07,1979246,5,participant,895250,824250,895250,false,
101091911,MADE-3D,910931657,Thermo Calc Solutions AB,TCSol,true,PRC,Solna,SE,SE110,"59.3636152,18.0193567",,2026-06-22 12:36:03,1966691,7,participant,623051,623051,"623051,25",false,
101095643,EUthyroid2,928526875,BANGLADESH UNIVERSITY OF HEALTH SCIENCES TRUST,BUHS TRUST,false,HES,DHAKA,BD,BD,"23.730468000000002,90.4107185",,2026-06-03 16:54:55,1979507,7,participant,36581.25,36581.25,"36581,25",false,
101082575,BUILDSPACE,970538448,RIGAS PLANOSANAS REGIONS,,false,PUB,Riga,LV,LV00A,"56.9493977,24.1051846",https://www.rpr.gov.lv,2026-01-26 15:49:11,1918109,13,participant,143750,143750,143750,false,
101095835,AGRARSENSE,999588784,POLITECHNIKA GDANSKA,GDANSK UNIVERSITY OF TECHNOLOGY,false,HES,GDANSK,PL,PL633,"54.3482259,18.6542888",http://www.pg.gda.pl,2026-04-24 14:07:11,1909285,17,participant,386249.5,386249.5,1103570,false,
101094021,CLIMAS,916436601,UZDAROJI AKCINE BENDROVE ID VILNIUS,ID Vilnius,false,PRC,VILNIUS,LT,LT011,"54.7225416,25.3899088",,2025-10-07 14:43:38,1980381,7,participant,156125,156125,156125,false,
101094341,GAPs,887157636,BILIM ORGANIZATION FOR RESEARCH AND SOCIAL STUDIES,Bilim Organization for Research and Social Studies,false,REC,KABUL,AF,AF,"34.316449,70.6278498",,2026-06-03 16:54:57,1979823,12,participant,120250,120250,120250,false,
101094341,GAPs,991910070,HASHEMITE UNIVERSITY,HU,false,REC,ZARQA,JO,JO,"32.10306482938104,36.181121504349456",,2026-06-03 16:54:57,2063136,7,participant,87250,87250,87250,false,
101092947,Med-IPUT,999633113,EIBIR GEMEINNUTZIGE GMBH ZUR FORDERUNG DER ERFORSCHUNG DER BIOMEDIZINISCHEN BILDGEBUNG,,false,REC,Wien,AT,AT130,"48.2132767,16.3693347",https://www.eibir.org,2025-11-03 16:09:05,1909591,4,participant,433125,433125,433125,false,
101074008,PANTHEON,870889184,Educational Complex of the Ministry of Internal Affairs of the Republic of Armenia,MIA Educational Complex,false,HES,Yerevan,AM,AM,"40.1561936,44.4536144",,2026-06-03 16:55:06,1996789,17,participant,62500,62500,62500,false,
101095290,SMIDGE,927578603,KOSOVAR CENTRE FOR SECURITY STUDIES,KCSS,false,REC,PRISHTINA,XK,XK001,"42.6286184,21.1129879",,2026-06-03 16:55:08,2382497,5,participant,206181.25,206181.25,"206181,25",false,
101095423,YoPAAPE,997899432,WITS HEALTH CONSORTIUM (PTY) LTD,WHC,false,PRC,Johannesburg,ZA,ZA,"-26.205,28.049722",https://www.witshealth.co.za,2025-05-09 13:08:29,1935497,5,thirdParty,0,261125,0,false,
101094991,Fairville,998147558,NORTH-SOUTH CONSULTANTS EXCHANGE LLC,North South Consultants Exchange,false,PRC,CAIRO,EG,EG,"30.048819,31.243666",http://www.nsce-inter.com/,2026-06-29 16:31:57,1933857,10,participant,168915,168915,168915,false,
101096672,2LIPP,999588784,POLITECHNIKA GDANSKA,GDANSK UNIVERSITY OF TECHNOLOGY,false,HES,GDANSK,PL,PL633,"54.3482259,18.6542888",http://www.pg.gda.pl,2026-03-10 16:14:12,1909285,10,participant,443625,443625,443625,false,
101091050,HuMUS,913380131,REGIONAL RURAL DEVELOPMENT STANDINGWORKING GROUP IN SEE,SWG RRD SECRETARIAT OF THE REGIONAL RURAL DEVELOPMENT STANDING WORKING GROUP,false,PUB,Skopje,MK,MK008,"41.6171214,21.7168387",,2026-05-21 18:36:27,1980120,14,participant,64688,64688,64688,false,
101095170,OppAttune,927578603,KOSOVAR CENTRE FOR SECURITY STUDIES,KCSS,false,REC,PRISHTINA,XK,XK001,"42.6286184,21.1129879",,2026-06-03 16:55:39,2382497,13,participant,80018.75,80018.75,"80018,75",false,
101100509,SYNBEE,949666473,HAMEEN AMMATTIKORKEAKOULU OY,HAME UNIVERSITY OF APPLIED SCIENCE LTD,false,HES,HAMEENLINNA,FI,FI1C2,"60.9770589,24.478227950678242",https://www.hamk.fi,2025-07-08 11:41:50,2537489,2,participant,162087,162087,0,false,
101100509,SYNBEE,889985186,BIOCATALYST NODIBINAJUMS,BIOCATALYST FOUNDATION,false,OTH,Riga,LV,LV00A,"56.9571451,24.1089473",,2025-07-08 11:41:50,1980519,5,participant,149350,149350,0,false,
101072180,Green2Ice,998711419,THE UNIVERSITY OF MANITOBA,,false,HES,Manitoba,CA,CA,"55.001251,-97.001038",http://www.umanitoba.ca,2026-02-15 21:38:58,1906305,6,participant,50000,50000,50000,false,
101080238,Bootstrap,926738874,UNIVERSITY OF GIBRALTAR,,true,HES,Gibraltar,GI,GI,"36.111245196003395,-5.347929136917555",,2026-05-11 08:16:30,1981723,18,associatedPartner,,0,0,false,
101080238,Bootstrap,920828761,UNIVERSIDADE DE MACAU,UNIVERSITY OF MACAU,false,HES,Taipa,MO,MO,"22.160224718957764,113.56382524893262",,2026-05-11 08:16:30,1989056,25,associatedPartner,,0,0,false,
101080302,AI-POD,999633113,EIBIR GEMEINNUTZIGE GMBH ZUR FORDERUNG DER ERFORSCHUNG DER BIOMEDIZINISCHEN BILDGEBUNG,,false,REC,Wien,AT,AT130,"48.2132767,16.3693347",https://www.eibir.org,2026-06-03 16:56:35,1909591,2,participant,491875,491875,491875,false,
101105000,WomenAndOceans,908150764,University of Guam,University of Guam,false,PUB,Mangilao,GU,GU,"13.42857055,144.79882945948668",,2026-06-19 16:11:24,1981780,2,associatedPartner,,0,0,false,
101106301,MetaMagic,901812881,University of Hong Kong,,false,PRC,Hong Kong,HK,HK,,,2025-05-20 16:23:13,1981781,2,associatedPartner,,0,0,true,
101113993,GreenH2Wave,887741964,FRENESIM DAS ONDAS LDA,,true,PRC,Amadora,PT,PT,"38.7927529,-9.2310089",,2023-07-11 15:44:11,1982153,1,coordinator,75000,75000,0,false,
101112988,KEEPER,999588784,POLITECHNIKA GDANSKA,GDANSK UNIVERSITY OF TECHNOLOGY,false,HES,GDANSK,PL,PL633,"54.3482259,18.6542888",http://www.pg.gda.pl,2025-11-05 11:03:36,1909285,3,participant,0,0,0,true,
101103772,ELABORATOR,900981203,MULTICRITERI-MCRIT AIE,,true,PRC,Barcelona,ES,ES511,"41.370449300000004,2.1500219563810696",,2026-06-22 12:42:03,1968677,4,participant,156625,156625,223750,false,
101119924,BE-LIGHT,999588784,POLITECHNIKA GDANSKA,GDANSK UNIVERSITY OF TECHNOLOGY,false,HES,GDANSK,PL,PL633,"54.3482259,18.6542888",http://www.pg.gda.pl,2026-04-20 12:46:21,1909285,5,participant,226512,226512,0,false,
101103283,Decide-TB,998713359,MINISTERIO DA SAUDE,MINISTRY OF HEALTH,false,PUB,Maputo,MZ,MZ,,,2026-06-03 16:58:43,2125970,10,participant,477687.5,477687.5,"477687,5",false,
101103213,IMPRIMA,883987579,INSTITUT NATIONAL DE SANTE PUBLIQUE,NATIONAL PUBLIC HEALTH INSTITUTE INSP,false,HES,Bujumbura,BI,BI,"-3.3730778777726376,29.36023312823755",,2026-06-03 16:58:44,1982382,6,participant,609267.5,609267.5,"609267,5",false,
101094346,HRJust,998808710,NATIONAL TAIWAN UNIVERSITY,NTU,false,HES,Taipei,TW,TW,"25.0182673,121.535927",http://www.ntu.edu.tw,2025-05-09 11:52:03,1912550,10,participant,48120,48120,48120,false,
101103078,PDMC Saves Lives,885433752,TRAINING & RESEARCH UNIT OF EXCELLENCE LIMITED,,false,REC,Blantyre,MW,MW,"-15.68435015,34.92278380649101",,2023-07-20 12:24:44,1982591,6,participant,295082.45,295082.45,"295082,45",false,
101103195,SEARCH II,885354503,BOTSWANA MEDICINES REGULATORY AUTHORITY,,false,PUB,Gaborone,BW,BW,"-24.6581357,25.9088474",,2026-06-03 17:01:06,1982585,2,participant,108765,108765,108765,false,
101103195,SEARCH II,954910390,FUNDACAO MANHICA,FM,false,REC,VILA DA MANHICA MAPUTO,MZ,MZ,"-25.9458524,32.569211",,2026-06-03 17:01:06,1970787,7,participant,132335.13,132335.13,"132335,13",false,
101103195,SEARCH II,885353145,MINISTRY OF HEALTH LESOTHO,Ministry of Health,false,PUB,Maseru,LS,LS,"-29.31189015,27.479882511867103",,2026-06-03 17:01:06,1982588,4,participant,82596.25,82596.25,"82596,25",false,
101103195,SEARCH II,975490492,MINISTRY OF HEALTH,,false,PUB,Mbabane,SZ,SZ,"-26.316323130424085,31.145112040535267",http://www.gov.sz,2026-06-03 17:01:06,2155962,3,participant,93022.5,93022.5,"93022,5",false,
101106688,VIZPROP,999858347,BIRZEIT UNIVERSITY,BIRZEIT UNIVERSITY,true,HES,BIRZEIT,PS,PS,"32.461645,35.2980604",http://www.birzeit.edu,2026-06-03 12:38:30,1911433,2,associatedPartner,,0,0,false,
101084332,PHITO,887868646,SMARTFARMING B.V.,,true,PRC,WAGENINGEN,NL,NL221,"51.9686076,5.6680434",,2026-04-15 15:21:24,1982528,2,participant,407006.25,407006.25,"581437,5",false,
101106395,SOLACE-aDNA,997324028,UNIVERSITY OF THE SOUTH PACIFIC,USP,false,HES,Suva,FJ,FJ,"-18.1493051,178.45316212915193",https://www.usp.ac.fj,2025-07-30 14:08:06,1948564,4,associatedPartner,,0,0,false,
101103059,GREAT-LIFE,883987579,INSTITUT NATIONAL DE SANTE PUBLIQUE,NATIONAL PUBLIC HEALTH INSTITUTE INSP,false,HES,Bujumbura,BI,BI,"-3.3730778777726376,29.36023312823755",,2026-06-03 17:02:10,1982382,4,participant,412500,412500,412500,false,
101120560,AGRI-DRY,884401963,The Botswana Society,The Botswana Society,false,REC,Gaborone,BW,BW,"-24.6581357,25.9088474",,2026-06-03 17:03:25,1982525,11,associatedPartner,,0,0,false,
101120342,DAiSI,890779713,Athletics Integrity Unit,,false,OTH,Monaco,MC,MC,"43.7327806,7.4252031",,2026-06-03 17:04:02,1982848,5,associatedPartner,,0,0,false,
101112089,AIMS5.0,997393577,AITIA INTERNATIONAL INFORMATIKAI ZARTKORUEN MUKODO RT,AITIA INTERNATIONAL,true,PRC,Budapest,HU,HU110,"47.5793383,19.052829826241954",http://www.aitia.ai,2026-06-19 16:16:05,1918860,33,participant,258750,258750,862500,false,
101112089,AIMS5.0,999588784,POLITECHNIKA GDANSKA,GDANSK UNIVERSITY OF TECHNOLOGY,false,HES,GDANSK,PL,PL633,"54.3482259,18.6542888",http://www.pg.gda.pl,2026-06-19 16:16:05,1909285,46,participant,136836.26,136836.26,"390960,74",false,
101119897,AIM-NEXT,962882432,HILTI AKTIENGESELLSCHAFT,,false,PRC,Schaan,LI,LI000,"47.1663397,9.510312",,2026-06-03 17:04:11,1947339,11,associatedPartner,,0,0,false,
101112282,Resilient Trust,999588784,POLITECHNIKA GDANSKA,GDANSK UNIVERSITY OF TECHNOLOGY,false,HES,GDANSK,PL,PL633,"54.3482259,18.6542888",http://www.pg.gda.pl,2026-04-20 15:25:15,1909285,29,associatedPartner,,0,0,true,
101112109,SUSTRONICS,999588784,POLITECHNIKA GDANSKA,GDANSK UNIVERSITY OF TECHNOLOGY,false,HES,GDANSK,PL,PL633,"54.3482259,18.6542888",http://www.pg.gda.pl,2026-06-19 16:16:04,1909285,36,participant,374587.5,374587.5,1070250,false,
101111977,Arrowhead FPVN,997393577,AITIA INTERNATIONAL INFORMATIKAI ZARTKORUEN MUKODO RT,AITIA INTERNATIONAL,true,PRC,Budapest,HU,HU110,"47.5793383,19.052829826241954",http://www.aitia.ai,2026-06-19 16:15:12,1918860,8,participant,260625,260625,868750,false,
101103476,ERA TALENT,998241163,STREDISKO SPOLECNYCH CINNOSTI AV CR v.v.i.,"SSC AV CR, v.v.i.",false,PUB,Prague 1,CZ,CZ,"50.0815432,14.4142369",https://www.ssc.cas.cz,2025-04-28 13:39:14,1941073,21,participant,52500,52500,52500,false,
101103476,ERA TALENT,995591705,UNIVERZITET U BANJOJ LUCI,UNIVERSITY OF BANJA LUKA,false,HES,BANJA LUKA,BA,BA,"44.7719893,17.1898768",https://www.unibl.org,2025-04-28 13:39:14,2149128,26,participant,22500,22500,22500,false,
101109743,Quivers,998808710,NATIONAL TAIWAN UNIVERSITY,NTU,false,HES,Taipei,TW,TW,"25.0182673,121.535927",http://www.ntu.edu.tw,2025-06-10 16:10:03,1912550,3,associatedPartner,,0,0,false,
101094546,WISER,882386303,UNIVERSITE OF ORAN2,,false,PUB,ORAN,DZ,DZ,"35.7067925,-0.48658348081329506",,2026-05-06 07:31:29,1983735,21,participant,17500,17500,17500,false,
101131147,ESCULAPE,998711419,THE UNIVERSITY OF MANITOBA,,false,HES,Manitoba,CA,CA,"55.001251,-97.001038",http://www.umanitoba.ca,2026-05-04 10:20:07,1906305,12,associatedPartner,,0,0,false,
101120390,USE IPM,995591705,UNIVERZITET U BANJOJ LUCI,UNIVERSITY OF BANJA LUKA,false,HES,BANJA LUKA,BA,BA,"44.7719893,17.1898768",https://www.unibl.org,2026-06-03 17:04:31,2149128,3,participant,422275,422275,422275,false,
101114611,GEESE,991824031,Virgin Atlantic Airways Ltd,,false,PRC,Crawley,,,"51.132867859266646,-0.18120416288818297",,2024-05-06 04:38:58,1984151,17,associatedPartner,,0,0,false,
101106129,PRO-SLIDE,997262918,HONG KONG UNIVERSITY OF SCIENCE AND TECHNOLOGY,HKUST,false,HES,Hong Kong,HK,HK,"22.3154248,114.2703851",http://ami.ust.hk,2026-06-19 16:12:01,2123087,2,associatedPartner,,0,0,false,
101104268,AMIGOS,999513027,TRANSPORTOKONOMISK INSTITUTT,TOI,false,REC,Oslo,NO,NO081,"59.942353499999996,10.716316407483461",http://www.toi.no,2025-10-07 14:49:08,1913433,20,participant,683931.25,683931.25,"683931,25",false,
101103140,MOBILE MEN,997899432,WITS HEALTH CONSORTIUM (PTY) LTD,WHC,false,PRC,Johannesburg,ZA,ZA,"-26.205,28.049722",https://www.witshealth.co.za,2026-06-03 16:16:03,1935497,7,participant,3362.5,3362.5,"3362,5",false,
101130969,WE4STEM,908038729,UNIVERSITAS MUHAMMADIYAH PONTIANAK,UNIVERSITAS MUHAMMADIYAH PONTIANAK,false,HES,Pontianak,ID,ID,"-0.0486682,109.3437752",,2023-08-13 23:10:55,1970842,6,associatedPartner,,0,0,false,
101087162,SeaTecHub,887124268,SIBENSKO-KNINSKA ZUPANIJA,SIBENIK-KNIN COUNTY,false,PUB,SIBENIK,HR,HR034,"43.7337065,15.8964835",,2025-11-11 15:18:21,1983773,12,participant,232075,232075,232075,false,
101123326,INHERIT,970538448,RIGAS PLANOSANAS REGIONS,,false,PUB,Riga,LV,LV00A,"56.9493977,24.1051846",https://www.rpr.gov.lv,2026-01-23 07:56:15,1918109,12,participant,175825,175825,175825,false,
101092049,FORTIFIEDx,882399689,CENTRE NATIONAL DE FORMATION ET DE RECHERCHE EN SANTE RURALE DE MAFERINYAH,Centre National de Formation et de Recherche en Santé Rurale de Maferinyah,false,REC,FORECARIAH,GN,GN,"9.5455038,-13.2855794",,2024-09-06 17:45:03,1983869,9,participant,60425,60425,60425,false,
101120218,HumAIne,950828727,GFT ITALIA SRL,GFT,false,PRC,MILANO,IT,ITC4C,"45.4667971,9.1904984",,2025-07-22 13:48:09,2385054,1,coordinator,725000,725000,725000,false,
101089112,EDUCHANGE,869529147,ELTE KOZGAZDASAG- ES REGIONALIS TUDOMANYI KUTATOKOZPONT,ELTE KRTK,false,REC,Budapest,HU,HU110,"47.4736696,19.0744233",,2025-11-11 15:17:53,1994266,2,participant,70931,70931,70931,false,
101131263,ACROPICS,994168036,ROYAL UNIVERSITY OF AGRICULTURE,RUA,false,HES,Phnom Penh,KH,KH,"11.568271,104.9224426",http://www.rua.edu.kh,2024-09-06 18:33:16,2136649,12,associatedPartner,,0,0,false,
101129903,SAV,996467906,MACQUARIE UNIVERSITY,,false,HES,Sydney,AU,AU,"-33.8548157,151.2164539",,2026-06-03 16:16:13,2945459,7,associatedPartner,,0,0,false,
101126571,CRYSTALLINE,999588784,POLITECHNIKA GDANSKA,GDANSK UNIVERSITY OF TECHNOLOGY,false,HES,GDANSK,PL,PL633,"54.3482259,18.6542888",http://www.pg.gda.pl,2026-05-25 13:19:11,1909285,14,associatedPartner,,0,0,false,
101131090,K-Reporters,924681601,UNIVERSIDAD DE EL SALVADOR,,false,HES,SAN SALVADOR,SV,SV,"13.692948093213836,-89.21820783137152",,2026-06-03 16:16:27,1984413,10,associatedPartner,,0,0,false,
101081276,PREVENT,929283572,UNIVERSITE MOHAMMED V DE RABAT,UNIVERSITE MOHAMMED V DE RABAT,true,HES,Rabat,MA,MA,"34.0014733,-6.8435247",http://www.um5.ac.ma,2026-06-03 16:16:31,2303049,8,participant,141875,141875,141875,false,
101096250,RePower,886648289,AFRICA GREENTEC NIGER SARL,AGT NIGER,true,PRC,Niamey,NE,NE,"13.5395606,2.0639749",,2026-06-03 16:16:32,1984979,2,thirdParty,0,279252.56,0,false,
101121863,FRONTIERS,905336988,ENSPIRE SCIENCE LTD,,true,PRC,REHOVOT,IL,IL,"32.0523573,34.7626219",,2026-06-03 16:16:38,1977393,1,coordinator,844187.5,844187.5,"844187,5",false,
101126688,CarrerasPathfinders,891819165,UNIVERSITY OF SHARJAH,,false,HES,Sharjah,AE,AE,"25.26519105,55.91143243267334",,2026-06-03 16:16:40,1984920,19,associatedPartner,,0,0,false,
101131738,Eye of Europe,869529147,ELTE KOZGAZDASAG- ES REGIONALIS TUDOMANYI KUTATOKOZPONT,ELTE KRTK,false,REC,Budapest,HU,HU110,"47.4736696,19.0744233",,2026-05-11 11:25:09,1994266,17,participant,42128.75,42128.75,"42128,75",false,
101131382,CLEANWATER,918939589,TECNOLOGICO NACIONAL DE MEXICO,,false,HES,Cuauhtemoc,MX,MX,"19.4326009,-99.1333416",,2026-03-24 10:48:35,2878687,11,associatedPartner,,0,0,false,
101135308,PLAN-B,999588784,POLITECHNIKA GDANSKA,GDANSK UNIVERSITY OF TECHNOLOGY,false,HES,GDANSK,PL,PL633,"54.3482259,18.6542888",http://www.pg.gda.pl,2026-06-03 16:16:52,1909285,2,participant,425050,425050,425050,false,
101130009,HYWAY,999650282,UNIVERSITI PUTRA MALAYSIA,UPM,false,HES,Selangor Darul Ehsan,MY,MY,"2.3923759,112.8471939",,2026-06-30 08:07:35,2146163,15,associatedPartner,,0,0,false,
101130009,HYWAY,885598458,HYDROGEN REFINERY LTD,,true,PRC,London,UK,UK,"51.4135952,-0.23271906653386465",,2026-06-30 08:07:35,1984593,6,associatedPartner,,0,0,false,
101130915,AQUARIUS,998297908,GRONLANDS NATURINSTITUT,,false,REC,Nuuk,GL,GL,"64.1905067,-51.6952546940986",,2026-06-03 16:17:34,1916692,6,participant,219687.5,219687.5,"219687,5",false,
101130949,POLARIN,998297908,GRONLANDS NATURINSTITUT,,false,REC,Nuuk,GL,GL,"64.1905067,-51.6952546940986",,2025-12-04 10:19:03,1916692,24,participant,85525,85525,85525,false,
101131106,LESIA,997262918,HONG KONG UNIVERSITY OF SCIENCE AND TECHNOLOGY,HKUST,false,HES,Hong Kong,HK,HK,"22.3154248,114.2703851",http://ami.ust.hk,2026-04-24 14:07:11,2123087,11,associatedPartner,,0,0,false,
101131342,6G-ICARUS,882980525,INNOVATIVE DRONE SOLUTIONS PTY LTD,Sixarms,true,PRC,Gold Coast,AU,AU,"-28.1107626,153.4392919",,2026-04-20 12:42:04,1984664,20,associatedPartner,,0,0,false,
101131146,UPGRADE,893188029,Servicio Geologico National,,false,PUB,Santo Domingo,DO,DO,"18.5638543,-69.8531692",,2026-06-03 16:17:33,1984658,14,associatedPartner,,0,0,false,
101131725,EULAC ENERGYTRAN,915207611,FUNDACION CENTRO DE ALTA TECNOLOGIA,HIGH TECH CENTER FOUNDATION,false,REC,San Jose,CR,CR,"9.9325427,-84.0795782",,2026-06-19 16:25:48,3145041,10,participant,74981.25,74981.25,0,false,
101131725,EULAC ENERGYTRAN,918939589,TECNOLOGICO NACIONAL DE MEXICO,,false,HES,Cuauhtemoc,MX,MX,"19.4326009,-99.1333416",,2026-06-19 16:25:48,2878687,8,participant,75000,75000,0,false,
101135209,XR5.0,950828727,GFT ITALIA SRL,GFT,false,PRC,MILANO,IT,ITC4C,"45.4667971,9.1904984",,2026-05-18 14:10:51,2385054,1,coordinator,524825,524825,749750,false,
101135671,TrustLLM,883476971,MIOEIND EHF.,,true,PRC,REYKJAVIK,IS,IS001,"64.15675625,-21.95119361489469",,2026-01-12 02:56:04,1984783,5,participant,746875,746875,746875,false,
101135861,SPIDER,915207611,FUNDACION CENTRO DE ALTA TECNOLOGIA,HIGH TECH CENTER FOUNDATION,false,REC,San Jose,CR,CR,"9.9325427,-84.0795782",,2026-04-20 12:38:50,3145041,9,participant,175025,175025,175025,false,
101097789,MACROMGR,869529147,ELTE KOZGAZDASAG- ES REGIONALIS TUDOMANYI KUTATOKOZPONT,ELTE KRTK,false,REC,Budapest,HU,HU110,"47.4736696,19.0744233",,2025-12-18 12:07:51,1994266,2,participant,345102,345102,345102,false,
101105930,CCU Structure,997262918,HONG KONG UNIVERSITY OF SCIENCE AND TECHNOLOGY,HKUST,false,HES,Hong Kong,HK,HK,"22.3154248,114.2703851",http://ami.ust.hk,2024-09-06 17:45:22,2123087,2,associatedPartner,,0,0,false,
101135144,Bio4HUMAN,905336988,ENSPIRE SCIENCE LTD,,true,PRC,REHOVOT,IL,IL,"32.0523573,34.7626219",,2026-03-30 11:32:08,1977393,1,coordinator,191457.08,191457.08,0,false,
101131703,EU-LAC ResInfra Plus,892673638,PRESIDENCIA DE LA REPUBLICA,,false,PUB,MONTEVIDEO,UY,UY,"-34.9071401,-56.2004326",,2026-06-03 16:17:59,1974858,2,participant,41452.68,41452.68,0,false,
101131703,EU-LAC ResInfra Plus,950832122,MINISTERIO DE  CIENCIA TECNOLOGIA E  INNOVACION MINCIENCIAS,,false,PUB,Bogota,CO,CO,"4.6533326,-74.083652",http://www.colciencias.gov.co,2026-06-03 16:17:59,1919613,14,participant,20812.5,20812.5,0,false,
101131703,EU-LAC ResInfra Plus,958320134,Ministerio de Ciencia y Tecnologia de Costa Rica,MICIT,false,PUB,San Jose,CR,CR,"9.9325427,-84.0795782",http://www.micit.go.cr,2026-06-03 16:17:59,1943387,13,participant,32225,32225,0,false,
101132476,Link4Skills,883387731,INTERNATIONAL INSTITUTE OF MIGRATION AND DEVELOPMENT,,false,REC,TRIVANDRUM,IN,IN,"8.576970549999999,77.05012463730725",,2026-05-21 18:36:27,1990673,14,participant,84215,84215,84215,false,
101121100,D2XCEL,950322193,ZAZ VENTURES,,true,PRC,TOURNAI,BE,BE328,"50.6362715,3.3758997",,2025-12-18 12:08:36,1985150,7,participant,127615,127615,127615,false,
101119985,EU-GLOCTER,996467906,MACQUARIE UNIVERSITY,,false,HES,Sydney,AU,AU,"-33.8548157,151.2164539",,2025-07-15 20:12:35,2945459,12,associatedPartner,,0,0,false,
101130177,MARS,878858219,Hamad Bin Khalifa University,Hamad Bin Khalifa University,false,HES,Qatar,QA,QA,"25.314481800000003,51.4291666472648",,2026-06-19 16:23:55,1989035,17,associatedPartner,,0,0,true,
101095661,INSAFEDARE,886558758,ETHOS LIMITED,ETHOS LIMITED,true,PRC,DOUGLAS,IM,IM,"54.149774,-4.4779021",,2026-06-03 16:18:13,1985433,9,associatedPartner,,0,0,false,
101135539,RISERS,905336988,ENSPIRE SCIENCE LTD,,true,PRC,REHOVOT,IL,IL,"32.0523573,34.7626219",,2026-04-24 14:07:11,1977393,1,coordinator,226750,226750,0,false,
101136566,ENDOMIX,999633113,EIBIR GEMEINNUTZIGE GMBH ZUR FORDERUNG DER ERFORSCHUNG DER BIOMEDIZINISCHEN BILDGEBUNG,,false,REC,Wien,AT,AT130,"48.2132767,16.3693347",https://www.eibir.org,2024-01-17 13:45:38,1909591,9,participant,432500,432500,432500,false,
101120693,EmpoWOMEN,887271708,National Startup Association of Georgia,Startup Georgia,false,OTH,Tbilisi,GE,GE,"41.7317747,44.7736904",,2025-12-02 18:10:28,1985223,8,associatedPartner,,0,0,false,
101135392,WORM,921755596,CONG TY TNHH DAI HOC RMIT VIET NAM,RMIT UNIVERSITY VIETNAM LLC,false,HES,HO CHI MINH CITY,VN,VN,"10.72991265,106.693208239997",,2026-06-19 16:29:32,3006344,4,participant,205875,205875,0,false,
101134117,WelFarmers,889428794,ASOCIATA PRODUCATORILOR DE CARNE DE PORC DIN ROMANIA,APCPR,false,OTH,BUCURESTI,RO,RO321,"44.4361414,26.1027202",,2026-02-09 15:29:31,1985506,13,participant,75000,75000,0,false,
101134908,BIOCONNECT,889985186,BIOCATALYST NODIBINAJUMS,BIOCATALYST FOUNDATION,false,OTH,Riga,LV,LV00A,"56.9571451,24.1089473",,2025-03-24 21:55:42,1980519,1,coordinator,94062.5,94062.5,0,false,
101112972,DesirMED,996539201,Splitsko-dalmatinska županija,,false,PUB,Split,HR,HR035,"43.4218536,16.7130959",,2026-06-17 15:02:31,1923610,11,participant,426250,426250,426250,false,
101082049,TOLERATE,915203828,STRATEGIC OMNIA RESEARCH AND TECHNOLOGY DEVELOPMENT LTD,Omnia,true,PRC,LIMASSOL,CY,CY000,"34.6875917,33.06549395148737",,2026-05-20 16:07:12,1978666,10,participant,149874.88,149874.88,"149874,88",false,
101116387,TrackFLU,974456472,INSTITUT PASTEUR DU CAMBODGE,IPC,false,REC,Phnom Penh,KH,KH,"11.5817572,104.9169853",http://www.pasteur-kh.org,2026-05-11 11:19:16,2013176,2,participant,408987.5,408987.5,"408987,5",false,
101137814,SAFE4ALL,887984367,ZIMBABWE FARMERS UNION,,false,OTH,Harare,ZW,ZW,"-17.8567035,31.0601584",,2026-06-19 16:35:02,1985620,7,participant,238750,238750,238750,false,
101129940,PRELAB,984078484,NATIONAL UNIVERSITY OF LAOS,NUOL,false,HES,VIENTIANE,LA,LA,"17.9640988,102.6133707",https://www.nuol.edu.la,2026-06-03 16:19:53,1935245,17,associatedPartner,,0,0,false,
101131346,GreenCosmIn,940867118,UNIVERSITE DE LA POLYNESIE FRANCAISE,UPF,false,HES,TAHITI,PF,PF,"-17.68734395,-149.44516811423745",,2025-10-20 17:38:03,1985804,13,participant,55200,55200,0,false,
101131346,GreenCosmIn,928397380,MONGOLIAN NATIONAL UNIVERSITY OF MEDICAL SCIENCES,MNUMS,false,HES,Ulaanbaatar,MN,MN,"47.9184676,106.9177016",,2025-10-20 17:38:03,1950080,14,associatedPartner,,0,0,false,
101136627,WIRE FilmEU,867275546,Universidade Lusófona de Cabo Verde,Cooperativa de Formação e Animação Cultural - Sucursal de Cabo Verde,false,PRC,Mindelo,CV,CV,,,2026-06-19 16:30:18,1997529,11,associatedPartner,,0,0,false,
101136770,StEPPFoS,998296065,"FORUM FOR AGRICULTURAL RESEARCH IN AFRICA, GHANA",FARA,false,OTH,ACCRA,GH,GH,"5.6052829,-0.2023283",http://www.fara-africa.org,2026-06-19 16:32:03,2130273,1,coordinator,552918.75,552918.75,0,false,
101137209,GO GREEN NEXT,882253607,PROJECT GREEN,,false,PUB,San Gwann,MT,MT001,"35.9093052,14.4788042",,2026-06-29 16:42:12,1986203,17,participant,75625,75625,75625,false,
101137283,CONTAGIO,997680018,UNIVERSIDAD DE CARABOBO,UC,false,HES,VALENCIA,VE,VE,"10.2146035,-68.0084799",http://www.uc.edu.ve,2026-06-19 16:34:03,1912285,11,participant,62025,62025,62025,false,
101137283,CONTAGIO,918939686,SOSECALI C LTDA,SOSECALI C.LTDA,false,PRC,Guayaquil,EC,EC,"-2.1898771,-79.8877153",,2026-06-19 16:34:03,2720216,7,participant,55000,55000,55000,false,
101138478,DYNAPORT,896736677,LATSCO MARINE MANAGEMENT INC,,false,PRC,PANAMA,PA,PA,"8.9780651,-79.5231994",,2026-06-19 16:40:00,1986320,15,associatedPartner,,0,0,false,
101139730,GreenInCities,900981203,MULTICRITERI-MCRIT AIE,,true,PRC,Barcelona,ES,ES511,"41.370449300000004,2.1500219563810696",,2026-03-30 11:32:45,1968677,9,participant,372575,372575,532250,false,
101136480,SEA-Quester,998297908,GRONLANDS NATURINSTITUT,,false,REC,Nuuk,GL,GL,"64.1905067,-51.6952546940986",,2026-06-19 16:30:18,1916692,3,participant,467872.5,467872.5,0,false,
101111903,ZAHYR,885276515,TRANSPRES DELIVARI,TRANSPRESS,false,PRC,Veliko Tarnovo,BG,BG321,"43.0820584,25.6321312",,2023-12-26 16:51:18,1985911,8,participant,6000,6000,1118500,false,
101138373,META BUILD,970538448,RIGAS PLANOSANAS REGIONS,,false,PUB,Riga,LV,LV00A,"56.9493977,24.1051846",https://www.rpr.gov.lv,2026-06-29 16:42:58,1918109,32,participant,232350,232350,232350,false,
101135094,ZOE,915207611,FUNDACION CENTRO DE ALTA TECNOLOGIA,HIGH TECH CENTER FOUNDATION,false,REC,San Jose,CR,CR,"9.9325427,-84.0795782",,2026-06-17 15:02:31,3145041,16,participant,113667.54,113667.54,"113667,54",false,
101135094,ZOE,996746878,UNIVERSIDAD DEL VALLE DE GUATEMALA,UVG,false,HES,Guatemala,GT,GT,"15.6356088,-89.8988087",http://www.uvg.edu.gt,2026-06-17 15:02:31,2112031,5,participant,270000,270000,270000,false,
101136659,TULIP,962018453,Centre Scientifique de Monaco,CSM,false,REC,Monaco,MC,MC,"43.7356772,7.4154553",,2024-01-08 20:39:30,1976010,11,associatedPartner,,0,0,false,
101137131,BEAMING,995591705,UNIVERZITET U BANJOJ LUCI,UNIVERSITY OF BANJA LUKA,false,HES,BANJA LUKA,BA,BA,"44.7719893,17.1898768",https://www.unibl.org,2026-06-19 16:34:01,2149128,13,participant,168875,168875,0,false,
101137242,DECIPHER,882399689,CENTRE NATIONAL DE FORMATION ET DE RECHERCHE EN SANTE RURALE DE MAFERINYAH,Centre National de Formation et de Recherche en Santé Rurale de Maferinyah,false,REC,FORECARIAH,GN,GN,"9.5455038,-13.2855794",,2024-01-08 20:41:21,1983869,9,participant,207761.25,207761.25,"207761,25",false,
101138532,AutoMat,999588784,POLITECHNIKA GDANSKA,GDANSK UNIVERSITY OF TECHNOLOGY,false,HES,GDANSK,PL,PL633,"54.3482259,18.6542888",http://www.pg.gda.pl,2026-04-20 12:26:47,1909285,11,participant,447500,447500,447500,false,
101129729,LOC3G,999588784,POLITECHNIKA GDANSKA,GDANSK UNIVERSITY OF TECHNOLOGY,false,HES,GDANSK,PL,PL633,"54.3482259,18.6542888",http://www.pg.gda.pl,2026-05-03 20:09:37,1909285,18,participant,23000,23000,0,false,
101135809,EXTRA-BRAIN,950828727,GFT ITALIA SRL,GFT,false,PRC,MILANO,IT,ITC4C,"45.4667971,9.1904984",,2026-04-20 12:38:43,2385054,11,participant,428750,428750,428750,false,
101136291,Support4Resilience,996467906,MACQUARIE UNIVERSITY,,false,HES,Sydney,AU,AU,"-33.8548157,151.2164539",,2025-04-15 01:21:47,2945459,13,associatedPartner,,0,0,false,
101137033,CCHFVACIM,974456472,INSTITUT PASTEUR DU CAMBODGE,IPC,false,REC,Phnom Penh,KH,KH,"11.5817572,104.9169853",http://www.pasteur-kh.org,2024-01-18 12:36:31,2013176,11,participant,428750,428750,428750,false,
101136771,CEA-FIRST,998296065,"FORUM FOR AGRICULTURAL RESEARCH IN AFRICA, GHANA",FARA,false,OTH,ACCRA,GH,GH,"5.6052829,-0.2023283",http://www.fara-africa.org,2026-06-03 12:48:43,2130273,1,coordinator,651121.88,651121.88,0,false,
101136438,GEMINI,998808710,NATIONAL TAIWAN UNIVERSITY,NTU,false,HES,Taipei,TW,TW,"25.0182673,121.535927",http://www.ntu.edu.tw,2026-06-17 15:02:31,1912550,18,associatedPartner,,0,0,false,
101136875,POMP,998711419,THE UNIVERSITY OF MANITOBA,,false,HES,Manitoba,CA,CA,"55.001251,-97.001038",http://www.umanitoba.ca,2026-06-19 16:32:04,1906305,12,associatedPartner,,0,0,false,
101136875,POMP,998297908,GRONLANDS NATURINSTITUT,,false,REC,Nuuk,GL,GL,"64.1905067,-51.6952546940986",,2026-06-19 16:32:04,1916692,5,participant,266087.59,266087.59,0,false,
101137895,ALBATROSS,999605953,ARDHI UNIVERSITY,ARU,false,REC,DAR ES SALAAM,TZ,TZ,"-6.764311,39.2120952794753",,2026-06-19 16:36:03,1940668,8,participant,198157.5,198157.5,"198157,5",false,
101138411,SAFeCRAFT,882327909,SEANERGY SHIPMANAGEMENT CORP,,false,PRC,MAJURO,MH,MH,"7.0909924,171.3816354",,2024-01-18 14:09:07,1987014,7,participant,4765775,4765775,6808250,false,
101138144,RESQTOOL,962882432,HILTI AKTIENGESELLSCHAFT,,false,PRC,Schaan,LI,LI000,"47.1663397,9.510312",,2026-06-19 16:37:57,1947339,12,associatedPartner,,0,0,false,
101137611,H2tALENT,882353129,AGENCIA DE ATRAÇÃO DE INVESTIMENTOS ESTRATEGICOS DO PIAUI S/A,INVESTE PIAUÍ,false,PRC,Teresina,BR,BR,"-10.3333333,-53.2",,2026-05-21 18:36:27,1987213,25,associatedPartner,,0,0,false,
101145724,PROTECT,954910390,FUNDACAO MANHICA,FM,false,REC,VILA DA MANHICA MAPUTO,MZ,MZ,"-25.9458524,32.569211",,2026-06-19 16:44:28,1970787,5,participant,705250,705250,705250,false,
101145769,ASAAP-plus,954303946,UNIVERSITE DES SCIENCES DES TECHNIQUES ET DES TECHNOLOGIES DE BAMAKO,USTTB,false,HES,Bamako,ML,ML,"12.649319,-8.000337",,2026-06-19 16:44:40,1956528,4,participant,271153.9,271153.9,"271153,9",false,
101145740,SAFIRE,954303946,UNIVERSITE DES SCIENCES DES TECHNIQUES ET DES TECHNOLOGIES DE BAMAKO,USTTB,false,HES,Bamako,ML,ML,"12.649319,-8.000337",,2025-04-10 18:07:34,1956528,3,participant,1498928.53,1498928.53,"1498928,53",false,
101158885,RETLAMI-SEE,995591705,UNIVERZITET U BANJOJ LUCI,UNIVERSITY OF BANJA LUKA,false,HES,BANJA LUKA,BA,BA,"44.7719893,17.1898768",https://www.unibl.org,2024-04-16 19:04:10,2149128,1,coordinator,398712.5,398712.5,0,false,
101146909,CodeZERO,999513027,TRANSPORTOKONOMISK INSTITUTT,TOI,false,REC,Oslo,NO,NO081,"59.942353499999996,10.716316407483461",http://www.toi.no,2024-04-16 16:44:07,1913433,3,participant,486723.75,486723.75,"486723,75",false,
101149085,GAP,992252092,SINGAPORE MANAGEMENT UNIVERSITY,SMU,false,HES,Singapore,SG,SG,"1.2964767,103.8520228",,2026-06-19 16:53:25,2943093,2,associatedPartner,,0,0,false,
101145599,CAPACITY 2023,912093038,JOINT CLINICAL RESEARCH CENTRE,JOINT CLINICAL RESEARCH CENTRE,false,REC,KAMPALA,UG,UG,"0.3177137,32.5813539",,2026-06-19 16:44:12,1987461,3,participant,170065.51,170065.51,"170065,51",false,
101145712,INTENSE-TBM-2,986872084,Institut Pasteur de Madagascar,IPM,false,REC,Antananarivo,MG,MG,"-18.7920779,47.7823214",,2026-06-19 16:44:19,1947090,2,participant,129343.75,129343.75,"129343,75",false,
101145822,IMCI-PLUS,997899432,WITS HEALTH CONSORTIUM (PTY) LTD,WHC,false,PRC,Johannesburg,ZA,ZA,"-26.205,28.049722",https://www.witshealth.co.za,2026-06-19 16:45:20,1935497,1,coordinator,1279857.5,1279857.5,"1279857,5",false,
101145812,STOOL4TB,954910390,FUNDACAO MANHICA,FM,false,REC,VILA DA MANHICA MAPUTO,MZ,MZ,"-25.9458524,32.569211",,2026-06-17 15:02:31,1970787,2,participant,62542.5,62542.5,"62542,5",false,
101149047,HOPE,893224889,DE PAUL UNIVERSITY,,false,HES,Chicago,US,US,"41.8779269,-87.6273347",,2025-09-02 00:06:45,1969860,2,associatedPartner,,0,0,false,
101147445,ProtAct-Us,996467906,MACQUARIE UNIVERSITY,,false,HES,Sydney,AU,AU,"-33.8548157,151.2164539",,2025-12-18 12:22:11,2945459,14,associatedPartner,,0,0,false,
101147432,SAFARI,906155862,OFFICE D'EXPLOITATION DU PORT DE TRIPOLI,OEPT,false,PUB,Tripoli,LB,LB,"34.435886249999996,35.84404568358576",,2026-06-22 11:56:34,1987566,15,participant,169431.25,169431.25,"169431,25",false,
101149523,EIS-QKD,940379596,University of Toyama,UT,false,OTH,Toyama,JP,JP,"36.6957569,137.2136215",,2026-06-19 16:52:56,3144772,3,associatedPartner,,0,0,false,
101117940,TB-QUEST,954910390,FUNDACAO MANHICA,FM,false,REC,VILA DA MANHICA MAPUTO,MZ,MZ,"-25.9458524,32.569211",,2024-04-22 17:56:27,1970787,2,participant,925000,925000,925000,false,
101162134,NightMission,999588784,POLITECHNIKA GDANSKA,GDANSK UNIVERSITY OF TECHNOLOGY,false,HES,GDANSK,PL,PL633,"54.3482259,18.6542888",http://www.pg.gda.pl,2026-03-24 16:19:02,1909285,2,participant,28218.5,28218.5,0,false,
101147855,DATAWiSE,970538448,RIGAS PLANOSANAS REGIONS,,false,PUB,Riga,LV,LV00A,"56.9493977,24.1051846",https://www.rpr.gov.lv,2026-02-03 05:45:15,1918109,13,participant,170893.75,170893.75,0,false,
101160253,ENPOWER,995591705,UNIVERZITET U BANJOJ LUCI,UNIVERSITY OF BANJA LUKA,false,HES,BANJA LUKA,BA,BA,"44.7719893,17.1898768",https://www.unibl.org,2024-12-31 09:30:22,2149128,1,coordinator,580484.98,580484.98,0,false,
101145638,PYRAPREG-extended,954303946,UNIVERSITE DES SCIENCES DES TECHNIQUES ET DES TECHNOLOGIES DE BAMAKO,USTTB,false,HES,Bamako,ML,ML,"12.649319,-8.000337",,2026-06-19 16:44:15,1956528,2,participant,322875,322875,322875,false,
101145638,PYRAPREG-extended,954910390,FUNDACAO MANHICA,FM,false,REC,VILA DA MANHICA MAPUTO,MZ,MZ,"-25.9458524,32.569211",,2026-06-19 16:44:15,1970787,6,participant,179059.56,179059.56,"179059,56",false,
101146689,DTWO,999588784,POLITECHNIKA GDANSKA,GDANSK UNIVERSITY OF TECHNOLOGY,false,HES,GDANSK,PL,PL633,"54.3482259,18.6542888",http://www.pg.gda.pl,2026-01-29 00:58:48,1909285,8,participant,222225,222225,0,false,
101155958,MOUNTADAPT,881160029,SERVEI ANDORRÀ D'ATENCIÓ SANITÀRIA,,false,PUB,Escaldes-Engordany,AD,AD,"42.5122627,1.5348816",,2026-06-03 12:51:36,1987689,26,associatedPartner,,0,0,false,
101147383,AfricaEnergyParks,881136555,PARTNERS IN PARTICIPATORY DEVELOPMENT,Partners in Participatory Development,false,OTH,BOLE,GH,GH,"9.0324846,-2.4895105",,2026-06-19 16:45:39,1987770,7,participant,204375,204375,204375,false,
101147412,SIRCULAR,881126079,BALTI VARA EHITUS OU,,true,PRC,TARTU,EE,EE008,"58.38071385,26.733493337645314",,2025-08-05 15:56:21,1987761,14,participant,453999.88,453999.88,"648571,25",false,
101157200,BASE,889616392,SQM SA,,false,PRC,Santiago,CL,CL,"-33.413794949999996,-70.5865420199983",,2025-10-20 17:38:03,1974462,17,associatedPartner,,0,0,false,
101147385,Minority Report,999873673,UNIVERSITY OF CANTERBURY,,false,HES,CHRISTCHURCH,NZ,NZ,"-43.530955,172.6366455",https://www.canterbury.ac.nz,2024-09-06 18:32:06,2125705,7,participant,197500,197500,197500,false,
101145675,EBO-PEP,881477704,AGENCE NATIONALE DE SECURITE SANITAIRE,,false,REC,CONAKRY,GN,GN,"9.515174440792869,-13.707258863512813",,2026-06-19 16:44:15,1988135,7,participant,100000,100000,100000,false,
101133987,ForestAgriGreenNudge,907726680,ASSOCIATION D'EDUCATION ENVIRONNEMENTALE POUR LES FUTURES GENERATION,Association d'éducation Environnementale pour les Futures Générations (AEEFG),false,OTH,TUNIS,TN,TN,"37.1582975,9.806797798695769",,2025-10-20 17:38:03,1988227,9,participant,54750,54750,54750,false,
101156589,SOILPROM,999588784,POLITECHNIKA GDANSKA,GDANSK UNIVERSITY OF TECHNOLOGY,false,HES,GDANSK,PL,PL633,"54.3482259,18.6542888",http://www.pg.gda.pl,2026-06-25 11:32:40,1909285,8,participant,296050,296050,296050,false,
101169465,EuroMedMig,929283572,UNIVERSITE MOHAMMED V DE RABAT,UNIVERSITE MOHAMMED V DE RABAT,true,HES,Rabat,MA,MA,"34.0014733,-6.8435247",http://www.um5.ac.ma,2026-06-25 11:33:06,2303049,17,associatedPartner,,0,0,false,
101169465,EuroMedMig,929283572,UNIVERSITE MOHAMMED V DE RABAT,UNIVERSITE MOHAMMED V DE RABAT,true,HES,Rabat,MA,MA,"34.0014733,-6.8435247",http://www.um5.ac.ma,2026-06-25 11:33:06,2303049,5,participant,0,0,0,true,
101183033,STOP-MATING,986872084,Institut Pasteur de Madagascar,IPM,false,REC,Antananarivo,MG,MG,"-18.7920779,47.7823214",,2026-06-25 11:33:15,1947090,8,associatedPartner,,0,0,false,
101183033,STOP-MATING,894528375,Institut Pasteur de Bangui,,false,OTH,Bangui,CF,CF,"4.439994,18.5361266",,2026-06-25 11:33:15,1988654,7,associatedPartner,,0,0,false,
101169280,EUFOG,999873673,UNIVERSITY OF CANTERBURY,,false,HES,CHRISTCHURCH,NZ,NZ,"-43.530955,172.6366455",https://www.canterbury.ac.nz,2026-06-25 11:33:22,2125705,7,associatedPartner,,0,0,false,
101168576,HealthIntelAct,889726390,Registered Nurses Association of Ontario,Registered Nurses' Association of Ontario,true,OTH,Toronto,CA,CA,"43.663199,-79.3839865",,2026-03-04 11:43:02,1988770,23,associatedPartner,,0,0,false,
101167768,VIVACE,889721346,Human Link,,false,REC,Baabda,LB,LB,"33.8221135,35.5424616",,2026-05-11 11:27:00,1988722,15,associatedPartner,,0,0,false,
101182877,HEPHAESTUS,999588784,POLITECHNIKA GDANSKA,GDANSK UNIVERSITY OF TECHNOLOGY,false,HES,GDANSK,PL,PL633,"54.3482259,18.6542888",http://www.pg.gda.pl,2026-05-26 14:58:44,1909285,3,participant,96600,96600,0,false,
101147311,LAPERITIVO,906552980,GREEN ENERGY PARK,GEP,false,REC,BENGUERIR,MA,MA,"32.22120100294158,-7.928934728574714",,2026-03-27 15:10:23,1972289,15,participant,0,0,0,false,
101168562,SafeHorizon,999810623,Cyprus police,,false,PUB,Nicosia,CY,CY000,"35.1554534,33.3475976726927",http://www.police.gov.cy,2026-04-24 14:07:11,1906017,10,participant,170000,170000,170000,false,
101168349,eNOVATION,877542996,Ministry of Emergency Situations of the Republic of Uzbekistan,Ministry of Emergency Situations of the Republic of Uzbekistan,false,PUB,Tashkent,UZ,UZ,"41.3123363,69.2787079",,2026-06-03 12:58:03,1988907,22,participant,28750,28750,28750,false,
101168349,eNOVATION,870889184,Educational Complex of the Ministry of Internal Affairs of the Republic of Armenia,MIA Educational Complex,false,HES,Yerevan,AM,AM,"40.1561936,44.4536144",,2026-06-03 12:58:03,1996789,21,participant,22500,22500,22500,false,
101145790,CT-Luso,879152905,ARFAME,ARFAME,false,REC,Bissau,GW,GW,"11.8364508,-15.5984959",,2026-06-19 16:45:01,1988948,22,associatedPartner,,0,0,false,
101145790,CT-Luso,917208333,direcção nacional de medicamentos e equipamentos,autoridade reguladora dos medicamentos,false,PRC,Luanda,AO,AO,"-9.51803445,13.53567602042315",,2026-06-19 16:45:01,1988941,14,associatedPartner,,0,0,false,
101145790,CT-Luso,917086986,Comité Nacional de Ética em Pesquisa na Saúde (CNEPS),,false,PUB,Bissau,GW,GW,"11.8571691,-15.616317802758058",,2026-06-19 16:45:01,1988947,21,associatedPartner,,0,0,false,
101145790,CT-Luso,998713359,MINISTERIO DA SAUDE,MINISTRY OF HEALTH,false,PUB,Maputo,MZ,MZ,,,2026-06-19 16:45:01,2125970,2,participant,28973.75,28973.75,"28973,75",false,
101145790,CT-Luso,937196347,Ministério da Saúde e dos Assuntos Sociais,,false,PUB,São Tomé,ST,ST,"0.3384704011643938,6.731403728862704",,2026-06-19 16:45:01,1988946,20,associatedPartner,,0,0,false,
101195465,MBOTE-SK,998711419,THE UNIVERSITY OF MANITOBA,,false,HES,Manitoba,CA,CA,"55.001251,-97.001038",http://www.umanitoba.ca,2026-06-03 12:58:04,1906305,4,participant,50012.5,50012.5,"57012,5",false,
101182721,MONUGEO,920828761,UNIVERSIDADE DE MACAU,UNIVERSITY OF MACAU,false,HES,Taipa,MO,MO,"22.160224718957764,113.56382524893262",,2026-06-25 11:34:34,1989056,14,associatedPartner,,0,0,false,
101182948,RETROTRAFO,999650282,UNIVERSITI PUTRA MALAYSIA,UPM,false,HES,Selangor Darul Ehsan,MY,MY,"2.3923759,112.8471939",,2026-06-25 11:34:49,2146163,12,associatedPartner,,0,0,false,
101183057,GALATEA,999588784,POLITECHNIKA GDANSKA,GDANSK UNIVERSITY OF TECHNOLOGY,false,HES,GDANSK,PL,PL633,"54.3482259,18.6542888",http://www.pg.gda.pl,2024-08-20 15:27:20,1909285,7,participant,110400,110400,0,false,
101157560,SUS-SOIL,967838453,HELIOPOLIS UNIVERSITY ASSOCIATION,Heliopolis University for Sustainable Development,false,HES,Cairo,EG,EG,"30.3665687,31.5574957",http://www.hue.edu.eg,2026-06-25 11:35:41,2211865,22,participant,221750,221750,221750,false,
101182652,NEUTRAL4GS,908038729,UNIVERSITAS MUHAMMADIYAH PONTIANAK,UNIVERSITAS MUHAMMADIYAH PONTIANAK,false,HES,Pontianak,ID,ID,"-0.0486682,109.3437752",,2026-06-25 11:35:53,1970842,8,associatedPartner,,0,0,false,
101182752,ORCA,878691282,"Magtymguly Institute of Language, Literature and National Manuscripts",Institute of Manuscript of the Turkmen Academy of Sciences,false,PUB,Ashgabat,TM,TM,"37.94065055,58.38730548695236",,2026-06-25 11:35:52,1989301,14,associatedPartner,,0,0,false,
101182768,ADAPT4CE,996480807,JORDAN UNIVERSITY OF SCIENCE AND TECHNOLOGY,JUST,false,HES,Irbid,JO,JO,"32.5555885,35.8493104",,2026-06-25 11:36:32,2068580,12,associatedPartner,,0,0,false,
101182756,INSEAI 2023,948924908,UNIVERSIDAD NACIONAL DE ASUNCION,,false,HES,ASUNCION,PY,PY,"-25.2800459,-57.6343814",,2026-06-25 11:38:03,1955666,18,associatedPartner,,0,0,false,
101182734,EuAsiaN-ROOT,919273172,MONGOLIAN UNIVERSITY OF LIFE SCIENCES,,false,HES,Ulan Bator,MN,MN,"47.924990449999996,106.95245662351748",,2026-06-25 11:38:01,1989473,8,associatedPartner,,0,0,false,
101178624,EEETHOS,896960553,OILON TECHNOLOGY OY,,false,PRC,Lahti,FI,FI1C6,"61.1443743,25.6883648",,2026-06-17 15:02:31,1966262,9,participant,897750,897750,1282500,false,
101145734,BRIDGE NETWORK,989707976,INSTITUT REGIONAL DE SANTE PUBLIQUE COMLAN ALFRED QUENUM DE OUIDAH,IRSP-CAQ,false,HES,OUIDAH,BJ,BJ,"6.3491969,2.0879392",,2026-06-19 16:44:31,1989859,6,participant,506187.5,506187.5,"506187,5",false,
101177528,UNDERCOVER,879778264,ONGWE MINERALS (PTY) LTD,,false,PRC,Windhoek,NA,NA,"-22.5743922,17.0790688",,2026-06-25 11:39:01,1989529,7,participant,75000,75000,75000,false,
101177962,BLOOM,879192287,Universidade Federal de Catalão,Universidade Federal de Catalão,false,PUB,Catalão,BR,BR,"-10.3333333,-53.2",,2026-06-29 16:56:03,1989533,14,associatedPartner,,0,0,false,
101178444,PERMANET,965891760,CENTRE CIM FUNDACIO PRIVADA,FCIM,false,REC,Barcelona,ES,ES511,"41.3826961,2.1152162",http://www.fundaciocim.org,2026-06-25 11:39:23,2173700,6,participant,386250,386250,386250,false,
101182819,COVER,999588784,POLITECHNIKA GDANSKA,GDANSK UNIVERSITY OF TECHNOLOGY,false,HES,GDANSK,PL,PL633,"54.3482259,18.6542888",http://www.pg.gda.pl,2026-06-25 11:40:03,1909285,4,participant,27600,27600,0,false,
101145709,Ebola PREP-TBOX,892581488,FONDATION CONGOLAISE POUR LA RECHERCHE MEDICALE,,false,OTH,BRAZZAVILLE,CG,CG,"-0.7264327,15.6419155",,2026-06-19 16:44:29,1967607,7,participant,883916.66,883916.66,"883916,66",false,
101182946,GHOST,998808710,NATIONAL TAIWAN UNIVERSITY,NTU,false,HES,Taipei,TW,TW,"25.0182673,121.535927",http://www.ntu.edu.tw,2024-10-03 16:51:03,1912550,10,associatedPartner,,0,0,false,
101177536,RADAR,893910485,REGIONAL SCHOOL OF PUBLIC ADMINISTRATION,REGIONALNA SKOLA ZA DRZAVNU UPRAVU DANILOVGRAD,false,PUB,Danilovgrad,ME,ME000,"42.5499513,19.1042769",,2026-04-24 14:07:11,1989780,10,participant,163000,163000,163000,false,
101178027,ANIMA MUNDI,886375622,Linking Market Forces for European Film and Television,LMF asbl,false,OTH,Liege,BE,BE332,"50.638627400000004,5.570777935556581",,2026-06-29 16:56:09,1989895,13,participant,118942.5,118942.5,0,false,
101178736,EU-ALMPO,999588784,POLITECHNIKA GDANSKA,GDANSK UNIVERSITY OF TECHNOLOGY,false,HES,GDANSK,PL,PL633,"54.3482259,18.6542888",http://www.pg.gda.pl,2026-06-29 16:56:53,1909285,3,participant,243750,243750,243750,false,
101195102,MPOX-PROBE,892581488,FONDATION CONGOLAISE POUR LA RECHERCHE MEDICALE,,false,OTH,BRAZZAVILLE,CG,CG,"-0.7264327,15.6419155",,2026-06-03 13:00:36,1967607,2,participant,484242.5,484242.5,"484242,5",false,
101181231,WINDHY,996467906,MACQUARIE UNIVERSITY,,false,HES,Sydney,AU,AU,"-33.8548157,151.2164539",,2026-06-25 11:40:35,2945459,10,associatedPartner,,0,0,false,
101188078,FIDELIS,999588784,POLITECHNIKA GDANSKA,GDANSK UNIVERSITY OF TECHNOLOGY,false,HES,GDANSK,PL,PL633,"54.3482259,18.6542888",http://www.pg.gda.pl,2026-06-17 16:12:35,1909285,13,participant,59625,59625,0,false,
101177706,COLUMN,915917069,ANTON DE KOM UNIVERSITEIT VAN SURINAME,ADEKUS,false,HES,PARAMARIBO,SR,SR,"5.813057761780794,-55.21722411246823",,2025-05-09 11:56:07,1990139,8,participant,148135,148135,0,false,
101182840,UPGRADE,911378536,DENESHGAH E ELM SANAAT E IRAN,IRAN UNIVERSITY OF SCIENCE AND TECHNOLOGY,false,HES,TEHRAN,IR,IR,"35.7500845,51.516695",,2026-06-25 11:41:17,1948257,19,associatedPartner,,0,0,false,
101182840,UPGRADE,998297908,GRONLANDS NATURINSTITUT,,false,REC,Nuuk,GL,GL,"64.1905067,-51.6952546940986",,2026-06-25 11:41:17,1916692,6,participant,4600,4600,0,false,
101187947,WeatherGenerator,879350979,BULUTTAN METEOROLOJI VE TEKNOLOJI AS,BULUTTAN METEOROLOJİ VE TEKNOLOJİ AS,false,PRC,ISTANBUL,TR,TR100,"41.1130783,29.008671206401882",,2026-03-04 12:08:02,1990169,11,participant,650000,650000,0,false,
101183153,WST,996467906,MACQUARIE UNIVERSITY,,false,HES,Sydney,AU,AU,"-33.8548157,151.2164539",,2026-03-17 09:55:55,2945459,15,associatedPartner,,0,0,false,
101180091,COASTS,879319551,MALDIVES SPACE RESEARCH ORGANISATION,MSRO,true,REC,MALE,MV,MV,"4.173059398786766,73.5169499871787",,2026-03-18 09:50:21,1990257,4,participant,140737.5,140737.5,"140737,5",false,
101184132,PATH2ZERO,999513027,TRANSPORTOKONOMISK INSTITUTT,TOI,false,REC,Oslo,NO,NO081,"59.942353499999996,10.716316407483461",http://www.toi.no,2025-09-01 23:31:11,1913433,10,participant,404062.5,404062.5,"404062,5",false,
101182933,ENSURE-6G,992678019,UNIVERSITY OF SRI JAYEWARDENEPURA,,false,HES,Nugegoda,LK,LK,"6.867808,79.89284",,2026-06-25 11:42:27,1990232,12,associatedPartner,,0,0,false,
101158797,ACROBAT Newborns,954910390,FUNDACAO MANHICA,FM,false,REC,VILA DA MANHICA MAPUTO,MZ,MZ,"-25.9458524,32.569211",,2025-11-17 18:00:03,1970787,2,participant,301460,301460,301460,false,
101188192,ALMASI,943243909,UNIVERSIDAD AUTONOMA DEL ESTADO DE MEXICO,UAEMEX,false,HES,Toluca,MX,MX,"19.2843731,-99.65263110930509",,2026-06-11 10:02:07,1990250,11,participant,207812.5,207812.5,"207812,5",false,
101145698,CATCR,892581488,FONDATION CONGOLAISE POUR LA RECHERCHE MEDICALE,,false,OTH,BRAZZAVILLE,CG,CG,"-0.7264327,15.6419155",,2026-06-19 16:44:26,1967607,3,participant,1482507.15,1482507.15,"1482507,15",false,
101182176,TRANS-SAHARA,877046744,MINISTERE DE L'ENVIRONNEMENT ET DU DEVELOPPEMENT DURABLE,MEDD,false,PUB,DJIBOUTI,DJ,DJ,"11.57535025,43.15675472261401",,2026-06-25 11:42:47,1990579,15,participant,102812.5,102812.5,"102812,5",false,
101182176,TRANS-SAHARA,882151757,AGENCE NATIONAL DE LA GRANDE MURAILLE VERTE,REHABILITATION ET RESTAURATION DES ECOSYSTEMES DEGRADES DES PROVINCES DE LA ZONE D’INTERVENTION DE LA GMV DU TCHAD,false,REC,N'Djamena,TD,TD,"12.1285002,15.0698465",,2026-06-25 11:42:47,1990577,12,participant,102812.5,102812.5,"102812,5",false,
101182176,TRANS-SAHARA,896225972,INSTITUT POLYTECHNIQUE RURAL DE FORMATION ET DE RECHERCHE APPLIQUEE,IPR/IFRA,false,REC,Katibougou,ML,ML,"12.5017753,-8.0920452",,2026-06-25 11:42:47,1964185,8,participant,59062.5,59062.5,"59062,5",false,
101182027,AfroGrow,876668153,PRESIDENCE DE LA REPUBLIQUE,,false,PUB,ABIDJAN,CI,CI,"5.3322687,-4.0216722",,2026-06-25 11:42:58,1990616,21,participant,99812.5,99812.5,"99812,5",false,
101178250,ATENEA,962882432,HILTI AKTIENGESELLSCHAFT,,false,PRC,Schaan,LI,LI000,"47.1663397,9.510312",,2025-05-28 13:26:30,1947339,13,associatedPartner,,0,0,false,
101194278,GN5-2,999636217,RESEARCH AND EDUCATIONAL NETWORKING ASSOCIATION OF MOLDOVA,RENAM,true,OTH,CHISINAU,MD,MD,"47.0122737,28.8605936",http://www.renam.md,2026-06-25 11:43:04,2130878,27,participant,228776,228776,"253337,5",false,
101168272,IAMI,999810623,Cyprus police,,false,PUB,Nicosia,CY,CY000,"35.1554534,33.3475976726927",http://www.police.gov.cy,2026-04-13 16:04:24,1906017,9,participant,45000,45000,45000,false,
101160339,IMVACS,954303946,UNIVERSITE DES SCIENCES DES TECHNIQUES ET DES TECHNOLOGIES DE BAMAKO,USTTB,false,HES,Bamako,ML,ML,"12.649319,-8.000337",,2025-05-02 16:17:46,1956528,4,participant,1932071.25,1932071.25,"1932071,25",false,
101159477,REACH-OUT,880817522,CENTRE FOR INTEGRATED HEALTH PROGRAMS LTD/GTE,Centre for Integrated Health Programs,false,REC,Abuja,NG,NG,"9.0643305,7.4892974",,2026-06-25 11:43:50,1990764,4,participant,752420.5,752420.5,"752420,5",false,
101159438,CryptoT&T,954910390,FUNDACAO MANHICA,FM,false,REC,VILA DA MANHICA MAPUTO,MZ,MZ,"-25.9458524,32.569211",,2026-06-25 11:43:54,1970787,3,participant,1687330,1687330,1687330,false,
101181408,BioClima,879662155,Hangzhou City University,Hangzhou City University,false,PUB,Hangzhou,CN,CN,"30.2489634,120.2052342",,2026-06-25 11:44:15,1990886,26,associatedPartner,,0,0,false,
101195116,JUA KIVU,883987579,INSTITUT NATIONAL DE SANTE PUBLIQUE,NATIONAL PUBLIC HEALTH INSTITUTE INSP,false,HES,Bujumbura,BI,BI,"-3.3730778777726376,29.36023312823755",,2026-06-25 11:45:18,1982382,7,participant,75000,75000,75000,false,
101139637,ClimaGen,999588784,POLITECHNIKA GDANSKA,GDANSK UNIVERSITY OF TECHNOLOGY,false,HES,GDANSK,PL,PL633,"54.3482259,18.6542888",http://www.pg.gda.pl,2026-06-29 16:44:06,1909285,9,participant,225750,225750,225750,false,
101192375,Shift2Zero,999513027,TRANSPORTOKONOMISK INSTITUTT,TOI,false,REC,Oslo,NO,NO081,"59.942353499999996,10.716316407483461",http://www.toi.no,2024-12-20 10:25:08,1913433,6,participant,576000,576000,576000,false,
101192661,FLEETfor55,915163961,STEALTH MARITIME CORP. S.A.,,false,PRC,MONROVIA,LR,LR,"6.3173799,-10.8067258",,2026-03-03 21:58:52,1990998,21,participant,81900,81900,136500,false,
101192901,SEASTARS,877625834,NEPTUNE LINES SHIPPING AND MANAGING ENTERPRISES S.A.,,true,PRC,MONROVIA,LR,LR,"6.3173799,-10.8067258",,2026-04-28 16:08:27,1990925,9,participant,140250,140250,233750,false,
101192901,SEASTARS,877889480,Minerva Marine INC,Minerva Marine INC,false,PRC,Majuro,MH,MH,"7.0909924,171.3816354",,2026-04-28 16:08:27,1990923,19,associatedPartner,,0,0,false,
101159220,PvSeroRDT,986872084,Institut Pasteur de Madagascar,IPM,false,REC,Antananarivo,MG,MG,"-18.7920779,47.7823214",,2026-06-22 19:36:53,1947090,4,associatedPartner,,0,0,false,
101194744,SHERPA,999633113,EIBIR GEMEINNUTZIGE GMBH ZUR FORDERUNG DER ERFORSCHUNG DER BIOMEDIZINISCHEN BILDGEBUNG,,false,REC,Wien,AT,AT130,"48.2132767,16.3693347",https://www.eibir.org,2026-04-24 14:07:11,1909591,14,participant,248750,248750,248750,false,
101160299,SMV delivery,882399689,CENTRE NATIONAL DE FORMATION ET DE RECHERCHE EN SANTE RURALE DE MAFERINYAH,Centre National de Formation et de Recherche en Santé Rurale de Maferinyah,false,REC,FORECARIAH,GN,GN,"9.5455038,-13.2855794",,2026-03-17 09:52:25,1983869,3,participant,1136875,1136875,1136875,false,
101160299,SMV delivery,954303946,UNIVERSITE DES SCIENCES DES TECHNIQUES ET DES TECHNOLOGIES DE BAMAKO,USTTB,false,HES,Bamako,ML,ML,"12.649319,-8.000337",,2026-03-17 09:52:25,1956528,2,participant,2153775,2153775,2153775,false,
101194710,EASYGEN,867627656,Fresenius Kabi Deutschland GmbH,Fresenius Kabi Deutschland GmbH,false,PRC,Bad Homburg,DE,DE718,"50.215275,8.62405432348811",,2026-04-24 14:07:11,1995191,21,associatedPartner,,0,0,false,
101206241,FPrevision4cohesion,869529147,ELTE KOZGAZDASAG- ES REGIONALIS TUDOMANYI KUTATOKOZPONT,ELTE KRTK,false,REC,Budapest,HU,HU110,"47.4736696,19.0744233",,2025-11-26 10:49:15,1994266,1,coordinator,182743.92,182743.92,0,false,
101207500,CIRCLE,991044054,University of Papua New Guinea,,false,HES,Port Moresby,PG,PG,"-9.407386599999999,147.17069184569732",http://www.upng.ac.pg/index.html,2026-01-07 15:02:18,2145510,2,associatedPartner,,0,0,false,
101198124,IndustrySheWrote,996467906,MACQUARIE UNIVERSITY,,false,HES,Sydney,AU,AU,"-33.8548157,151.2164539",,2025-12-22 07:10:03,2945459,2,associatedPartner,,0,0,false,
101200706,IMACON,999873673,UNIVERSITY OF CANTERBURY,,false,HES,CHRISTCHURCH,NZ,NZ,"-43.530955,172.6366455",https://www.canterbury.ac.nz,2025-05-02 12:49:25,2125705,2,associatedPartner,,0,0,false,
101212855,MYCOCIRCLE,890066569,GLOBAL SUSTAINABLE TRANSFORMATION GST GmbH,GST,true,PRC,Dachau,DE;HU,DE217;HU312,"48.266346850000005,11.458483149999996",,2026-06-17 17:33:50,1975080,2,participant,541891.25,541891.25,"541891,25",false,
101209235,I2I-StrokeCal,998711419,THE UNIVERSITY OF MANITOBA,,false,HES,Manitoba,CA,CA,"55.001251,-97.001038",http://www.umanitoba.ca,2026-04-16 10:06:29,1906305,3,associatedPartner,,0,0,false,
101181571,MeCCAM,889423653,VARDIN PF,,false,PRC,GOTA,FO,FO,"61.4733671254025,-6.82254648443485",,2025-05-28 17:56:46,1992547,15,participant,83566,83566,119380,false,
101182044,OCCAM,934035602,PF FIRUM,,false,PRC,HVALVIK,FO,FO,"62.1744656,-6.9760379",,2026-06-25 11:48:41,1958362,5,participant,160979,160979,229970,false,
101202186,RADIANCE,892673638,PRESIDENCIA DE LA REPUBLICA,,false,PUB,MONTEVIDEO,UY,UY,"-34.9071401,-56.2004326",,2025-05-28 17:57:14,1974858,20,associatedPartner,,0,0,false,
101205765,GROTTOS,872541773,"Department of Environment, Government of Niue",Department of Environment,false,PUB,Alofi,NU,NU,"-19.0534159,-169.9191992",,2025-07-04 19:21:33,1992065,2,associatedPartner,,0,0,false,
101202981,CHORUS,876456790,Stadt Dietikon,Stadt Dietikon,false,PUB,Dietikon,CH,CH040,"47.4028944,8.4006896",,2026-06-22 13:25:13,1992105,27,associatedPartner,,0,0,false,
101197992,TRUST,999513027,TRANSPORTOKONOMISK INSTITUTT,TOI,false,REC,Oslo,NO,NO081,"59.942353499999996,10.716316407483461",http://www.toi.no,2025-05-26 17:50:30,1913433,2,participant,473880,473880,0,false,
101190685,3SI-CONTROL,954910390,FUNDACAO MANHICA,FM,false,REC,VILA DA MANHICA MAPUTO,MZ,MZ,"-25.9458524,32.569211",,2026-06-25 11:49:21,1970787,6,participant,656968.75,656968.75,"656968,75",false,
101216810,AToUT,999588784,POLITECHNIKA GDANSKA,GDANSK UNIVERSITY OF TECHNOLOGY,false,HES,GDANSK,PL,PL633,"54.3482259,18.6542888",http://www.pg.gda.pl,2026-06-25 11:48:52,1909285,6,associatedPartner,,0,0,false,
101194287,NexTArc,886434404,REDIMI GMBH,,true,PRC,Berlin,DE,DE300,"52.5209987,13.3475373",,2025-05-26 17:50:21,1992171,16,participant,449968.75,449968.75,1285625,false,
101190742,TEBULA,880807240,ALERT COMPREHENSIVE SPECIALIZED HOSPITAL,ALERT HOSPITAL,false,PUB,ADDIS ABABA,ET,ET,"9.0,38.75",,2025-05-23 14:53:23,1992190,14,associatedPartner,,0,0,false,
101190742,TEBULA,994968092,Ministere de la sante,,false,PUB,Cotonou,BJ,BJ,"6.36511660426821,2.4634528298870295",,2025-05-23 14:53:23,1915449,15,associatedPartner,,0,0,false,
101190747,PfVIMT,954303946,UNIVERSITE DES SCIENCES DES TECHNIQUES ET DES TECHNOLOGIES DE BAMAKO,USTTB,false,HES,Bamako,ML,ML,"12.649319,-8.000337",,2025-05-23 14:53:23,1956528,2,participant,4225530,4225530,4225530,false,
101192235,Sea4Volt,999588784,POLITECHNIKA GDANSKA,GDANSK UNIVERSITY OF TECHNOLOGY,false,HES,GDANSK,PL,PL633,"54.3482259,18.6542888",http://www.pg.gda.pl,2026-01-13 13:42:05,1909285,5,participant,386906.39,386906.39,0,false,
101194239,PROACTIF,999588784,POLITECHNIKA GDANSKA,GDANSK UNIVERSITY OF TECHNOLOGY,false,HES,GDANSK,PL,PL633,"54.3482259,18.6542888",http://www.pg.gda.pl,2026-06-17 17:34:01,1909285,34,participant,504893.2,504893.2,1442552,false,
101206245,SEAMPHONI,876958280,LIGHT & MOVE BV - LORENZO MITTIGA FINE ART PHOTOGRAPHY YOGA SENSIBILE,LIGHT & MOVE,false,PRC,KRALENDIJK,BQ,BQ,"12.125238245090406,-68.28314241132803",,2026-06-25 11:50:38,1992257,23,participant,101806.25,101806.25,"145437,5",false,
101212947,CLIMINVEST,950828727,GFT ITALIA SRL,GFT,false,PRC,MILANO,IT,ITC4C,"45.4667971,9.1904984",,2026-06-29 17:01:01,2385054,1,coordinator,963375,963375,1376250,false,
101190584,WINGS-4-FGS,873091763,AFRICAN PHARMACEUTICAL TECHNOLOGY FOUNDATION,AFRICAN PHARMACEUTICAL TECHNOLOGY FOUNDATION,false,OTH,KIGALI,RW,RW,"-1.9529793,30.1021729",,2026-06-11 10:02:44,1992482,6,participant,38750,38750,38750,false,
101190861,TreatPreg,892581488,FONDATION CONGOLAISE POUR LA RECHERCHE MEDICALE,,false,OTH,BRAZZAVILLE,CG,CG,"-0.7264327,15.6419155",,2026-06-25 11:49:30,1967607,5,participant,254106.25,254106.25,"254106,25",false,
101190645,CHAPAS-5,912093038,JOINT CLINICAL RESEARCH CENTRE,JOINT CLINICAL RESEARCH CENTRE,false,REC,KAMPALA,UG,UG,"0.3177137,32.5813539",,2026-05-25 13:30:18,1987461,2,participant,1550005,1550005,1550005,false,
101190791,ComBac-Africa,899140143,JOSEPH SARWUAN TARKA UNIVERSITY MAKURDI,JOSTUM,false,HES,MAKURDI,NG,NG,"10.071992,6.330368",,2025-05-28 17:56:51,1992502,6,participant,314107.5,314107.5,"314107,5",false,
101217321,BOOST,949759496,VISOKOSKOLSKA USTANOVA INTERNACIONALNI BURC UNIVERZITET-INTERNATIONAL BURCH UNIVERSITY,International Burch University,false,HES,Sarajevo,BA,BA,"43.818886750000004,18.31116680625186",,2026-06-03 13:06:01,1992558,11,participant,142500,142500,142500,false,
101184374,ACCLIMATE,924110271,UNIVERSITY OF SIERRA LEONE,,false,HES,FREETOWN,SL,SL,"8.479004,-13.26795",,2025-06-05 15:00:13,1951791,19,participant,50312.5,50312.5,"50312,5",false,
101214441,RISE-IN,999873673,UNIVERSITY OF CANTERBURY,,false,HES,CHRISTCHURCH,NZ,NZ,"-43.530955,172.6366455",https://www.canterbury.ac.nz,2026-05-11 11:31:12,2125705,21,participant,255680,255680,255680,false,
101190878,EMINENCE,892581488,FONDATION CONGOLAISE POUR LA RECHERCHE MEDICALE,,false,OTH,BRAZZAVILLE,CG,CG,"-0.7264327,15.6419155",,2026-06-25 11:51:19,1967607,4,participant,265966.25,265966.25,"265966,25",false,
101194414,MOSAIC,999588784,POLITECHNIKA GDANSKA,GDANSK UNIVERSITY OF TECHNOLOGY,false,HES,GDANSK,PL,PL633,"54.3482259,18.6542888",http://www.pg.gda.pl,2026-05-18 14:14:45,1909285,43,participant,312812.5,312812.5,893750,false,
101190662,CAD LUS4TB,954303946,UNIVERSITE DES SCIENCES DES TECHNIQUES ET DES TECHNOLOGIES DE BAMAKO,USTTB,false,HES,Bamako,ML,ML,"12.649319,-8.000337",,2026-06-29 16:59:24,1956528,3,participant,724601.25,724601.25,"724601,25",false,
101190695,MVC-2G,924110271,UNIVERSITY OF SIERRA LEONE,,false,HES,FREETOWN,SL,SL,"8.479004,-13.26795",,2025-06-05 15:00:07,1951791,3,participant,822080.51,822080.51,"822080,51",false,
101190741,MultiplexAI,954910390,FUNDACAO MANHICA,FM,false,REC,VILA DA MANHICA MAPUTO,MZ,MZ,"-25.9458524,32.569211",,2025-06-05 15:00:14,1970787,4,participant,409875,409875,409875,false,
101213836,DANUBElifelines,876400433,Ribiska zveza Slovenije,Ribiska zveza Slovenije,false,OTH,Ljubljana,SI,SI041,"46.0379397,14.4667646",,2025-06-05 15:50:11,1992799,33,associatedPartner,,0,0,false,
101190732,IVM-KIDS,873091763,AFRICAN PHARMACEUTICAL TECHNOLOGY FOUNDATION,AFRICAN PHARMACEUTICAL TECHNOLOGY FOUNDATION,false,OTH,KIGALI,RW,RW,"-1.9529793,30.1021729",,2026-06-25 11:53:03,1992482,7,participant,0,0,0,true,
101194245,Shift2SDV,999588784,POLITECHNIKA GDANSKA,GDANSK UNIVERSITY OF TECHNOLOGY,false,HES,GDANSK,PL,PL633,"54.3482259,18.6542888",http://www.pg.gda.pl,2026-06-22 19:36:53,1909285,24,participant,310625,310625,887500,false,
101218840,AUSO,993608055,CENTRE NATIONAL DE LA RECHERCHE APPLIQUEE AU DEVELOPPEMENT RURAL,CENRADERU-FOFIFA,false,REC,Antananarivo,MG,MG,"-18.9069652,47.5521644",https://www.fofifa.mg,2026-06-29 17:02:05,2146711,21,participant,73600,73600,73600,false,
101218840,AUSO,998296065,"FORUM FOR AGRICULTURAL RESEARCH IN AFRICA, GHANA",FARA,false,OTH,ACCRA,GH,GH,"5.6052829,-0.2023283",http://www.fara-africa.org,2026-06-29 17:02:05,2130273,1,coordinator,1212562.5,1212562.5,"1212562,5",false,
101218840,AUSO,873189636,INSTITUTO NACIONAL DE INVESTIGACAO E DESENVOLVIMENTO AGRARIO,,false,PUB,SAO LOURENCO DOS ORGAOS,CV,CV,"15.07094415,-23.586513054781747",,2026-06-29 17:02:05,1993019,20,participant,73600,73600,73600,false,
101218840,AUSO,873539418,INSTITUT CENTRAFRICAIN DE RECHERCHE AGRONOMIQUE,,false,PUB,BANGUI,CF,CF,"4.439994,18.5361266",,2026-06-29 17:02:05,1993010,14,participant,73600,73600,73600,false,
101162166,Lo-Rig,872732766,Centre for Bhutan and GNH Studies,,false,REC,Thimphu,BT,BT,"27.6,89.666667",,2025-06-19 15:23:30,1992987,2,participant,207445,207445,207445,false,
101190913,EX-DR TB,997899432,WITS HEALTH CONSORTIUM (PTY) LTD,WHC,false,PRC,Johannesburg,ZA,ZA,"-26.205,28.049722",https://www.witshealth.co.za,2026-06-25 11:29:06,1935497,8,participant,942463.75,942463.75,"942463,75",false,
101226735,PacificPeopleForest,908150764,University of Guam,University of Guam,false,PUB,Mangilao,GU,GU,"13.42857055,144.79882945948668",,2026-06-25 11:29:06,1981780,7,associatedPartner,,0,0,false,
101226735,PacificPeopleForest,875306952,"Department of Community and Cultural Affairs, Division of Historic Preservation",Department of Community & Cultural Affairs – Historic Preservation Office,false,PUB,Saipan,MP,MP,"15.2130324,145.7189534",,2026-06-25 11:29:06,1993130,8,associatedPartner,,0,0,false,
101226735,PacificPeopleForest,875307243,Department of Land and Natural Resources,,false,OTH,Saipan,MP,MP,"15.2164206,145.7538277",,2026-06-25 11:29:06,1993129,6,associatedPartner,,0,0,false,
101190839,PediSEP1,885433752,TRAINING & RESEARCH UNIT OF EXCELLENCE LIMITED,,false,REC,Blantyre,MW,MW,"-15.68435015,34.92278380649101",,2026-06-03 13:06:02,1982591,5,participant,599940,599940,599940,false,
101226419,SOCIAL,951924924,OSCE ACADEMY IN BISHKEK,,false,REC,BISHKEK,KG,KG,"42.8767446,74.6069949",,2025-07-14 11:08:03,1958510,19,associatedPartner,,0,0,false,
101226419,SOCIAL,936722502,TAJIK STATE UNIVERSITY OF COMMERCE,TSUC,false,HES,Dushanbe,TJ,TJ,"38.5762709,68.7863573",,2025-07-14 11:08:03,1978495,17,associatedPartner,,0,0,false,
101226419,SOCIAL,897498612,ANTICORRUPTION BUSINESS COUNCIL OF THE KYRGYZ REPUBLIC,,false,PUB,BISHKEK,KG,KG,"42.8765615,74.6070079",,2025-07-14 11:08:03,1978498,24,associatedPartner,,0,0,false,
101226772,SUS-BIOCROP,998459413,INSTITUTO DE INVESTIGACIONES EN CIENCIA Y TECNOLOGIA DE MATERIALES,INTEMA,false,REC,Mar Del Plata,AR,AR,"-37.9977224,-57.5482702",http://www.intema.gov.ar,2025-09-01 23:35:11,2132751,15,associatedPartner,,0,0,false,
101226351,HERITOUR,875447796,Stichting Monumentenfonds Aruba,Stichting MonumentenfondsAruba,false,OTH,oranjestad,AW,AW,"12.51462375,-70.02382094999999",,2025-10-23 09:20:02,1993421,15,associatedPartner,,0,0,false,
101226351,HERITOUR,897578540,Stichting Schouwburg Aruba,Stichting Schouwburg Aruba,false,OTH,Oranjestad,AW,AW,"12.5096719,-70.02704025884388",,2025-10-23 09:20:02,1993420,14,associatedPartner,,0,0,false,
101227010,SiCPIC,880953225,Swiss PIC,Swiss PIC,false,REC,Villigen,CH,CH033,"47.5255575,8.2155193",,2025-12-22 15:23:57,1993362,6,associatedPartner,,0,0,false,
101226551,HEALENAE,896298237,INNOVATION FOR POLICY FOUNDATION,,false,OTH,Ebene,MU,MU,"-20.2437139,57.4914135",,2025-07-10 12:27:42,1972035,7,associatedPartner,,0,0,false,
101227034,WildBotics,998297908,GRONLANDS NATURINSTITUT,,false,REC,Nuuk,GL,GL,"64.1905067,-51.6952546940986",,2026-06-22 12:10:30,1916692,15,associatedPartner,,0,0,false,
101235830,TransatlanticLab,999871248,THE UNIVERSITY OF THE WEST INDIES U WI*,UWI,false,HES,Kingston,JM,JM,"18.0104124,-76.7487539",https://www.sta.uwi.edu,2025-07-14 11:12:43,1912535,16,associatedPartner,,0,0,false,
101235830,TransatlanticLab,914352362,PONTIFICIA UNIVERSIDAD CATOLICA MADRE Y MAESTRA,,false,HES,Santiago De Los Caballeros,DO,DO,"19.4780357,-70.71252907206616",,2025-07-14 11:12:43,1956126,12,associatedPartner,,0,0,false,
101236659,SARGEX,888430761,Blue EcoTech LTD,Blue EcoTech,true,PRC,San Paul's Bay,MT,MT001,"35.9469528,14.3995221",,2025-09-01 23:29:22,1993539,4,participant,55110,55110,0,false,
101226139,CRYPTOACTION,999810623,Cyprus police,,false,PUB,Nicosia,CY,CY000,"35.1554534,33.3475976726927",http://www.police.gov.cy,2026-05-18 14:15:01,1906017,13,participant,263750,263750,263750,false,
101234185,SINTACT,882770035,Tishk International University,,false,HES,Erbil,IQ,IQ,"35.8429176,44.0532226",,2025-07-25 11:08:05,1993787,5,associatedPartner,,0,0,false,
101234185,SINTACT,929283572,UNIVERSITE MOHAMMED V DE RABAT,UNIVERSITE MOHAMMED V DE RABAT,true,HES,Rabat,MA,MA,"34.0014733,-6.8435247",http://www.um5.ac.ma,2025-07-25 11:08:05,2303049,7,associatedPartner,,0,0,false,
101235052,FEMENA,921155651,DHIVEHI RAAJEYGE QAUMEE UNIVERSITY,THE MALDIVES NATIONAL UNIVERSITY,false,HES,MALE,MV,MV,"4.1779879,73.5107387",,2025-07-31 14:18:56,1968689,11,associatedPartner,,0,0,false,
101235052,FEMENA,892816228,PARTICIPATORY DEVELOPMENT KNOWLEDGE AGENCY,PARTICIPATORY DEVELOPMENT KNOWLEDGE AGENCY,false,PRC,VIENTIANE,LA,LA,"17.920654499999998,102.69532189182569",,2025-07-31 14:18:56,1968687,19,associatedPartner,,0,0,false,
101236769,GRASP,894528375,Institut Pasteur de Bangui,,false,OTH,Bangui,CF,CF,"4.439994,18.5361266",,2026-06-03 13:06:18,1988654,14,associatedPartner,,0,0,false,
101236099,3DCARE,996480807,JORDAN UNIVERSITY OF SCIENCE AND TECHNOLOGY,JUST,false,HES,Irbid,JO,JO,"32.5555885,35.8493104",,2025-08-01 10:30:17,2068580,8,associatedPartner,,0,0,false,
101228676,POLCA,951924924,OSCE ACADEMY IN BISHKEK,,false,REC,BISHKEK,KG,KG,"42.8767446,74.6069949",,2025-08-05 10:23:06,1958510,24,associatedPartner,,0,0,false,
101228676,POLCA,936722502,TAJIK STATE UNIVERSITY OF COMMERCE,TSUC,false,HES,Dushanbe,TJ,TJ,"38.5762709,68.7863573",,2025-08-05 10:23:06,1978495,14,associatedPartner,,0,0,false,
101228676,POLCA,897498612,ANTICORRUPTION BUSINESS COUNCIL OF THE KYRGYZ REPUBLIC,,false,PUB,BISHKEK,KG,KG,"42.8765615,74.6070079",,2025-08-05 10:23:06,1978498,11,associatedPartner,,0,0,false,
101236590,REFBAR,948924908,UNIVERSIDAD NACIONAL DE ASUNCION,,false,HES,ASUNCION,PY,PY,"-25.2800459,-57.6343814",,2026-06-03 13:06:58,1955666,8,associatedPartner,,0,0,false,
101236710,eRISIKO,999650282,UNIVERSITI PUTRA MALAYSIA,UPM,false,HES,Selangor Darul Ehsan,MY,MY,"2.3923759,112.8471939",,2026-01-07 15:11:22,2146163,4,associatedPartner,,0,0,false,
101190696,VectorGrid-Africa,954910390,FUNDACAO MANHICA,FM,false,REC,VILA DA MANHICA MAPUTO,MZ,MZ,"-25.9458524,32.569211",,2026-06-03 13:07:01,1970787,6,participant,554881.25,554881.25,"554881,25",false,
101190696,VectorGrid-Africa,986872084,Institut Pasteur de Madagascar,IPM,false,REC,Antananarivo,MG,MG,"-18.7920779,47.7823214",,2026-06-03 13:07:01,1947090,4,participant,570512.5,570512.5,"570512,5",false,
101190696,VectorGrid-Africa,997899432,WITS HEALTH CONSORTIUM (PTY) LTD,WHC,false,PRC,Johannesburg,ZA,ZA,"-26.205,28.049722",https://www.witshealth.co.za,2026-06-03 13:07:01,1935497,5,participant,543907.5,543907.5,"543907,5",false,
101190731,AFRICAI-RI,954910390,FUNDACAO MANHICA,FM,false,REC,VILA DA MANHICA MAPUTO,MZ,MZ,"-25.9458524,32.569211",,2025-08-14 14:32:40,1970787,2,participant,580740,580740,580740,false,
101181686,ArcticKnows,998297908,GRONLANDS NATURINSTITUT,,false,REC,Nuuk,GL,GL,"64.1905067,-51.6952546940986",,2025-08-28 16:06:09,1916692,4,participant,389375,389375,0,false,
101236779,Tools4NDDs,999873673,UNIVERSITY OF CANTERBURY,,false,HES,CHRISTCHURCH,NZ,NZ,"-43.530955,172.6366455",https://www.canterbury.ac.nz,2026-05-26 14:26:43,2125705,12,associatedPartner,,0,0,false,
101236837,PAGENS,874197757,INSUCO TOGO SARL U,INSUCO TOGO,true,PRC,Lomé,TG,TG,"6.1490152,1.2282941",,2025-08-28 13:05:41,1994047,13,associatedPartner,,0,0,false,
101236837,PAGENS,874168075,INSUCO CENTER FOR SOCIAL INNOVATION,INSUCO ICSI,false,OTH,MEDELLIN,CO,CO,"6.2443382,-75.573553",,2025-08-28 13:05:41,1994048,14,associatedPartner,,0,0,false,
101236837,PAGENS,872198975,ASSOCIATION INSTITUT DE RECHERCHE INDEPENDANT DE LA CORNE D'AFRIQUE,IRICA,false,REC,Djibouti,DJ,DJ,"11.8145966,42.8453061",,2025-08-28 13:05:41,1994052,17,associatedPartner,,0,0,false,
101236480,PAMELA,996467906,MACQUARIE UNIVERSITY,,false,HES,Sydney,AU,AU,"-33.8548157,151.2164539",,2025-09-06 01:17:07,2945459,13,associatedPartner,,0,0,false,
101235096,MaGA,954303946,UNIVERSITE DES SCIENCES DES TECHNIQUES ET DES TECHNOLOGIES DE BAMAKO,USTTB,false,HES,Bamako,ML,ML,"12.649319,-8.000337",,2025-12-29 11:31:21,1956528,13,associatedPartner,,0,0,false,
101235096,MaGA,905851573,Ministere de la sante,,false,PUB,Libreville,GA,GA,"0.42726152728819883,9.449312026702248",,2025-12-29 11:31:21,1994208,9,associatedPartner,,0,0,false,
101235096,MaGA,873444261,UNIVERSITÉ MARIEN NGOUABI,,false,PRC,Brazzaville,CG,CG,"-4.273822,15.2386272",,2025-12-29 11:31:21,1994210,12,associatedPartner,,0,0,false,
101235096,MaGA,919053758,UNIVERSITE DES SCIENCES ET TECHNIQUE DE MASUKU,,false,HES,FRANCEVILLE,GA,GA,"-1.634363,13.589513",,2025-12-29 11:31:21,1978797,8,associatedPartner,,0,0,false,
101235635,SOLAR-MOVE,999873673,UNIVERSITY OF CANTERBURY,,false,HES,CHRISTCHURCH,NZ,NZ,"-43.530955,172.6366455",https://www.canterbury.ac.nz,2025-10-10 10:18:03,2125705,28,participant,146250,146250,146250,false,
101235645,PVSmile,906552980,GREEN ENERGY PARK,GEP,false,REC,BENGUERIR,MA,MA,"32.22120100294158,-7.928934728574714",,2025-10-10 10:18:08,1972289,27,participant,71250,71250,71250,false,
101190602,R21-PD,885433752,TRAINING & RESEARCH UNIT OF EXCELLENCE LIMITED,,false,REC,Blantyre,MW,MW,"-15.68435015,34.92278380649101",,2026-05-13 21:42:02,1982591,2,participant,1827806.08,1827806.08,"1827806,08",false,
101170065,ULTIMASero,986872084,Institut Pasteur de Madagascar,IPM,false,REC,Antananarivo,MG,MG,"-18.7920779,47.7823214",,2026-05-13 21:42:03,1947090,3,participant,350000,350000,350000,false,
101239638,BIO-INTEL-MOB,970538448,RIGAS PLANOSANAS REGIONS,,false,PUB,Riga,LV,LV00A,"56.9493977,24.1051846",https://www.rpr.gov.lv,2026-04-01 13:32:47,1918109,22,participant,382500,382500,382500,false,
101244526,FAR-SIDS,999871248,THE UNIVERSITY OF THE WEST INDIES U WI*,UWI,false,HES,Kingston,JM,JM,"18.0104124,-76.7487539",https://www.sta.uwi.edu,2026-02-23 17:37:33,1912535,2,associatedPartner,,0,0,false,
101244526,FAR-SIDS,997324028,UNIVERSITY OF THE SOUTH PACIFIC,USP,false,HES,Suva,FJ,FJ,"-18.1493051,178.45316212915193",https://www.usp.ac.fj,2026-02-23 17:37:33,1948564,3,associatedPartner,,0,0,false,
101244526,FAR-SIDS,913877256,UNIVERSITE DES COMORES,UDC,false,HES,Moroni,KM,KM,"-11.7009477,43.252375",,2026-02-23 17:37:33,1994524,4,associatedPartner,,0,0,false,
101252582,PreciseOnco,999633113,EIBIR GEMEINNUTZIGE GMBH ZUR FORDERUNG DER ERFORSCHUNG DER BIOMEDIZINISCHEN BILDGEBUNG,,false,REC,Wien,AT,AT130,"48.2132767,16.3693347",https://www.eibir.org,2026-04-20 14:58:09,1909591,11,participant,299500,299500,299500,false,
101190620,ENABLE,954910390,FUNDACAO MANHICA,FM,false,REC,VILA DA MANHICA MAPUTO,MZ,MZ,"-25.9458524,32.569211",,2026-05-06 07:31:29,1970787,10,participant,241980,241980,241980,false,
101190620,ENABLE,997899432,WITS HEALTH CONSORTIUM (PTY) LTD,WHC,false,PRC,Johannesburg,ZA,ZA,"-26.205,28.049722",https://www.witshealth.co.za,2026-05-06 07:31:29,1935497,5,participant,400000,400000,400000,false,
101261720,REACH-UPPA,999588784,POLITECHNIKA GDANSKA,GDANSK UNIVERSITY OF TECHNOLOGY,false,HES,GDANSK,PL,PL633,"54.3482259,18.6542888",http://www.pg.gda.pl,2026-06-29 17:10:33,1909285,5,associatedPartner,,0,0,false,
101261439,BEST,999588784,POLITECHNIKA GDANSKA,GDANSK UNIVERSITY OF TECHNOLOGY,false,HES,GDANSK,PL,PL633,"54.3482259,18.6542888",http://www.pg.gda.pl,2026-03-18 14:05:35,1909285,5,associatedPartner,,0,0,false,
101251004,NEREUS,999873673,UNIVERSITY OF CANTERBURY,,false,HES,CHRISTCHURCH,NZ,NZ,"-43.530955,172.6366455",https://www.canterbury.ac.nz,2026-03-31 11:43:29,2125705,8,participant,306834.95,306834.95,0,false,
101272890,SAFE-WIND,997262918,HONG KONG UNIVERSITY OF SCIENCE AND TECHNOLOGY,HKUST,false,HES,Hong Kong,HK,HK,"22.3154248,114.2703851",http://ami.ust.hk,2026-03-24 10:48:35,2123087,2,associatedPartner,,0,0,false,
101279427,ChangingToads,996467906,MACQUARIE UNIVERSITY,,false,HES,Sydney,AU,AU,"-33.8548157,151.2164539",,2026-04-13 14:17:53,2945459,2,associatedPartner,,0,0,false,
101289627,POLICY ENLARGE,995591705,UNIVERZITET U BANJOJ LUCI,UNIVERSITY OF BANJA LUKA,false,HES,BANJA LUKA,BA,BA,"44.7719893,17.1898768",https://www.unibl.org,2026-06-17 16:19:59,2149128,5,participant,72625,72625,72625,false,
101289627,POLICY ENLARGE,873604408,GEORGIAN INSTITUTE FOR RESEARCH & INNOVATION,GIRI,false,OTH,Tbilisi,GE,GE,"41.7101375,44.75674975441021",,2026-06-17 16:19:59,1995424,6,participant,136500,136500,136500,false,
101299691,FARMAR,999650282,UNIVERSITI PUTRA MALAYSIA,UPM,false,HES,Selangor Darul Ehsan,MY,MY,"2.3923759,112.8471939",,2026-04-28 16:08:06,2146163,15,associatedPartner,,0,0,false,
101265145,HUMEPI,922659442,UNIVERSITE DE NOUAKCHOTT,,false,HES,NOUAKCHOTT OUEST,MR,MR,"18.105328,-15.979365",,2026-04-28 16:08:07,1977519,2,associatedPartner,,0,0,false,
101299723,ReWATT,891240754,Universidad de Moa,UMoa,false,HES,Moa,CU,CU,"20.663261,-74.9521826",,2026-04-29 11:32:46,1995493,7,associatedPartner,,0,0,false,
101248988,PRoRota,885433752,TRAINING & RESEARCH UNIT OF EXCELLENCE LIMITED,,false,REC,Blantyre,MW,MW,"-15.68435015,34.92278380649101",,2026-04-29 11:33:10,1982591,4,participant,796532.5,796532.5,"796532,5",false,
101270173,GENeCITY,970538448,RIGAS PLANOSANAS REGIONS,,false,PUB,Riga,LV,LV00A,"56.9493977,24.1051846",https://www.rpr.gov.lv,2026-05-25 13:32:25,1918109,15,participant,245426.88,245426.88,0,false,
101270042,DynamiCity,999513027,TRANSPORTOKONOMISK INSTITUTT,TOI,false,REC,Oslo,NO,NO081,"59.942353499999996,10.716316407483461",http://www.toi.no,2026-05-05 17:20:03,1913433,18,participant,355998.75,355998.75,0,false,
101293474,TiBeRIUM,870076712,ULBI METALLURGYALTZ ZAUYTY,,false,PRC,UST KAMENOGORSK,KZ,KZ,"49.9792417,82.6297052",,2026-06-17 15:02:31,1995619,20,participant,255412.5,255412.5,364875,false,
101300066,Fix-APro,967838453,HELIOPOLIS UNIVERSITY ASSOCIATION,Heliopolis University for Sustainable Development,false,HES,Cairo,EG,EG,"30.3665687,31.5574957",http://www.hue.edu.eg,2026-05-06 15:33:18,2211865,7,participant,100200,100200,0,false,
101305254,Research4Resilience,999588784,POLITECHNIKA GDANSKA,GDANSK UNIVERSITY OF TECHNOLOGY,false,HES,GDANSK,PL,PL633,"54.3482259,18.6542888",http://www.pg.gda.pl,2026-05-08 10:24:01,1909285,2,participant,32513.52,32513.52,0,false,
101249120,TEST4TPT,954910390,FUNDACAO MANHICA,FM,false,REC,VILA DA MANHICA MAPUTO,MZ,MZ,"-25.9458524,32.569211",,2026-05-08 10:24:02,1970787,4,participant,389740,389740,389740,false,
101249081,AFRITRAC,954303946,UNIVERSITE DES SCIENCES DES TECHNIQUES ET DES TECHNOLOGIES DE BAMAKO,USTTB,false,HES,Bamako,ML,ML,"12.649319,-8.000337",,2026-05-06 15:33:18,1956528,6,participant,122777.75,122777.75,0,false,
101249081,AFRITRAC,883987579,INSTITUT NATIONAL DE SANTE PUBLIQUE,NATIONAL PUBLIC HEALTH INSTITUTE INSP,false,HES,Bujumbura,BI,BI,"-3.3730778777726376,29.36023312823755",,2026-05-06 15:33:18,1982382,14,participant,119720.03,119720.03,0,false,
101299299,PHOENIX,873189636,INSTITUTO NACIONAL DE INVESTIGACAO E DESENVOLVIMENTO AGRARIO,,false,PUB,SAO LOURENCO DOS ORGAOS,CV,CV,"15.07094415,-23.586513054781747",,2026-06-29 17:16:09,1993019,7,associatedPartner,,0,0,false,
101299655,FRUITFUL,868787194,"Citrus Research Institute, Sargodha",,false,REC,Sargodha,PK,PK,"32.0889657,72.6776943",,2026-06-22 12:17:37,1995692,7,associatedPartner,,0,0,false,
101248828,T5-TBVAC,914265547,RESEAU AFRICAIN DE RECHERCHE EN SANTE,IRESSEF,false,OTH,Dakar,SN,SN,"14.74054385,-17.333929041537314",,2026-05-06 07:31:29,1971774,3,participant,1298574,1298574,1372674,false,
101248948,CUREMAL,954910390,FUNDACAO MANHICA,FM,false,REC,VILA DA MANHICA MAPUTO,MZ,MZ,"-25.9458524,32.569211",,2026-05-07 11:45:55,1970787,8,participant,390253.75,390253.75,"390253,75",false,
101287327,WUNDERWORK,890534012,KONFEDERACIA ODBOROVYCH ZVAZOVSLOVENSKEJ REPUBLIKY,KOZ SR,false,OTH,BRATISLAVA,SK,SK010,"48.1420316,17.1566311",,2026-06-29 17:08:43,1995770,12,associatedPartner,,0,0,false,
101290997,BUILDERS,986798073,TARKETT GDL SA,TARKETT,false,PRC,Lentzweiler,LU,LU000,"50.0694924,5.9752596",https://www.tarkett.com,2026-05-11 08:16:30,2141521,11,thirdParty,0,17456.25,0,false,
101288616,EOSC-CONNECT,911513657,OPEN KNOWLEDGE MAPS - VEREIN ZUR FORDERUNG DER SICHTBARKEIT WISSENSCHAFTLICHEN WISSENS,,false,REC,WIEN,AT,AT130,"48.18021535,16.405090250384216",,2026-06-17 16:20:02,1959911,11,thirdParty,0,143375,0,false,
101300018,OASIS,924110271,UNIVERSITY OF SIERRA LEONE,,false,HES,FREETOWN,SL,SL,"8.479004,-13.26795",,2026-05-13 17:38:37,1951791,5,associatedPartner,,0,0,false,
101298900,AQUA VIVA,999871248,THE UNIVERSITY OF THE WEST INDIES U WI*,UWI,false,HES,Kingston,JM,JM,"18.0104124,-76.7487539",https://www.sta.uwi.edu,2026-05-13 17:38:38,1912535,13,associatedPartner,,0,0,false,
101299346,HEALSAFE,951116720,"Student Science, s.r.o.","Student Science, s.r.o.",true,PRC,Horní Podluží,CZ,CZ042,"50.8822538,14.560345",,2026-05-19 17:49:36,1985720,10,participant,120240,120240,0,false,
101295859,BIOEASTWIDE,951511510,ACADEMIA DE STUDII ECONOMICE DIN MOLDOVA,ASEM,false,HES,CHISINAU,MD,MD,"47.030908,28.8381931",,2026-05-19 17:55:20,1985636,29,participant,66000,66000,0,false,
101299840,WATERDEAL,975344216,UNIVERSITI TEKNOLOGI MARA (UiTM),UiTM,false,HES,SHAH ALAM SELANGOR,MY,MY,"3.0739429,101.5185278",https://www.utm.my,2026-05-12 18:06:53,1914284,18,associatedPartner,,0,0,false,
101299913,OMNIA,998711419,THE UNIVERSITY OF MANITOBA,,false,HES,Manitoba,CA,CA,"55.001251,-97.001038",http://www.umanitoba.ca,2026-05-13 17:38:10,1906305,17,associatedPartner,,0,0,false,
101314359,Gaia AIF,999588784,POLITECHNIKA GDANSKA,GDANSK UNIVERSITY OF TECHNOLOGY,false,HES,GDANSK,PL,PL633,"54.3482259,18.6542888",http://www.pg.gda.pl,2026-05-19 17:52:02,1909285,3,participant,375000,375000,750000,false,
101288599,SUSTAINCrop,889102292,UNIVERSIDAD SAN PABLO DE GUATEMALA,,false,HES,Guatemala,GT,GT,"14.64053895,-90.55373017196428",,2026-05-13 17:38:13,1995988,11,participant,37181.32,37181.32,0,false,
101248885,PRESERVE,892581488,FONDATION CONGOLAISE POUR LA RECHERCHE MEDICALE,,false,OTH,BRAZZAVILLE,CG,CG,"-0.7264327,15.6419155",,2026-05-19 17:53:16,1967607,2,participant,4375000.03,4375000.03,0,false,
101289618,INTEGRED,869529147,ELTE KOZGAZDASAG- ES REGIONALIS TUDOMANYI KUTATOKOZPONT,ELTE KRTK,false,REC,Budapest,HU,HU110,"47.4736696,19.0744233",,2026-05-19 17:53:23,1994266,3,participant,135951.25,135951.25,0,false,
101290596,PACT,869529147,ELTE KOZGAZDASAG- ES REGIONALIS TUDOMANYI KUTATOKOZPONT,ELTE KRTK,false,REC,Budapest,HU,HU110,"47.4736696,19.0744233",,2026-05-19 17:54:02,1994266,9,participant,75000,75000,0,false,
101300127,OSIRIS-EU,868623555,Ancon Global LLC,Endovia Labs LLC,false,PRC,Aguadilla,PR,PR,"8.48191435,-74.28364106210539",,2026-05-19 18:09:08,1996215,19,associatedPartner,,0,0,false,
101248753,EpiScientia Network,914265547,RESEAU AFRICAIN DE RECHERCHE EN SANTE,IRESSEF,false,OTH,Dakar,SN,SN,"14.74054385,-17.333929041537314",,2026-05-20 12:42:57,1971774,8,participant,61906.23,61906.23,0,false,
101248753,EpiScientia Network,989707976,INSTITUT REGIONAL DE SANTE PUBLIQUE COMLAN ALFRED QUENUM DE OUIDAH,IRSP-CAQ,false,HES,OUIDAH,BJ,BJ,"6.3491969,2.0879392",,2026-05-20 12:42:57,1989859,6,participant,62571.88,62571.88,0,false,
101248792,SINCEP-Africa,954303946,UNIVERSITE DES SCIENCES DES TECHNIQUES ET DES TECHNOLOGIES DE BAMAKO,USTTB,false,HES,Bamako,ML,ML,"12.649319,-8.000337",,2026-05-20 12:42:53,1956528,15,participant,674750,674750,0,false,
101248792,SINCEP-Africa,954910390,FUNDACAO MANHICA,FM,false,REC,VILA DA MANHICA MAPUTO,MZ,MZ,"-25.9458524,32.569211",,2026-05-20 12:42:53,1970787,17,participant,674750,674750,0,false,
101248792,SINCEP-Africa,954624434,UNIVERSITY OF GONDAR,GONDER UNIVERSITY UOG,false,HES,Gondar,ET,ET,"9.0143011,38.7518832",https://www.uog.edu.et,2026-05-20 12:42:53,2009879,7,participant,676500,676500,0,false,
101248971,ACT-PREP,884016970,UNIVERSITY OF JUBA,,false,PUB,Juba,SS,SS,,,2026-05-22 10:52:02,1996260,14,associatedPartner,,0,0,false,
101289659,AKIS4FNSSA,998296065,"FORUM FOR AGRICULTURAL RESEARCH IN AFRICA, GHANA",FARA,false,OTH,ACCRA,GH,GH,"5.6052829,-0.2023283",http://www.fara-africa.org,2026-05-21 18:40:04,2130273,4,participant,592359.48,592359.48,0,false,
101290497,COCO-AI,869711216,iNGR Inc.,iNGR Inc.,true,PRC,Andong-si,KR,KR,,,2026-05-22 11:11:45,1996319,6,participant,471800,471800,674000,false,
101291488,m-CONNECT,869855261,"Ministry of Fisheries, Oceans and Maritime Affairs",Government,false,PUB,PORT VILA,VU,VU,,,2026-05-26 13:20:09,1996343,19,participant,127587.5,127587.5,0,false,
101291488,m-CONNECT,870177010,FUNDACAO PUSAT SEGITIGA KARANG,Coral Triangle Center,true,OTH,DILI,TL,TL,,,2026-05-26 13:20:09,1996339,4,participant,1159405.88,1159405.88,0,false,
101291488,m-CONNECT,900285519,SOLOMON ISLANDS NATIONAL UNIVERSITY,,false,HES,Honiara,SB,SB,"-9.429742000000001,160.04947902825444",,2026-05-26 13:20:09,1962185,12,participant,140850,140850,0,false,
101248989,EACCR4,877765708,NATIONAL INSTITUTE OF HEALTH OF SOMALIA,NATIONAL INSTITUTE OF HEALTH OF SOMALIA,false,REC,MOGADISHU,SO,SO,,,2026-05-26 17:15:36,1996358,20,participant,306375,306375,0,false,
101248862,The PHM Hub,914265547,RESEAU AFRICAIN DE RECHERCHE EN SANTE,IRESSEF,false,OTH,Dakar,SN,SN,"14.74054385,-17.333929041537314",,2026-05-28 14:21:50,1971774,2,participant,552385.01,552385.01,0,false,
101286492,RAMP,951943354,CENTRE DU NICKEL RECHERCHE TECHNOLOGIE ENVIRONNEMENT COMPETITIVITE,CNRTEC,false,REC,NOUMEA,NC,NC,"-22.30092673092465,166.44428487803492",https://www.cnrt.nc,2026-06-17 15:02:31,2210061,29,participant,264308,264308,881027,false,
101287413,TRACE,896083479,Yazda Al Iraq Organization,Yazda,false,OTH,Duhok,IQ,IQ,"37.042257,43.0953954",,2026-05-29 16:16:02,1996654,12,participant,152690.98,152690.98,0,false,
101288450,CONNECT4HEALTH,907221892,NEPAL DEVELOPMENT SOCIETY,,true,OTH,BHARATPUR,NP,NP,,,2026-05-29 16:16:59,1996690,8,participant,546427.5,546427.5,"546427,5",false,
101294308,ROWER,999873673,UNIVERSITY OF CANTERBURY,,false,HES,CHRISTCHURCH,NZ,NZ,"-43.530955,172.6366455",https://www.canterbury.ac.nz,2026-05-29 15:47:32,2125705,29,participant,487582,487582,487582,false,
101295747,CLIMEQUITY,975344216,UNIVERSITI TEKNOLOGI MARA (UiTM),UiTM,false,HES,SHAH ALAM SELANGOR,MY,MY,"3.0739429,101.5185278",https://www.utm.my,2026-05-29 15:49:30,1914284,4,participant,417687.5,417687.5,0,false,
101295747,CLIMEQUITY,924110271,UNIVERSITY OF SIERRA LEONE,,false,HES,FREETOWN,SL,SL,"8.479004,-13.26795",,2026-05-29 15:49:30,1951791,5,participant,198625,198625,0,false,
101296119,SEADEEP,907785074,DANISH SALMON AS,,false,PRC,Hirtshals,DK,DK050,"57.587923,9.98878",,2026-05-29 15:49:55,1953375,13,participant,19687.5,19687.5,28125,false,
101296180,CAPA,998883012,AFRICAN CENTRE OF METEOROLOGICAL APPLICATION DEVELOPMENT,ACMAD CAAM,false,REC,Niamey,NE,NE,"13.5160571,2.1044221",http://www.acmad.ne,2026-05-29 16:16:56,2113892,6,participant,332912.5,332912.5,"332912,5",false,
101296958,SOILCHAINS,998296065,"FORUM FOR AGRICULTURAL RESEARCH IN AFRICA, GHANA",FARA,false,OTH,ACCRA,GH,GH,"5.6052829,-0.2023283",http://www.fara-africa.org,2026-05-29 16:16:58,2130273,7,participant,392468.75,392468.75,"392468,75",false,
101300062,DiagMDS,878057775,COMPANY FOR RESEARCH AND DEVELOPMENT FINGERPRINT DIAGNOSTICS LLC SKOPJE,Fingerprint Diagnostics,true,PRC,SKOPJE,MK,MK008,"42.00266645000001,21.411360352575844",,2026-05-27 12:56:26,1996662,7,participant,110220,110220,0,false,
101248912,MAGNETS,954910390,FUNDACAO MANHICA,FM,false,REC,VILA DA MANHICA MAPUTO,MZ,MZ,"-25.9458524,32.569211",,2026-06-01 14:11:48,1970787,2,participant,401610.99,401610.99,0,false,
101248912,MAGNETS,997899432,WITS HEALTH CONSORTIUM (PTY) LTD,WHC,false,PRC,Johannesburg,ZA,ZA,"-26.205,28.049722",https://www.witshealth.co.za,2026-06-01 14:11:48,1935497,5,participant,202065.11,202065.11,0,false,
101295248,SYNCHRONY,999873673,UNIVERSITY OF CANTERBURY,,false,HES,CHRISTCHURCH,NZ,NZ,"-43.530955,172.6366455",https://www.canterbury.ac.nz,2026-06-01 14:11:48,2125705,21,participant,83996.25,83996.25,"83996,25",false,
101249028,ANTENNA,914265547,RESEAU AFRICAIN DE RECHERCHE EN SANTE,IRESSEF,false,OTH,Dakar,SN,SN,"14.74054385,-17.333929041537314",,2026-06-05 11:26:02,1971774,7,participant,141401.61,141401.61,0,false,
101249028,ANTENNA,912093038,JOINT CLINICAL RESEARCH CENTRE,JOINT CLINICAL RESEARCH CENTRE,false,REC,KAMPALA,UG,UG,"0.3177137,32.5813539",,2026-06-05 11:26:02,1987461,11,participant,14257.25,14257.25,0,false,
101249135,DENSTAR,872493370,PANACEA BIOTEC LIMITED,Panacea Biotec,false,PRC,LALRU,IN,IN,,,2026-06-03 11:16:03,1996759,10,associatedPartner,,0,0,false,
101296478,POSEIDON,879319551,MALDIVES SPACE RESEARCH ORGANISATION,MSRO,false,REC,MALE,MV,MV,"4.173059398786766,73.5169499871787",,2026-06-05 11:26:04,1990257,4,participant,499335.39,499335.39,0,false,
101295797,Beyond ArcticPASSION,878486127,ICC-GRONLAND,ICC-GREENLAND,false,OTH,NUUK,GL,GL,"64.1766835,-51.7359356",,2026-06-05 11:26:03,1996936,5,participant,428000,428000,428000,false,
101295797,Beyond ArcticPASSION,998297908,GRONLANDS NATURINSTITUT,,false,REC,Nuuk,GL,GL,"64.1905067,-51.6952546940986",,2026-06-05 11:26:03,1916692,16,participant,187031.25,187031.25,"187031,25",false,
101299867,FRAGILE,869541466,Environment Society of Oman,Environment Society of Oman,false,REC,Muscat,OM,OM,"23.5882019,58.3829448",,2026-06-05 11:26:19,1996923,9,associatedPartner,,0,0,false,
101299867,FRAGILE,870107558,Enviromental protection Authority,,false,PUB,Aden,YE,YE,"12.8115167,45.0360071",,2026-06-05 11:26:19,1996924,12,associatedPartner,,0,0,false,
101263875,SPESAR,869478416,Perusahaan Umum Lembaga Penyelenggara Pelayanan Navigasi Penerbangan Indonesia,AirNav Indonesia,false,PUB,"Tangerang, Banten",ID,ID,,,2026-06-03 13:13:17,1996803,16,associatedPartner,,0,0,false,
101287679,TWIN-X,953383028,INSTITUT ZA ONKOLOGIJU VOJVODINE-ONCOLOGY INSTITUTE OF VOJVODINA IOV,IOV,false,REC,Sremska Kamenica,RS,RS123,"45.2178334,19.856249494759894",http://www.onk.ns.ac.rs,2026-06-22 12:15:24,1941472,6,participant,309125,309125,309125,false,
101287826,ComBaScale,869963610,SOLIDARMED (LESOTHO),,false,REC,MASERU,LS,LS,,,2026-06-05 11:26:26,1996929,5,participant,1391250,1391250,1391250,false,
101287826,ComBaScale,885353145,MINISTRY OF HEALTH LESOTHO,Ministry of Health,false,PUB,Maseru,LS,LS,"-29.31189015,27.479882511867103",,2026-06-05 11:26:26,1982588,3,participant,158750,158750,158750,false,
101294371,INSOKA,867226755,Kobaloni Energy Zambia Limited,,true,PRC,Lusaka,ZM,ZM,"-15.357609,29.1653092",,2026-06-05 11:29:41,1997008,11,participant,52500,52500,75000,false,
101249073,MTBVAC-AVANTE,997899432,WITS HEALTH CONSORTIUM (PTY) LTD,WHC,false,PRC,Johannesburg,ZA,ZA,"-26.205,28.049722",https://www.witshealth.co.za,2026-06-09 11:20:09,1935497,10,participant,0,0,"1465117,65",false,
101299291,GWCats,938932065,Seoul National University of Science and Technology,Seoul Tech,false,PUB,Seoul,KR,KR,,,2026-06-11 19:04:02,1997042,17,associatedPartner,,0,0,false,
101305566,CURA-KNOW,907773531,STICHTING SECRETARIAAT CURACAOS INFORMATICA STIMULERINGSPLAN,,false,OTH,WILLEMSTAD,CW,CW,,,2026-06-09 01:57:01,1997048,1,coordinator,66725,66725,0,false,
101305566,CURA-KNOW,870848735,CURACAO OUTDOOR INDUSTRY ALLIANCE FOUNDATION,COIA FOUNDATION,false,OTH,WILLEMSTAD,CW,CW,,,2026-06-09 01:57:01,1997050,3,participant,48975,48975,0,false,
101286483,SeaStrong,997324028,UNIVERSITY OF THE SOUTH PACIFIC,USP,false,HES,Suva,FJ,FJ,"-18.1493051,178.45316212915193",https://www.usp.ac.fj,2026-05-19 08:49:59,1948564,13,participant,237000.22,237000.22,0,false,
101286483,SeaStrong,892657536,TOLEDO INSTITUTE FOR DEVELOPMENT AND THE ENVIRONMENT,TIDE,false,OTH,Punta Gorda,BZ,BZ,,,2026-05-19 08:49:59,1997067,11,participant,150093.75,150093.75,0,false,
101286483,SeaStrong,870149753,SEYCHELLES ISLANDS FOUNDATION,,false,REC,VICTORIA,SC,SC,,,2026-05-19 08:49:59,1997069,14,participant,149968.75,149968.75,0,false,
101286483,SeaStrong,869372783,HEALTHY REEFS FOR HEALTHY PEOPLE BELIZE LTD,Healthy Reefs for Healthy People,true,OTH,LORD'S BANK,BZ,BZ,,,2026-05-19 08:49:59,1997066,10,participant,148218.75,148218.75,0,false,
101286483,SeaStrong,870677142,Walks and Trails Fiji Pte Ltd,WALKS AND TRAILS,true,PRC,Suva,FJ,FJ,,,2026-05-19 08:49:59,1997068,12,participant,82700,82700,0,false,
101289307,ELI-ALL,986399112,NATIONAL INSTITUTE FOR ENVIRONMENTAL STUDIES,NIES,false,REC,Tsukuba,JP,JP,"36.0833877,140.0765098",https://www.nies.go.jp,2026-06-11 20:28:02,2158210,17,associatedPartner,,0,0,false,
101289501,Together4MH,949666473,HAMEEN AMMATTIKORKEAKOULU OY,HAME UNIVERSITY OF APPLIED SCIENCE LTD,false,HES,HAMEENLINNA,FI,FI1C2,"60.9770589,24.478227950678242",https://www.hamk.fi,2026-06-11 20:30:16,2537489,4,participant,501125,501125,0,false,
101274933,LYCORNE,888913045,OBIZCO,,false,PRC,Capellen,LU,LU000,,,2026-06-11 20:40:03,1997227,19,associatedPartner,,0,0,false,
101289562,SPIDR,875564875,EVROPEYSKI INSTITUT PO ZDRAVEOPAZVANE,EUROPEAN HEALTH INSTITUTE ASSOCIATION,false,REC,SOFIA,BG,BG411,,,2026-06-12 12:44:30,1997246,8,participant,592937,592937,"592937,5",false,
101249114,TIMERA,914265547,RESEAU AFRICAIN DE RECHERCHE EN SANTE,IRESSEF,false,OTH,Dakar,SN,SN,"14.74054385,-17.333929041537314",,2026-06-12 13:45:11,1971774,4,participant,200511.25,200511.25,0,false,
101248831,WANETAM-4,914265547,RESEAU AFRICAIN DE RECHERCHE EN SANTE,IRESSEF,false,OTH,Dakar,SN,SN,"14.74054385,-17.333929041537314",,2026-06-15 16:26:03,1971774,2,participant,663084.51,663084.51,0,false,
101248831,WANETAM-4,954303946,UNIVERSITE DES SCIENCES DES TECHNIQUES ET DES TECHNOLOGIES DE BAMAKO,USTTB,false,HES,Bamako,ML,ML,"12.649319,-8.000337",,2026-06-15 16:26:03,1956528,5,participant,853328.34,853328.34,0,false,
101313640,ASCENT,999588784,POLITECHNIKA GDANSKA,GDANSK UNIVERSITY OF TECHNOLOGY,false,HES,GDANSK,PL,PL633,"54.3482259,18.6542888",http://www.pg.gda.pl,2026-06-15 15:11:04,1909285,8,associatedPartner,,0,0,false,
101249031,IDM-Africa,954303946,UNIVERSITE DES SCIENCES DES TECHNIQUES ET DES TECHNOLOGIES DE BAMAKO,USTTB,false,HES,Bamako,ML,ML,"12.649319,-8.000337",,2026-06-17 15:02:31,1956528,3,participant,301813.77,301813.77,0,false,
101310669,MultiLAwa,888579171,Ministère de la Culture-Délégation générale à la langue française et aux langues de France,,false,PUB,Paris,FR,FR101,,,2026-06-23 10:58:03,1997585,21,associatedPartner,,0,0,false,
101312573,SIROCCO,870373532,LIMITED LIABILITY COMPANY SIROCCO ENERGY,SIROCCO ENERGY,true,PRC,LVIV,UA,UA,,,2026-06-22 19:36:53,1997574,1,coordinator,498452.5,498452.5,0,false,
101248917,WANECAM 3,954303946,UNIVERSITE DES SCIENCES DES TECHNIQUES ET DES TECHNOLOGIES DE BAMAKO,USTTB,false,HES,Bamako,ML,ML,"12.649319,-8.000337",,2026-06-29 10:39:09,1956528,2,participant,2914996.25,2914996.25,"2914996,25",false,
101298664,RegulAIze,950828727,GFT ITALIA SRL,GFT,false,PRC,MILANO,IT,ITC4C,"45.4667971,9.1904984",,2026-06-29 10:39:44,2385054,1,coordinator,554050,554050,791500,false,
